date,open,high,low,close,volume,log_return,volatility_7,RSI_14,MA_7,MA_21
2017-11-26,1.85,1.91,1.76,1.8388,193666.26,-0.016825245916559418,0.0512969922357441,65.66936208445642,1.6930285714285713,1.6770285714285713
2017-11-27,1.8388,1.9532,1.74,1.9532,480695.73,0.06035586825543235,0.05357586793084817,63.167534220165805,1.7377714285714287,1.6952285714285715
2017-11-28,1.945,1.9532,1.801,1.9249,359515.94,-0.014595034866915471,0.050707087341839575,67.0864045864046,1.785985714285714,1.7011761904761904
2017-11-29,1.9248,2.0486,1.55,1.7565,935739.25,-0.09155082561470806,0.06807772407479588,59.179987356633255,1.8060857142857143,1.6901095238095238
2017-11-30,1.7641,2.038,1.71,1.95,748118.06,0.1045061798519108,0.0732419538300152,65.07225098524071,1.8603714285714283,1.688204761904762
2017-12-01,1.95,2.1385,1.8801,2.0527,321456.28,0.051326627165340845,0.0683160945055519,70.45488441461596,1.9065857142857143,1.7043666666666666
2017-12-02,2.0526,2.1199,1.975,2.0797,241150.68,0.013067652800741947,0.06407472676325546,67.04375311928132,1.9365428571428571,1.7245904761904758
2017-12-03,2.0797,2.4,2.0438,2.2617,346006.6,0.08389309036189052,0.06693365103633855,75.17309594460929,1.9969571428571429,1.7613380952380955
2017-12-04,2.2617,2.5898,2.2617,2.55,384958.49,0.11997661626670598,0.07483117963663903,79.11813643926789,2.0822142857142856,1.8027666666666666
2017-12-05,2.5305,2.75,2.5,2.612,428655.47,0.024022852243849938,0.07165591218285924,82.58905852417303,2.1803714285714286,1.8513809523809523
2017-12-06,2.6,2.8,2.3272,2.5134,379335.63,-0.03847979321527759,0.0560888631932739,77.32919254658384,2.2885,1.8971047619047618
2017-12-07,2.5393,2.84,2.4001,2.6625,533510.45,0.05762911283663642,0.05125176930953479,81.29475794901172,2.390285714285714,1.949609523809524
2017-12-08,2.6489,2.8,2.206,2.79,649804.35,0.0467760647977307,0.051179422201493706,80.9487688178317,2.4956142857142853,2.010842857142857
2017-12-09,2.789,2.81,2.1777,2.65,477826.16,-0.05148195583514345,0.06226315746387451,72.76707530647984,2.5770857142857144,2.057514285714286
2017-12-10,2.65,2.6648,2.1315,2.4619,562267.17,-0.07362623044501775,0.0695279482890648,66.6613187871009,2.605685714285714,2.0985571428571426
2017-12-11,2.4616,2.78,2.4505,2.687,381605.55,0.08749192008024108,0.061781500568857305,68.52468948803391,2.625257142857143,2.148414285714286
2017-12-12,2.687,2.7397,2.4545,2.5547,541865.92,-0.05049052970132751,0.06480080344905438,65.10601554255013,2.6170714285714283,2.1944761904761902
2017-12-13,2.5547,2.74,2.265,2.719,702146.43,0.06232936571830697,0.06681593998614548,73.13145878394616,2.6464428571428575,2.2470095238095236
2017-12-14,2.7194,3.1521,2.6981,3.1519,998488.09,0.1477412799536975,0.08377368820854,75.90413379887065,2.7163571428571425,2.322338095238095
2017-12-15,3.1518,4.399,2.99,4.12,919574.18,0.2678477177574039,0.1251816007887691,82.45063259347629,2.906357142857143,2.436185714285714
2017-12-16,4.16,4.7201,3.8172,4.6378,775606.79,0.11838695250676315,0.11715116077030291,84.79366720165393,3.190328571428572,2.5679857142857143
2017-12-17,4.63,6.7,4.596,5.999,1555662.04,0.2573526728027578,0.11148987866902879,88.48680823018145,3.6956285714285717,2.7660904761904765
2017-12-18,5.999,6.1,4.75,6.0,1430171.07,0.00016668055709891268,0.12114576419009113,87.76269702276707,4.168914285714286,2.958795238095238
2017-12-19,5.98,6.463,5.2725,5.6999,1784870.53,-0.05131083840109489,0.12133251149379541,82.1247997336718,4.618228571428572,3.138557142857143
2017-12-20,5.69,5.7,4.68,5.1502,1397302.05,-0.10141308195391628,0.1463120851356937,75.07798828273606,4.965542857142857,3.3001619047619046
2017-12-21,5.1819,5.6899,4.42,5.1596,996548.76,0.0018235082358001506,0.1473139323652294,74.39765510503176,5.252357142857143,3.4529999999999994
2017-12-22,5.1596,5.1996,3.25,4.2912,1599471.66,-0.18429264300362172,0.14542673971250739,62.81237197869726,5.276814285714287,3.5595952380952385
2017-12-23,4.2912,4.998,4.17,4.4,964500.62,0.025038126818993155,0.13744457446679012,65.01578802855573,5.242842857142857,3.670085714285715
2017-12-24,4.4,5.2,3.8,5.181,1047106.95,0.16339354690843574,0.1088874836874522,71.17646142583449,5.125985714285714,3.8091
2017-12-25,5.1899,6.88,5.029,6.4631,1480881.6,0.22111099101910714,0.14277561251262808,75.25110002541092,5.192142857142857,3.9954380952380952
2017-12-26,6.4631,10.793,6.35,9.254,3081660.72,0.35894681163304937,0.18963112818598923,83.0480381226753,5.699871428571429,4.3117238095238095
2017-12-27,9.2861,11.3,8.2605,10.0731,2851073.22,0.0848126139554968,0.1741308912815856,84.0767341643112,6.403142857142858,4.671709523809524
2017-12-28,10.07,10.25,7.8,9.25,2593236.47,-0.08524495291597076,0.18475114108676985,77.27065389465776,6.987485714285714,4.9854
2017-12-29,9.28,9.802,8.39,8.7094,1401565.33,-0.06022064937023816,0.1589379231263598,71.33969423055463,7.618657142857144,5.267276190476191
2017-12-30,8.6808,8.7094,6.9301,7.5947,1648305.01,-0.13695226655732826,0.18198382362127766,63.025876423996266,8.075042857142858,5.502738095238095
2017-12-31,7.5783,8.798,7.5175,8.53,1289214.15,0.11613872590682027,0.17914151593938138,61.584372311015905,8.553471428571429,5.791695238095238
2018-01-01,8.5478,8.7,7.8,8.45,654338.84,-0.00942292013450526,0.16782787603250474,61.13312490911734,8.837314285714285,6.066123809523809
2018-01-02,8.45,9.1133,8.0922,8.715,1262633.42,0.030879237602901854,0.09206736032179781,63.744860094273385,8.760314285714285,6.359471428571429
2018-01-03,8.7151,9.4697,8.2653,9.304,947392.65,0.06539873624437903,0.08902761706209923,68.86821592746698,8.650442857142858,6.673042857142858
2018-01-04,9.304,9.6511,8.5595,9.143,964494.94,-0.01745585603407373,0.08314178143927649,67.84837351017117,8.635157142857143,6.958333333333333
2018-01-05,9.135,16.8172,8.9651,14.8908,2764977.04,0.4877550134041476,0.197770332661084,83.04444333599362,9.518214285714285,7.47122857142857
2018-01-06,14.8908,23.6,14.6999,22.6,3130487.22,0.4172063336918031,0.20864411797200907,88.49603194747618,11.661828571428572,8.326571428571429
2018-01-07,22.6,22.6599,18.05,18.594,1543764.49,-0.19511095824457395,0.24796211175413094,74.96482254930427,13.099542857142856,8.926333333333334
2018-01-08,18.5375,19.2999,14.0018,17.9971,2112065.22,-0.03262831422840193,0.24999221786951326,72.02944389692344,14.463414285714284,9.497623809523809
2018-01-09,18.04,20.6114,16.435,17.399,1309277.95,-0.033797900500685145,0.2544729562882084,66.97879578750761,15.703985714285713,10.05472380952381
2018-01-10,17.3992,17.5554,14.6004,17.5,1172651.15,0.005788147624889238,0.25676281985645044,65.95967800856982,16.87484285714286,10.642809523809523
2018-01-11,17.5,23.1079,13.66,21.2024,3542366.83,0.1919135018881775,0.25430794491692255,72.85615940643285,18.597614285714286,11.40675238095238
2018-01-12,21.1022,25.18,19.1,22.1999,2902338.37,0.04597340154593815,0.19601526611821596,75.35436533741293,19.641771428571428,12.25954761904762
2018-01-13,22.1999,23.4998,21.04,22.0246,1080455.71,-0.007927773886733672,0.1149063909902272,78.11256794404723,19.559571428571427,13.098814285714287
2018-01-14,22.0252,22.1,18.21,20.4541,1384083.33,-0.07397665908571768,0.08700718209369573,72.66965022414703,19.825300000000002,13.826104761904762
2018-01-15,20.4546,23.231,19.0113,19.3396,2288556.77,-0.056028544103138476,0.08949424244784587,69.91936841026993,20.017085714285713,14.43927142857143
2018-01-16,19.4376,19.4475,9.89,13.1996,9933431.45,-0.381968281185118,0.17447639702161583,56.75204461414307,19.41717142857143,14.627157142857143
2018-01-17,13.0262,15.7,9.4001,14.1998,9971697.17,0.07304135389810908,0.17917180571500968,57.28099606191479,18.945714285714285,14.823666666666668
2018-01-18,14.1191,15.9,13.0203,14.1397,6699252.37,-0.00424143616498465,0.15198354873717404,57.453422634585834,17.936757142857143,15.056509523809522
2018-01-19,14.0405,15.4799,13.501,14.9447,3004070.17,0.055370278095211355,0.15309114412036107,50.09430760024775,16.9003,15.35342857142857
2018-01-20,14.9447,16.68,14.8249,16.1712,2617140.33,0.07887516040704902,0.16099580798085278,35.45125373404544,16.0641,15.761833333333332
2018-01-21,16.1602,16.26,13.0339,14.1334,3318363.34,-0.13469109179845143,0.16446958629515882,38.91820449373441,15.161142857142858,16.028661904761904
2018-01-22,14.1334,14.4978,11.6101,12.91,2873190.83,-0.09053858568125837,0.16509829995507716,37.743286286339334,14.24262857142857,16.241042857142855
2018-01-23,12.9149,13.9,11.637,13.1022,2335831.96,0.014777950179688621,0.082854958583189,39.44088389100774,14.228714285714286,16.44995714285714
2018-01-24,13.1494,14.3,12.6,13.8,1947186.76,0.05188843712491923,0.08003994090795441,41.16658390312846,14.1716,16.66405238095238
2018-01-25,13.7998,14.1516,13.01,13.1905,1427643.05,-0.04517171864672101,0.08153479583456781,27.55808025635423,14.036,16.856790476190476
2018-01-26,13.1905,13.5989,12.01,13.1344,1788845.56,-0.004262130904573365,0.07653744250510798,23.19311132007404,13.777385714285714,16.773152380952382
2018-01-27,13.169,13.551,12.85,13.3994,992878.39,0.019975187223117787,0.06665465645990265,24.629675385031703,13.381414285714285,16.335028571428573
2018-01-28,13.3991,14.0235,13.3,13.7739,1377401.9,0.027565567205993454,0.04870098557716159,28.863604723273383,13.330057142857143,16.1055
2018-01-29,13.7739,13.87,12.739,12.815,857953.21,-0.07215913722494127,0.043450094689232194,29.15063590464625,13.316485714285715,15.858733333333332
2018-01-30,12.8295,12.98,11.11,11.4749,1322539.56,-0.11045431850434782,0.058884798319011014,42.04994883425062,13.084014285714286,15.576633333333332
2018-01-31,11.46,11.5483,10.553,11.3131,947115.48,-0.014200695018109673,0.050308420486699194,35.57904622978009,12.728742857142857,15.282019047619047
2018-02-01,11.3131,11.45,8.63,9.5138,2169016.01,-0.17321797015674714,0.07476374692318337,30.311800406881233,12.2035,14.725419047619049
2018-02-02,9.5138,10.749,7.3,9.7484,4023356.31,0.02435979284252437,0.07817501716285458,26.755535674345793,11.719785714285715,14.132490476190478
2018-02-03,9.7485,10.354,8.5818,9.7252,2348921.72,-0.0023827141336132097,0.0756073212512793,17.68663150929399,11.1949,13.546804761904761
2018-02-04,9.7497,9.7527,8.012,8.3511,2015678.77,-0.15232718813252508,0.07707892129241016,18.947424950324915,10.420214285714286,12.970471428571429
2018-02-05,8.4003,8.6005,6.0801,6.7315,3127797.46,-0.21559526527606368,0.094406626032618,18.174044731989255,9.551142857142858,12.370085714285713
2018-02-06,6.7216,8.6,5.5233,8.263,6158895.87,0.20498971628189486,0.1455487511976728,28.095238095238102,9.0923,12.135009523809524
2018-02-07,8.2502,9.236,7.28,8.0647,4409292.58,-0.024291204601863185,0.14522039983864035,22.809462854975592,8.628242857142856,11.842861904761904
2018-02-08,8.0979,8.3887,8.0012,8.2791,91986.49,0.026237753720009686,0.13590605147924747,25.80924798549954,8.451857142857143,11.563785714285714
2018-02-09,8.2791,10.0,8.279,9.86,2406640.35,0.1747519017773501,0.15465528921600566,35.97831486271218,8.4678,11.321657142857143
2018-02-10,9.86,10.4444,8.767,9.2448,3349144.7,-0.06442493732476502,0.15668776493490474,32.727166899487784,8.39917142857143,10.99182857142857
2018-02-11,9.2501,9.5,8.02,8.674,3021732.48,-0.06373118587660455,0.1462449135450635,29.13758825791355,8.4453,10.731857142857143
2018-02-12,8.6739,9.4348,8.659,9.3389,1912462.38,0.07385842687251828,0.10969102270835662,35.42967800347063,8.817785714285714,10.561804761904762
2018-02-13,9.339,9.36,8.7306,9.016,1365850.96,-0.03518769554821757,0.08721200129481034,38.73252989964717,8.925357142857143,10.36722380952381
2018-02-14,9.0001,10.65,8.953,10.4096,2568177.67,0.1437276805594201,0.09788052121908099,46.279841558719625,9.260342857142858,10.205776190476191
2018-02-15,10.4063,11.29,9.9784,10.8661,4236021.22,0.04291939380867861,0.09779314670280205,56.260358316744586,9.629914285714284,10.095090476190475
2018-02-16,10.8784,11.25,10.3,11.25,1968986.94,0.034720277544855356,0.07759510603403796,56.856746241940485,9.828485714285714,10.005357142857141
2018-02-17,11.2054,11.8461,10.85,11.66,2278513.2,0.035796052271917234,0.06836850186683663,58.53342271933384,10.173514285714287,9.922528571428572
2018-02-18,11.6827,11.6827,10.5819,10.6631,2183910.15,-0.08937499770651466,0.07480905419707959,60.54802270197273,10.457671428571429,9.774395238095238
2018-02-19,10.6631,11.1899,10.5398,11.0601,1336755.03,0.036554854428802186,0.0724122908207372,72.22804206720895,10.703557142857141,9.690828571428572
2018-02-20,11.0699,11.2,9.68,9.8888,2357501.48,-0.1119412340531576,0.08719884319196622,58.669453746560585,10.828242857142856,9.6153
2018-02-21,9.8888,10.2252,9.045,9.3799,2277445.93,-0.05283370161098196,0.06760847492029298,56.78833925179618,10.681142857142857,9.523242857142858
2018-02-22,9.395,9.8129,8.6203,8.86,1792778.94,-0.0570223373635048,0.06381451412614855,52.90662183393878,10.394557142857142,9.492109523809523
2018-02-23,8.8474,9.7301,8.6,9.693,1621549.49,0.08985721089348127,0.07536971607871733,49.096789546555904,10.172128571428571,9.489471428571429
2018-02-24,9.7,9.8379,8.6902,9.0873,1356848.25,-0.06452614114611302,0.07217825938113331,49.14729353675572,9.804599999999999,9.459095238095237
2018-02-25,9.1161,9.47,8.9,9.35,888973.06,0.028498508936237732,0.07128943670626806,53.786181557487225,9.617014285714287,9.506661904761906
2018-02-26,9.3677,10.0999,9.09,9.9199,1266163.05,0.059166497300214616,0.07464746864705527,53.289101243178365,9.454128571428571,9.658490476190476
2018-02-27,9.9199,11.1111,9.7713,10.56,2377225.58,0.06253043767730534,0.0656857365982962,58.437711762519946,9.550014285714285,9.767871428571429
2018-02-28,10.56,11.1743,10.3295,10.4536,1610363.07,-0.010126861585316149,0.06074123759699616,50.27981989773855,9.7034,9.881628571428573
2018-03-01,10.4641,10.68,10.3245,10.4768,1224834.48,0.002216872061824741,0.052527278583398666,47.3798274307098,9.934371428571428,9.986280952380953
2018-03-02,10.4715,10.585,10.1136,10.2348,710198.47,-0.023369610623697114,0.04585760353340934,43.03417044051049,10.01177142857143,10.004128571428572
2018-03-03,10.2347,10.4694,10.1171,10.2399,636280.81,0.0004981758077506267,0.03376301878446505,39.682655003559965,10.176428571428572,10.051514285714285
2018-03-04,10.2399,10.4239,9.8501,10.4139,591499.65,0.01684959829769637,0.033390238592779835,47.943622920517555,10.328414285714286,10.134366666666667
2018-03-05,10.4139,10.4533,10.0847,10.0847,467389.77,-0.03212202842188585,0.03120059159143805,41.859999332376404,10.351957142857144,10.169880952380952
2018-03-06,10.084,10.134,9.1025,9.3899,939994.7,-0.07138478027828742,0.02914078873362268,45.47679921666759,10.1848,10.187685714285715
2018-03-07,9.3899,10.2114,8.11,9.0405,2930631.06,-0.037920160927129444,0.029965459903379444,46.83123576203459,9.982928571428571,10.122490476190475
2018-03-08,9.0446,9.1921,8.0211,8.2703,1878677.62,-0.08904369853613434,0.03727110430000399,44.74017517883584,9.667714285714286,9.998880952380953
2018-03-09,8.2703,8.3421,7.06,8.2807,1949612.67,0.001256721813638878,0.039512865124145674,35.23656206226087,9.388557142857142,9.857485714285716
2018-03-10,8.2951,8.3498,7.5553,7.65,2213393.39,-0.07922185804813148,0.040640390148922984,35.05334747613401,9.018571428571429,9.666533333333334
2018-03-11,7.65,8.423,7.2,8.268,2660649.85,0.07768699398107738,0.058024206290599754,39.522407715846164,8.712014285714286,9.552480952380952
2018-03-12,8.2679,8.4988,7.66,8.034,2529859.67,-0.028710105882431367,0.05804678508496215,30.46711548420508,8.419057142857143,9.408380952380954
2018-03-13,8.0204,11.0,7.8055,10.2188,7227864.56,0.24054662511482655,0.11499586960002077,47.322745676532435,8.537471428571427,9.424095238095239
2018-03-14,10.1999,10.6753,8.5,8.9243,5154134.62,-0.1354512678346643,0.12731314314883518,39.88598336044866,8.520871428571429,9.4024
2018-03-15,8.915,9.4486,8.3,9.1047,4274358.77,0.020012870490330705,0.12139988797244308,41.1104632329122,8.640071428571428,9.41405238095238
2018-03-16,9.1074,9.38,8.55,9.0645,4046429.23,-0.004425078219997615,0.12151613429191072,42.21429806937478,8.752042857142857,9.384123809523809
2018-03-17,9.1043,9.471,8.6245,8.9231,3951199.27,-0.015722265639205698,0.11572329601501082,41.39571353894406,8.933914285714286,9.376304761904763
2018-03-18,8.9256,8.98,7.8,8.9648,3959581.29,0.004662377980502879,0.11312805555805795,40.364642206471004,9.033457142857143,9.357961904761904
2018-03-19,8.9664,9.4,8.45,9.035,3907835.7,0.007800126215308788,0.11179582594514287,42.77135813351329,9.176457142857142,9.31582380952381
2018-03-20,9.035,9.2888,8.6001,9.1618,3926209.35,0.013936741887182108,0.05414185955337772,48.295904492955,9.025457142857142,9.249242857142857
2018-03-21,9.1865,10.3383,9.01,9.9777,4959307.31,0.08530993690995592,0.032770584472334226,56.545424069728476,9.175942857142857,9.226580952380951
2018-03-22,9.9729,10.94,9.47,10.0806,4709042.44,0.010260181839944829,0.03277584657112493,63.94275943868514,9.315357142857142,9.207714285714285
2018-03-23,10.0614,11.98,9.5,11.7397,5510835.71,0.15236347572948347,0.05995482096703522,71.24536274967448,9.697528571428572,9.27937619047619
2018-03-24,11.7158,14.9444,11.5314,13.2398,8441747.33,0.12025118424382987,0.0620382685196101,81.01997780244174,10.3142,9.422228571428573
2018-03-25,13.2398,14.26,12.4771,12.95,6175307.17,-0.02213165650904136,0.06643130120895295,76.96445437582068,10.883514285714286,9.542995238095237
2018-03-26,12.95,13.04,10.8189,12.05,5486492.23,-0.0720311282088826,0.08071019296105397,71.48099017950747,11.31422857142857,9.636580952380953
2018-03-27,12.01,12.23,10.83,11.5404,4077306.58,-0.043210737412364655,0.08659575256105671,58.6124651356776,11.654028571428572,9.738985714285715
2018-03-28,11.5404,12.235,11.31,11.6888,3219334.4,0.012777195851438319,0.0835764079644103,71.17903930131004,11.898471428571428,9.865095238095238
2018-03-29,11.687,11.7494,10.11,10.1877,3602154.55,-0.1374500080996194,0.10348932581328227,56.90055051483331,11.913771428571428,9.956399999999999
2018-03-30,10.1877,10.8769,9.6305,10.3955,3795257.43,0.02019190992518788,0.08099053976397638,58.30338873084792,11.721742857142857,10.057104761904762
2018-03-31,10.4,11.4836,10.25,11.051,4177534.21,0.06114790140533916,0.06593307693085215,62.47464503042596,11.409057142857142,10.219057142857142
2018-04-01,11.0599,11.3106,10.3002,11.0767,4095797.21,0.0023228814161397287,0.06680291377571465,62.40411610614479,11.141442857142858,10.35280476190476
2018-04-02,11.0956,12.68,10.9815,12.5996,4507155.16,0.12882126439898559,0.08305204331565123,67.88452275828851,11.219957142857144,10.570214285714286
2018-04-03,12.5996,13.9701,12.2114,13.305,5149823.24,0.0544748370078821,0.08152522772420025,69.6468200527304,11.472042857142856,10.71717619047619
2018-04-04,13.2788,13.4889,12.0,12.21,5112820.69,-0.08588461630703914,0.09102326263125442,60.312474014394866,11.5465,10.873638095238094
2018-04-05,12.2098,12.65,12.093,12.4888,4295442.59,0.022576954537706296,0.06541618151963834,60.94715979343952,11.875228571428574,11.034785714285714
2018-04-06,12.4888,12.7001,12.0115,12.2599,3151837.66,-0.018498468792371235,0.06788167578560092,52.7181523670185,12.141571428571428,11.18694761904762
2018-04-07,12.26,12.6487,12.22,12.5,3256833.91,0.019394870440306928,0.06583245210419812,45.548200746178836,12.34857142857143,11.35727619047619
2018-04-08,12.5,12.5216,12.11,12.1311,3085224.78,-0.029956241209949136,0.06817000638971064,45.11868003481122,12.4992,11.508052380952382
2018-04-09,12.1244,12.55,11.51,11.8888,3011093.55,-0.020175622636083697,0.045450480080851216,48.95736313774189,12.397657142857142,11.64394761904762
2018-04-10,11.8832,12.441,11.77,12.0904,3449392.51,0.016814968811551336,0.03847572867805573,53.7050010778185,12.224142857142857,11.783404761904762
2018-04-11,12.1121,12.33,11.77,12.33,3394146.16,0.01962356790247904,0.02304585578966533,54.26692930153321,12.241285714285713,11.895419047619047
2018-04-12,12.33,13.034,11.85,13.0087,4889173.13,0.05358304721946255,0.02978845711858079,71.07992587278815,12.315557142857143,12.034852380952382
2018-04-13,13.0087,13.82,12.6961,13.52,5339975.42,0.03855170621910251,0.029828335503222066,72.33476775272707,12.495571428571427,12.119628571428573
2018-04-14,13.52,13.88,12.9174,13.2888,3521128.98,-0.01724849542008797,0.03186483973949107,67.02940460245952,12.608257142857141,12.121961904761905
2018-04-15,13.2865,13.62,12.9,13.0989,3854973.61,-0.014393317978905994,0.029141325852458416,65.01351230956553,12.746514285714285,12.129052380952382
2018-04-16,13.0985,13.0997,12.011,12.2342,2709514.47,-0.06829294864612709,0.04098097761209117,46.99328549799222,12.795857142857143,12.137823809523809
2018-04-17,12.2342,12.4848,11.6658,11.777,2444511.0,-0.038086831710285755,0.04332654331139753,36.891321505782216,12.751085714285713,12.149090476190477
2018-04-18,11.777,12.45,11.511,12.2999,2739464.35,0.04344265540461019,0.046301547233454,50.855196818934175,12.746785714285712,12.178190476190476
2018-04-19,12.2999,12.44,12.02,12.361,2401088.65,0.004955222641664433,0.04009289821395373,48.73174023499525,12.654257142857142,12.281680952380952
2018-04-20,12.3502,12.7241,11.85,12.5858,2737433.33,0.01802283940062233,0.03679553736559661,53.23679558230539,12.5208,12.385980952380951
2018-04-21,12.574,13.74,12.38,13.3302,4556037.09,0.05746294352269144,0.044457751699000195,57.494673744267494,12.526714285714288,12.494514285714285
2018-04-22,13.3689,13.3987,12.8,12.8888,2564431.16,-0.03367342063436011,0.04609720422683945,56.75179554810999,12.4967,12.580804761904764
2018-04-23,12.8887,13.8644,12.82,13.645,4448320.55,0.05701443696566192,0.04015013875761467,64.33632653061224,12.698242857142857,12.630585714285715
2018-04-24,13.6449,15.6805,13.6096,15.0895,4773630.91,0.10062598354431887,0.04334562232392456,70.35247492501256,13.171457142857141,12.715561904761907
2018-04-25,15.0786,15.9,12.91,13.3999,5198344.23,-0.11875189346216805,0.07212879035894904,56.06663718118827,13.328599999999998,12.77222380952381
2018-04-26,13.3999,14.75,13.1855,14.63,4222900.08,0.0878269707895804,0.07734679304924465,58.6521938672046,13.652742857142858,12.874185714285716
2018-04-27,14.6299,14.7854,14.1075,14.2396,2886054.25,-0.027047399330372063,0.07977246473290257,53.89040266424462,13.889,12.968457142857144
2018-04-28,14.2493,15.4,14.1628,15.2011,3784189.33,0.06534097795315466,0.08048040901541123,59.58190946716507,14.156271428571428,13.097080952380953
2018-04-29,15.1672,15.436,14.5001,15.0489,2829207.93,-0.010062894832109835,0.07838402341744194,59.80786641182979,14.464857142857143,13.23602380952381
2018-04-30,15.0489,15.15,14.04,14.3291,2063155.39,-0.049012464258519774,0.08072979150870073,60.692520492849205,14.562585714285715,13.35222857142857
2018-05-01,14.3271,14.3288,13.5,14.1711,1987546.78,-0.01108775508133058,0.06937784197642632,62.604639408649135,14.431385714285714,13.451309523809524
2018-05-02,14.1421,14.44,13.9001,14.439,2097270.4,0.018728199506226628,0.04982452564559845,61.57283675434705,14.579828571428573,13.551738095238095
2018-05-03,14.4389,14.8599,14.1799,14.6999,2502529.16,0.01790781205138158,0.037183366810308614,62.38601099378289,14.589814285714285,13.632271428571428
2018-05-04,14.6493,14.7499,14.25,14.3622,1875629.56,-0.023240935812200686,0.03673541020347626,59.296045883658124,14.607328571428571,13.67237619047619
2018-05-05,14.3621,14.57,14.21,14.4468,1877245.04,0.005873181518581134,0.024160751377721435,56.2767009938391,14.499571428571429,13.727519047619047
2018-05-06,14.444,14.9384,13.5495,14.012,2099311.5,-0.030558831411603517,0.025745486631045686,56.31848968295043,14.351442857142857,13.770999999999999
2018-05-07,13.9993,14.0764,12.915,13.71,1651401.64,-0.021788611761017377,0.020408007185165083,50.38534503201329,14.263000000000002,13.841276190476192
2018-05-08,13.7191,13.9733,13.0001,13.4981,1439759.01,-0.01557655877548738,0.02065223214315067,38.95075957452719,14.166857142857143,13.923233333333334
2018-05-09,13.5,14.8,13.02,14.6417,2600990.7,0.08132468721157834,0.0390138465385374,59.32926646031793,14.195814285714286,14.034747619047618
2018-05-10,14.6266,15.05,13.7323,13.7957,1653996.3,-0.05951667260561393,0.04435848023173522,43.34826909891091,14.066642857142856,14.103066666666667
2018-05-11,13.7737,14.13,12.5211,12.9884,1567764.99,-0.060300297978960936,0.04836259472489145,40.646212732872826,13.870385714285714,14.122238095238096
2018-05-12,12.9603,13.27,12.1242,12.9319,1272138.32,-0.004359524348404647,0.04780035812081445,30.381103887121327,13.653971428571428,14.103271428571428
2018-05-13,12.9319,13.5794,12.6186,13.1515,1879918.95,0.01683869348219381,0.048713713456302675,33.78456910402352,13.53104285714286,14.115780952380952
2018-05-14,13.1624,13.2,12.2,12.8388,1543293.66,-0.024063984609104087,0.04882032495278413,36.31119684026821,13.406585714285715,14.077390476190477
2018-05-15,12.8448,13.33,12.4638,12.5389,1284872.56,-0.023636023891457837,0.04908515894096768,35.38869194686147,13.269557142857142,13.955933333333332
2018-05-16,12.5312,12.9199,11.88,12.2901,1075287.4,-0.020041751817624406,0.027812878039276862,30.697231554174223,12.933614285714286,13.903085714285716
2018-05-17,12.28,12.9496,12.1818,12.3777,1714166.53,0.007102406233402385,0.0253245623985142,28.47023919896162,12.731042857142857,13.795833333333333
2018-05-18,12.3679,16.276,12.0001,15.1363,5632069.63,0.20119936593434165,0.08065123374635043,54.95335235925723,13.037885714285716,13.838533333333332
2018-05-19,15.0885,15.6666,13.95,14.33,3387951.86,-0.054740590569005654,0.08548448664808829,49.315806738835,13.237614285714287,13.79705238095238
2018-05-20,14.335,14.3995,13.682,14.1666,2411178.47,-0.011468160471244585,0.08603231833251439,50.93535974443987,13.38262857142857,13.755038095238096
2018-05-21,14.1664,14.8005,13.7,14.6996,2546234.23,0.03693320116127809,0.08501671004428679,55.82446558056314,13.648457142857144,13.772680952380952
2018-05-22,14.6728,14.85,13.6911,13.888,2361029.44,-0.05679512461211972,0.08865597405652632,52.14350899954919,13.841185714285716,13.7592
2018-05-23,13.8544,13.9299,12.235,12.4998,2215424.73,-0.10531251373774028,0.09941433653555314,38.53311205096632,13.871142857142857,13.666857142857143
2018-05-24,12.4997,13.1947,12.1,13.0288,1576180.03,0.041449647550475636,0.10052555827196366,45.75006927126628,13.964157142857145,13.587280952380953
2018-05-25,13.0255,13.3789,12.5627,13.0129,1316638.08,-0.0012211185887056207,0.0536409776144001,50.148825794851234,13.660814285714286,13.523028571428572
2018-05-26,13.0129,13.283,12.6411,12.7888,1215820.52,-0.01737138525240657,0.05161351775032179,49.1480824413302,13.440642857142858,13.44407619047619
2018-05-27,12.7561,12.8,12.2856,12.6046,1071651.59,-0.014507961192362119,0.051579306492601465,46.730357633948316,13.217500000000001,13.377057142857144
2018-05-28,12.596,12.75,11.611,11.9179,936828.03,-0.056020355077245614,0.047257744770610614,44.73006535199661,12.820114285714284,13.291719047619049
2018-05-29,11.892,12.7,11.6601,12.6073,1469580.43,0.05623453964963581,0.05520558536544724,50.374720603059124,12.637157142857145,13.249300000000002
2018-05-30,12.5947,12.7927,12.17,12.6199,1299596.87,0.0009989218817574638,0.037683659969640806,51.854767957168235,12.654314285714287,13.15302380952381
2018-05-31,12.608,14.302,12.38,14.2,2725397.09,0.11796703145581185,0.05726114021215297,58.775317583380684,12.82162857142857,13.17227619047619
2018-06-01,14.1919,14.467,13.76,14.2888,2320553.13,0.0062340490009218374,0.057036695132439245,44.50624246431488,13.0039,13.234200000000001
2018-06-02,14.2503,14.882,14.0,14.6732,2358996.4,0.026546687002047258,0.0554870098419715,52.3534574978742,13.2731,13.317119047619046
2018-06-03,14.6785,15.0254,14.2657,14.6995,2237218.88,0.0017907789905887855,0.05414107697562213,53.724333617544694,13.572371428571428,13.390833333333333
2018-06-04,14.666,14.743,13.59,14.2636,1575290.65,-0.03010264205792483,0.048512755545523215,46.91095618658959,13.907471428571428,13.458680952380954
2018-06-05,14.2635,15.711,14.1328,15.6156,2607589.16,0.09055957704572713,0.053586810775329084,61.36937980414868,14.33722857142857,13.605190476190476
2018-06-06,15.6156,17.4767,15.23,17.275,3866321.8,0.10098995506515865,0.057569317785316265,80.342618950793,15.002242857142857,13.842566666666666
2018-06-07,17.2512,17.44,16.11,16.2791,3248655.04,-0.05937829316275859,0.05903606024531944,69.49626306129059,15.299257142857144,14.028347619047619
2018-06-08,16.28,16.6579,15.72,16.2292,2536838.57,-0.0030699876149509133,0.059488042716119745,69.21395032080002,15.576457142857143,14.080390476190477
2018-06-09,16.2292,16.906,15.869,16.0188,2334912.18,-0.013049056408474096,0.06043605686353883,69.3274293920536,15.768685714285713,14.160809523809524
2018-06-10,16.0192,16.1199,13.4,14.18,2579153.65,-0.1219305113635684,0.07926092356006262,57.868659221225506,15.694471428571429,14.16144761904762
2018-06-11,14.18,15.48,13.6712,15.47,2472371.47,0.08707014348099329,0.08525649682483265,66.73324602643703,15.866814285714286,14.198133333333333
2018-06-12,15.47,16.16,14.86,15.2263,3485152.76,-0.015878468755691322,0.07801045613363412,62.878385554965476,15.811200000000001,14.261861904761904
2018-06-13,15.2265,15.85,13.6924,14.5888,3148409.74,-0.042770084792298206,0.06344906716133208,59.12110515051284,15.427457142857142,14.361338095238095
2018-06-14,14.5794,15.2,14.0,14.867,2693075.27,0.018889880594228546,0.06310044332917646,53.51378118678356,15.225728571428572,14.44887142857143
2018-06-15,14.867,15.65,14.602,14.9895,2572848.48,0.008205964356602882,0.06353748996431666,53.678253839935316,15.04862857142857,14.542995238095237
2018-06-16,14.98,15.96,14.82,15.7602,2452263.98,0.050137818716724444,0.06761384367901026,55.48369521349584,15.011685714285713,14.684490476190476
2018-06-17,15.7883,17.2,15.6951,16.5987,3238566.8,0.051836604338301534,0.04424219714090914,58.855400339444586,15.357214285714287,14.874685714285715
2018-06-18,16.6105,17.1998,16.11,16.8111,2847219.22,0.012715003476497122,0.03386416344726707,62.13106791493252,15.5488,15.107695238095237
2018-06-19,16.8092,16.95,16.1288,16.7556,2118005.58,-0.0033068517653273817,0.03245073950149231,56.193363322250484,15.767271428571428,15.305233333333334
2018-06-20,16.7395,16.85,15.6,16.0773,1951387.85,-0.04132419154949058,0.03203351022865801,42.71675808472083,15.979914285714287,15.469871428571428
2018-06-21,16.0768,17.38,15.865,17.0727,3562967.67,0.06007235732590499,0.03656795580936147,54.82619377751831,16.295014285714284,15.606666666666667
2018-06-22,17.0726,17.25,15.16,15.56,3363308.98,-0.09277717778018107,0.056418223541715884,46.54503025421805,16.376514285714286,15.6672
2018-06-23,15.55,16.0488,15.3123,15.6398,2104033.7,0.005115428561370631,0.05291721178781663,48.01653757588445,16.359314285714287,15.713228571428571
2018-06-24,15.6024,15.749,13.3419,14.4174,3864116.26,-0.08138313684349893,0.054635634367128816,51.32809702828501,16.0477,15.69979523809524
2018-06-25,14.4174,15.1532,13.76,14.92,2268298.4,0.03426678430749768,0.057335336688345534,46.62584967240067,15.777542857142858,15.731052380952379
2018-06-26,14.8982,15.0098,13.83,14.0525,1400093.84,-0.05990227888152177,0.05903971099076249,43.31091862320491,15.391385714285715,15.656619047619047
2018-06-27,14.0525,14.3404,13.789,14.0737,1526745.8,0.0015074915214145796,0.05930095812080936,46.84286011988672,15.105157142857141,15.504176190476192
2018-06-28,14.0852,14.9,13.81,14.206,2386068.98,0.009356603160110586,0.05046844430557855,45.87483461893706,14.695628571428571,15.405457142857141
2018-06-29,14.1312,14.7,13.734,14.5399,1801223.29,0.02323218392701224,0.043559548224706514,47.26627103803872,14.5499,15.325014285714287
2018-06-30,14.4847,15.1514,14.256,14.6851,2160868.78,0.009936779794498234,0.04386962247492586,42.924832515103255,14.413514285714285,15.261504761904762
2018-07-01,14.7344,14.7499,14.09,14.37,1213411.44,-0.021690674206195207,0.03151646173151657,34.24791145413678,14.406742857142858,15.270552380952381
2018-07-02,14.3679,14.7502,14.01,14.5968,1895365.94,0.015659626518139288,0.028762728745259314,34.38148038427356,14.36057142857143,15.228971428571429
2018-07-03,14.5968,14.81,14.0146,14.1639,1783569.17,-0.03010585253683787,0.019754565204062345,32.64354884076022,14.376485714285712,15.178380952380952
2018-07-04,14.17,14.2499,13.8502,14.0212,1077456.6,-0.01012600411716589,0.02020161778788205,35.16629391818772,14.368985714285715,15.151352380952382
2018-07-05,14.0212,14.1367,13.412,13.76,1167466.75,-0.018804637449871563,0.020701594227347832,23.268724884205085,14.305271428571428,15.098638095238094
2018-07-06,13.76,13.8143,13.1402,13.4366,957584.87,-0.023783505604544362,0.017573556421629548,28.79568603954462,14.147657142857142,15.024690476190477
2018-07-07,13.4366,14.3006,13.2799,14.16,2509657.78,0.05243876136492054,0.029451352521900266,36.905815311648325,14.072642857142858,14.948490476190479
2018-07-08,14.1546,14.18,13.84,14.01,1788649.64,-0.010649727916658039,0.02870735766792026,45.550653095102874,14.021214285714285,14.825219047619049
2018-07-09,14.0096,14.0497,13.4588,13.5348,1072007.68,-0.034507213897181144,0.029345672073267517,34.780697899270464,13.8695,14.66920476190476
2018-07-10,13.5382,13.6312,12.6171,12.77,1268037.08,-0.0581654764072865,0.033974994095536754,35.583732380117354,13.670371428571428,14.479414285714286
2018-07-11,12.77,12.87,12.1201,12.697,1676723.91,-0.005732924956793557,0.03411599619465978,34.70299339985333,13.4812,14.318447619047621
2018-07-12,12.6899,12.7777,11.802,12.1318,1057562.76,-0.04553564072526213,0.03615600502271334,28.975429776192044,13.2486,14.083166666666667
2018-07-13,12.1256,12.4299,11.904,12.1803,1104432.47,0.003989788157904008,0.0369299750366792,24.61376253388994,13.069128571428573,13.922228571428573
2018-07-14,12.1772,12.2799,11.921,12.0595,700470.95,-0.009967161450537785,0.023187064768849474,21.60285528877354,12.769057142857141,13.751738095238098
2018-07-15,12.0677,12.399,11.93,12.321,978185.21,0.021452392572772722,0.028571973157535537,27.579113231496493,12.527771428571429,13.651909523809522
2018-07-16,12.321,13.4295,12.1525,13.3471,1688449.26,0.07999400914178748,0.04552697512386285,38.36124201389536,12.500957142857143,13.577009523809526
2018-07-17,13.3717,13.9,12.827,13.7398,2440273.66,0.028997597863187584,0.039064708609937784,46.020456038284706,12.6395,13.56211904761905
2018-07-18,13.7398,13.88,12.65,12.8574,2499594.95,-0.06637720957255178,0.04877206282381581,40.41066543620843,12.662414285714286,13.504199999999999
2018-07-19,12.8575,13.3776,12.7161,12.955,1659928.44,0.007562292939118809,0.0440884659646291,43.18328083189378,12.780014285714286,13.444628571428572
2018-07-20,12.955,13.039,11.821,12.0798,1500770.49,-0.06994717793585202,0.05345617373899903,39.492596493401905,12.765657142857142,13.327480952380952
2018-07-21,12.0701,12.4933,11.8087,12.1959,962002.15,0.009565193604529228,0.05343104458094696,33.21023747243166,12.785142857142857,13.208947619047619
2018-07-22,12.1655,12.35,11.9257,12.1885,717131.0,-0.0006069454427559855,0.05271115121166973,34.04012967668449,12.766214285714286,13.105066666666666
2018-07-23,12.1594,12.4,11.9,12.0348,846080.31,-0.01269043133996853,0.038555751230385,36.072423398328695,12.578742857142858,12.983066666666668
2018-07-24,12.0348,12.289,11.6358,12.1469,1470130.39,0.009271540298833552,0.03541534345649057,43.416520507998236,12.351185714285716,12.887019047619049
2018-07-25,12.1469,13.5136,12.1111,13.0048,2387075.91,0.06824452688300221,0.04067640345804603,52.78945842093816,12.372242857142856,12.838619047619048
2018-07-26,13.0448,13.6397,12.9008,13.3283,2048038.7,0.02457107409290298,0.04158774790545646,61.34015733105867,12.42557142857143,12.818061904761905
2018-07-27,13.3435,14.0845,13.0383,13.9919,1868712.12,0.048588996574887744,0.028507797159615572,65.37704138797405,12.698728571428571,12.844504761904762
2018-07-28,13.9902,14.8886,13.72,14.669,2191526.04,0.04725783275597353,0.029531134412200566,70.23840915788985,13.052028571428574,12.868742857142857
2018-07-29,14.6415,14.7512,13.666,13.9569,1627537.9,-0.04976241386829569,0.04073571452329712,61.85864443638999,13.304657142857142,12.866214285714285
2018-07-30,13.9353,13.9724,13.0,13.1666,1214311.9,-0.05829068970232132,0.04943215689277069,48.64524070432473,13.466342857142857,12.84868095238095
2018-07-31,13.2057,14.1,13.001,13.8369,1908469.58,0.04965561672605137,0.05126872436747797,50.69963829204676,13.707771428571428,12.899485714285715
2018-08-01,13.8384,14.1,13.1725,13.6666,1436158.78,-0.012384036685540237,0.04715066424304743,56.49730215827339,13.802314285714287,12.945657142857144
2018-08-02,13.6481,14.1999,13.364,14.15,1220345.44,0.03475972411372678,0.04793100621699904,59.03523363072737,13.919700000000002,13.041761904761906
2018-08-03,14.1302,14.18,13.55,14.1251,1716106.24,-0.001761267435784887,0.04458132225068777,67.74602183004495,13.938728571428571,13.134371428571429
2018-08-04,14.1251,14.47,13.55,13.8663,1675328.62,-0.01849192071165009,0.039987556373782845,64.14298777390187,13.824057142857143,13.220409523809524
2018-08-05,13.8663,13.9499,13.2224,13.64,1181522.98,-0.016454783526495625,0.03597578719984065,61.85033391571284,13.778785714285716,13.283219047619045
2018-08-06,13.6407,13.975,13.4688,13.6998,1401653.22,0.004374581772057491,0.026574113538481936,63.80505439108517,13.854957142857144,13.300014285714289
2018-08-07,13.6988,13.85,13.0735,13.1488,1138776.83,-0.041050734480419966,0.02348766084007196,57.74349620515357,13.756657142857142,13.27187142857143
2018-08-08,13.1486,13.1688,11.95,12.1489,1477830.56,-0.07909186899835866,0.03606541844592877,43.52699166578433,13.539842857142856,13.238133333333332
2018-08-09,12.1489,12.8769,12.0408,12.7654,1392084.49,0.04949975517740953,0.03981413093641303,45.923554886085476,13.342042857142856,13.229104761904761
2018-08-10,12.7698,12.8249,11.6912,12.1472,1321748.93,-0.04963969533264214,0.04130343215065442,36.55250841971744,13.059485714285715,13.232314285714287
2018-08-11,12.1387,12.1666,11.3,11.6972,951206.61,-0.037749193629668776,0.04170511536971568,27.5943182846286,12.749614285714285,13.208566666666668
2018-08-12,11.69,11.8735,11.3503,11.7999,827641.8,0.008741559935744943,0.043542104954282165,32.09185706695003,12.486742857142856,13.190061904761903
2018-08-13,11.7999,11.8899,10.11,10.2576,1263311.0,-0.14007216260858257,0.06057382517159964,28.529463863958412,11.995000000000001,13.105433333333332
2018-08-14,10.293,10.3285,8.5318,9.3999,1778627.02,-0.08731984332935692,0.06301268739443779,18.13324140308538,11.459442857142859,12.974623809523811
2018-08-15,9.3999,10.65,9.3328,9.5049,2056703.08,0.011108404185012149,0.06478026342249595,19.82744870586525,11.081728571428572,12.807961904761907
2018-08-16,9.5048,10.0,9.3549,9.7888,1015018.47,0.02943141986793619,0.06073177109901537,17.439151859041345,10.6565,12.639414285714286
2018-08-17,9.7779,10.88,9.7008,10.88,1343630.43,0.10568736645334931,0.08079997040729274,29.099738513261116,10.475471428571428,12.491228571428573
2018-08-18,10.8766,10.98,9.4518,9.8807,1129707.13,-0.09634288197534821,0.0863074906464913,26.565770596674426,10.215971428571427,12.263214285714284
2018-08-19,9.8807,10.2999,9.6501,10.1388,900659.79,0.02578628851221397,0.08761924275318933,29.49060405829701,9.97867142857143,12.081399999999999
2018-08-20,10.1304,10.2081,9.5505,9.6377,675185.06,-0.05068715702076029,0.07273826696577783,27.374706190332972,9.890114285714287,11.913357142857143
2018-08-21,9.6377,9.8499,9.3526,9.7399,467018.57,0.010548359717384598,0.06403957826998684,30.01371935132093,9.938685714285715,11.718261904761905
2018-08-22,9.7396,10.25,9.1803,9.5888,933905.05,-0.015635099939502836,0.06441634131050056,33.3311629966273,9.950671428571429,11.524080952380952
2018-08-23,9.5105,9.7881,9.3201,9.7587,652574.85,0.017563444110434617,0.06370339445504344,29.214539521893613,9.946371428571428,11.314971428571429
2018-08-24,9.7475,10.2313,9.55,10.2038,782216.94,0.04460100509845961,0.04929729024669045,36.235764065952736,9.84977142857143,11.128242857142856
2018-08-25,10.2037,10.3,9.9115,10.1058,679508.1,-0.009650683480419784,0.03137996983995565,38.13733675234062,9.881928571428572,10.949171428571429
2018-08-26,10.0997,10.2578,9.7298,10.2158,743828.68,0.010826024954437642,0.030068802569183657,38.20458979284873,9.892928571428572,10.786114285714286
2018-08-27,10.2082,11.3135,10.1023,11.1888,1520413.76,0.09097773656276947,0.03642190630853616,57.57615204373862,10.114514285714288,10.666542857142858
2018-08-28,11.169,11.5489,10.76,11.5188,1547932.24,0.029067205207889198,0.0361809773593165,68.85847024688941,10.368642857142857,10.58892380952381
2018-08-29,11.5188,11.5188,10.7,11.1888,1152277.38,-0.029067205207889187,0.038886224034294356,64.40979650516013,10.597214285714285,10.543204761904763
2018-08-30,11.1547,11.1999,10.3501,10.7899,754752.58,-0.036302766580961994,0.0448009247060489,58.40145017539736,10.744528571428573,10.449133333333334
2018-08-31,10.7899,10.9935,10.5548,10.9899,823324.38,0.018366157806555202,0.042905767526308716,51.08453233860304,10.856828571428574,10.394023809523809
2018-09-01,10.9897,11.57,10.9436,11.48,1044220.23,0.0436297216983618,0.04343675068946812,67.54580362040593,11.053142857142857,10.383680952380953
2018-09-02,11.48,11.5043,11.07,11.3684,708884.77,-0.009768814227262486,0.04469967276288476,63.937882566311494,11.2178,10.363133333333334
2018-09-03,11.366,11.48,11.046,11.3294,641282.32,-0.003436459778487187,0.029814775522188582,71.41988908303577,11.237885714285714,10.414171428571429
2018-09-04,11.3299,11.4494,11.2106,11.4217,630068.09,0.008113937909632576,0.027587735753510933,71.34805788271133,11.224014285714286,10.51044761904762
2018-09-05,11.4399,11.5886,9.9,9.9664,1179038.29,-0.13629561927755937,0.058304056277803336,53.60085444003661,11.049385714285714,10.53242380952381
2018-09-06,9.9978,10.382,9.5349,10.2888,861725.78,0.03183648945199595,0.06011230956669656,54.912244935782205,10.9778,10.556233333333333
2018-09-07,10.2699,10.2994,9.63,9.9401,543939.79,-0.03447884398968951,0.05974315180291484,47.51193553865605,10.827828571428572,10.511476190476191
2018-09-08,9.948,10.1497,9.2715,9.5224,591172.18,-0.042930163108517584,0.05446943499696846,44.80868481936287,10.548171428571427,10.494414285714285
2018-09-09,9.511,9.7678,9.1535,9.5399,576769.81,0.0018360853534301778,0.05524206927033943,43.8849181217769,10.286957142857144,10.46589523809524
2018-09-10,9.4999,9.7381,9.25,9.508,410304.23,-0.0033494537270158014,0.055247752478430064,31.67226414271383,10.026757142857141,10.459719047619046
2018-09-11,9.5078,9.6,9.1013,9.3688,776611.24,-0.014748529752156932,0.05361285068143686,25.538160469667332,9.733485714285715,10.442047619047619
2018-09-12,9.3796,9.4822,9.01,9.2081,717494.09,-0.017301488263546362,0.024772836966913115,26.561427590940298,9.625157142857143,10.423919047619048
2018-09-13,9.2081,9.7146,9.1994,9.5911,1020417.71,0.04075205365067065,0.027445571614303433,35.76044091794557,9.525485714285713,10.415938095238095
2018-09-14,9.5911,10.0997,9.4809,9.9268,1066223.53,0.0344025851980775,0.02949141464864879,37.76667970817703,9.523585714285714,10.40274761904762
2018-09-15,9.8842,10.242,9.84,10.0999,1111177.17,0.017287352477107297,0.02301930179506463,32.8690946103622,9.606085714285713,10.402466666666665
2018-09-16,10.0626,10.1381,9.7,9.9399,796456.32,-0.015968562552395784,0.024783007500638318,32.478842143996076,9.663228571428572,10.389328571428571
2018-09-17,9.9281,10.0321,9.2542,9.3626,861322.4,-0.05983393056152928,0.035263647145929215,28.69030077143104,9.642457142857142,10.302366666666668
2018-09-18,9.3626,9.6533,9.22,9.5599,893224.31,0.020854237063380653,0.0357169626961908,30.276706640111883,9.669757142857142,10.209085714285715
2018-09-19,9.531,9.7997,9.231,9.6399,980606.47,0.008333468367111225,0.034598992022225744,45.118851846314854,9.731442857142856,10.13532857142857
2018-09-20,9.6204,10.08,9.5682,10.0388,1120353.35,0.04054685008325313,0.03456525105589519,46.34609763227126,9.7954,10.099561904761904
2018-09-21,10.0126,10.48,9.9091,10.48,1435072.62,0.043011093684976465,0.03585191414064566,57.68322185854562,9.874428571428572,10.075280952380952
2018-09-22,10.4761,10.6,9.985,10.2911,856764.16,-0.01818923485750705,0.03677418797709738,61.70122081164187,9.901742857142859,10.018666666666666
2018-09-23,10.2534,10.4258,10.1025,10.2907,861934.49,-3.886929229232219e-05,0.035910643053961556,61.48855429061085,9.951857142857142,9.967347619047619
2018-09-24,10.3,10.3599,9.9082,10.0588,717884.93,-0.022792701480675404,0.026184544623779372,57.94209251355406,10.051314285714286,9.906842857142857
2018-09-25,10.0295,10.0583,9.3612,9.8745,670520.95,-0.018492196668517306,0.027706799294782074,57.19816665243258,10.096257142857143,9.833166666666667
2018-09-26,9.8498,9.9417,9.5514,9.712,664048.34,-0.016593442276761548,0.02873363241960843,57.16887181675914,10.106557142857142,9.82105238095238
2018-09-27,9.7286,10.1118,9.6364,10.0599,1097707.95,0.035194989947192126,0.027555012836259357,56.73679370006323,10.109571428571428,9.81015238095238
2018-09-28,10.0599,10.28,9.8049,9.9911,1023374.46,-0.006862527555435637,0.020113808691223003,51.00077821011673,10.03972857142857,9.812580952380952
2018-09-29,9.9607,10.0773,9.72,10.0118,1033613.12,0.0020697006323397425,0.01965843206579877,48.56050455867454,9.999828571428571,9.835885714285714
2018-09-30,10.0,10.0761,9.8203,10.0172,1008085.64,0.0005392181467714328,0.01967871021009568,51.330235759765976,9.960757142857144,9.858614285714285
2018-10-01,10.0172,10.0761,9.85,9.9811,948775.1,-0.0036103107975821802,0.01785172050893997,63.0799813898405,9.949657142857143,9.881142857142859
2018-10-02,9.9811,10.69,9.85,10.3711,1656057.34,0.038329787142402184,0.021228757261376453,65.8623386781384,10.0206,9.928871428571428
2018-10-03,10.3,10.49,10.0103,10.3136,1515533.08,-0.005559679193848408,0.019525416409072432,63.29058985993286,10.106542857142857,9.981514285714285
2018-10-04,10.2851,10.4393,10.201,10.2982,1396583.15,-0.0014942899567779771,0.015751804850171382,56.029753602975326,10.140585714285715,10.015185714285716
2018-10-05,10.2735,10.77,10.227,10.6756,1625888.5,0.03599164094197441,0.019096288500915114,54.68570333461092,10.238371428571428,10.050842857142857
2018-10-06,10.6622,10.75,10.3232,10.4289,1222752.32,-0.02337996517811552,0.022802283016365867,53.21212121212121,10.297957142857143,10.066509523809524
2018-10-07,10.4085,10.6,10.2602,10.5852,1287321.5,0.014876000624521992,0.022891457161127185,56.3996696944674,10.3791,10.097238095238096
2018-10-08,10.5852,10.6929,10.4938,10.5911,1241326.98,0.0005572267254113146,0.022595115817623006,62.827124198756565,10.466242857142857,10.155738095238096
2018-10-09,10.5909,10.6297,10.27,10.4113,1061689.04,-0.017122271042815985,0.019949118224194512,62.96367851622875,10.471985714285713,10.19628095238095
2018-10-10,10.4113,10.4351,10.22,10.3614,1024931.25,-0.004804391916637617,0.019912557675027302,66.58494228215338,10.478814285714288,10.230638095238096
2018-10-11,10.3877,10.3991,9.22,9.3599,1016540.93,-0.1016527561647971,0.043606821422697846,36.597227540782725,10.344771428571429,10.198309523809524
2018-10-12,9.3618,9.7497,9.2471,9.5551,1040252.28,0.02064043669047732,0.04100258742930498,42.03740229381256,10.184700000000001,10.154266666666668
2018-10-13,9.5501,9.7299,9.5227,9.681,1060777.94,0.013090158375711881,0.042184961107883404,44.182201899402045,10.077857142857143,10.125214285714286
2018-10-14,9.67,9.8,9.5101,9.5895,963458.08,-0.009496451845180278,0.04070883618507791,42.69912259738484,9.935614285714285,10.09182380952381
2018-10-15,9.5883,11.0,9.5106,10.5655,2340805.31,0.09692522613209066,0.05878032898250176,57.55233910571208,9.931957142857144,10.11595238095238
2018-10-16,10.5509,10.571,10.1061,10.2771,1279998.81,-0.027675856963160078,0.05941427294268658,48.75245527419441,9.912785714285715,10.135123809523808
2018-10-17,10.2643,10.35,10.09,10.2338,1403015.56,-0.004222151570546999,0.059409860503270816,48.93690717254611,9.894557142857142,10.159971428571428
2018-10-18,10.2338,10.2856,9.81,9.922,1262694.44,-0.03094145361228057,0.0434690076137746,45.35509679968393,9.974857142857143,10.153404761904762
2018-10-19,9.922,9.9797,9.83,9.9001,1105829.66,-0.0022096557792267565,0.04324800646252576,39.50353266018787,10.024142857142857,10.149071428571428
2018-10-20,9.9134,9.997,9.822,9.9365,1168946.63,0.003669987886571743,0.04310306651084822,42.93300419082611,10.060642857142858,10.145485714285714
2018-10-21,9.9231,10.0272,9.87,9.9311,1194348.93,-0.0005435986362695665,0.04277708605607447,40.187224339164096,10.109442857142858,10.141385714285715
2018-10-22,9.9123,9.98,9.81,9.8932,1037552.21,-0.0038235948986281966,0.013885896001404179,39.6297066777616,10.0134,10.1372
2018-10-23,9.8801,10.0788,9.8099,9.9298,1217218.93,0.0036926844160360996,0.01192525101831144,42.527237172921126,9.963785714285715,10.116185714285715
2018-10-24,9.9209,9.99,9.8555,9.8837,1041867.67,-0.00465340128578723,0.011922212124255772,42.57745734795984,9.913771428571428,10.095714285714285
2018-10-25,9.8816,9.925,9.7502,9.8056,1005134.42,-0.007933284536734878,0.004312761968455679,59.71235563303552,9.897142857142857,10.072257142857143
2018-10-26,9.805,9.9121,9.75,9.8296,1023388.17,0.0024445905264059782,0.004569663967360752,56.46399472519191,9.887071428571428,10.03197142857143
2018-10-27,9.8297,9.8347,9.6972,9.7331,854497.86,-0.009865793855185174,0.005088279902241813,51.244089975643554,9.858014285714287,9.998838095238094
2018-10-28,9.7285,9.7638,9.6022,9.7207,838913.92,-0.001274815375846904,0.005037788519554441,53.255906293428666,9.827957142857144,9.95767142857143
2018-10-29,9.7207,9.7317,9.3748,9.445,788866.57,-0.028772131386719423,0.010984333687471181,7.379231647014038,9.76392857142857,9.903095238095238
2018-10-30,9.4516,9.5386,9.4003,9.4521,719748.66,0.0007514380867001086,0.010572493372448788,10.075493612078887,9.695685714285714,9.857419047619048
2018-10-31,9.4513,9.5546,9.2811,9.4807,707061.59,0.003021214163191155,0.011238586307583676,13.028964162984764,9.638114285714286,9.815480952380952
2018-11-01,9.4837,9.66,9.4303,9.6192,791111.48,0.014502947933099527,0.01354115028953459,32.087079981069465,9.611485714285715,9.827828571428572
2018-11-02,9.6106,9.7192,9.5467,9.6421,850927.5,0.002377826085448368,0.013536911241220822,34.7553769794374,9.5847,9.831971428571428
2018-11-03,9.6607,9.744,9.4888,9.5889,812589.61,-0.005532747720868871,0.013253466877118663,29.860950173812185,9.5641,9.827585714285714
2018-11-04,9.588,9.8974,9.5,9.819,934579.3,0.023713104686110112,0.01649230992604404,44.84692470350279,9.578142857142856,9.838514285714286
2018-11-05,9.8084,9.8294,9.6603,9.7333,836650.91,-0.008766288244425298,0.01130119302548514,42.9590488771466,9.619328571428571,9.798885714285714
2018-11-06,9.7509,9.8891,9.6703,9.881,887223.82,0.015060725270097908,0.011834869226691998,48.0426760789347,9.6806,9.78002380952381
2018-11-07,9.8718,9.9776,9.81,9.897,865071.56,0.001617959701728407,0.011912077270601064,50.54665022605841,9.740071428571428,9.763985714285715
2018-11-08,9.897,9.9268,9.6503,9.686,798983.44,-0.021550136933516675,0.015068921377594835,45.5684007707129,9.749614285714285,9.752747619047618
2018-11-09,9.6868,9.7497,9.5169,9.6141,735975.45,-0.007450773065547887,0.015372745932383431,42.28869963501041,9.745614285714286,9.739128571428571
2018-11-10,9.6132,9.6896,9.5672,9.5898,782308.04,-0.002530737294963712,0.015247558147179392,44.59286091615727,9.745742857142858,9.722619047619048
2018-11-11,9.5898,9.621,9.35,9.5611,755404.21,-0.0029972504149213693,0.011108526491833475,44.0509915014164,9.7089,9.705
2018-11-12,9.5586,9.5891,9.331,9.4862,723363.63,-0.007864672270174376,0.011046431001225083,51.80606698229001,9.673599999999999,9.685619047619047
2018-11-13,9.4862,9.5891,9.3602,9.3936,658735.46,-0.009809504607645675,0.007421334750682428,47.614387080988486,9.603971428571429,9.660085714285714
2018-11-14,9.387,9.4453,8.3359,8.6811,672611.06,-0.07888035757425502,0.02726660244833417,29.06806282722512,9.430271428571428,9.602819047619048
2018-11-15,8.6896,8.7342,7.8,8.3793,822045.1,-0.035383869968118105,0.02799693434085592,20.098393864853165,9.2436,9.534900000000002
2018-11-16,8.3793,8.4049,7.8,8.01,901842.25,-0.045073617705143364,0.028633038899644678,16.274744803074782,9.014442857142857,9.44825238095238
2018-11-17,8.0097,8.0192,7.6846,7.8494,752867.47,-0.020253665328129698,0.026937314224810383,15.583079419097004,8.765814285714287,9.358552380952382
2018-11-18,7.8493,8.166,7.8301,8.0832,604839.75,0.0293507379818421,0.03393031510771178,15.706495969653858,8.554685714285714,9.280576190476191
2018-11-19,8.0833,8.0918,6.6453,6.6844,1052222.08,-0.19001138038688967,0.07008544976496674,10.341059861078577,8.154428571428571,9.149119047619047
2018-11-20,6.704,6.905,5.612,5.92,1624846.64,-0.1214400044511763,0.07208566419634807,5.600143478455806,7.658200000000001,8.98092380952381
2018-11-21,5.9419,6.323,5.6502,6.2894,842731.41,0.060529227759412135,0.08586142398975335,12.530120481927696,7.316528571428572,8.828957142857144
2018-11-22,6.2896,6.3727,5.7172,5.77,630372.07,-0.08619359613531845,0.08695115637939946,11.775730126503191,6.943771428571429,8.645661904761905
2018-11-23,5.7755,5.8396,5.45,5.6611,598556.9,-0.01905386089795759,0.08791223914267872,11.691281932007584,6.608214285714287,8.456090476190477
2018-11-24,5.6525,5.8055,4.7632,5.193,917700.21,-0.08630665475986878,0.08778445380627932,10.765276984580225,6.228728571428571,8.246761904761906
2018-11-25,5.199,5.38,4.532,5.2873,1003892.67,0.01799615373572736,0.08596548865877869,12.304191363251476,5.829314285714285,8.030966666666666
2018-11-26,5.28,5.4,4.7568,5.0631,852519.37,-0.04332877466949772,0.0643291495554036,11.988449837575843,5.597700000000001,7.80857619047619
2018-11-27,5.063,5.063,4.7045,4.984,701759.11,-0.015746162443259406,0.053420994362169495,12.016331874720052,5.463985714285714,7.575385714285714
2018-11-28,4.984,5.4603,4.984,5.3499,1144816.8,0.07084508765928811,0.05622886094350488,19.48332722609014,5.329771428571428,7.3588571428571425
2018-11-29,5.3498,5.6344,5.1243,5.3805,1018322.99,0.005703437513869711,0.04935384589817517,21.092002776278235,5.274128571428571,7.153833333333334
2018-11-30,5.3902,5.448,4.9534,5.115,709284.02,-0.05060390725472001,0.05170477305317793,21.522722801495163,5.196114285714286,6.939590476190476
2018-12-01,5.1122,5.4006,5.0072,5.2899,925388.42,0.033621942696260634,0.043095057195143,24.89357110627195,5.209957142857143,6.7348333333333334
2018-12-02,5.2787,5.4357,5.205,5.2888,853331.61,-0.00020796506261911145,0.04255996202608682,21.278214036097523,5.210171428571429,6.531390476190476
2018-12-03,5.2831,5.2956,5.01,5.1266,673983.38,-0.031148705613564986,0.04069967398667814,28.530871003307595,5.2192428571428575,6.323790476190476
2018-12-04,5.1294,6.3649,5.0856,5.902,2238490.16,0.14084860509708125,0.065151609027425,49.75267930750206,5.350385714285714,6.157523809523809
2018-12-05,5.902,6.62,5.7225,6.0727,4208247.78,0.0285120401954332,0.061982631263052,46.8505653576723,5.4536428571428575,6.033314285714286
2018-12-06,6.0689,6.109,4.85,4.9023,3033034.77,-0.2140988339724697,0.10794554080676697,39.39579106885343,5.385328571428572,5.867742857142857
2018-12-07,4.8977,4.9997,4.12,4.516,2250208.53,-0.08207783645629561,0.11038639780618723,36.894270606816676,5.2997571428571435,5.701361904761905
2018-12-08,4.5118,4.8009,4.3001,4.6361,1260790.7,0.026246849276694295,0.10984776067335178,43.07458900191509,5.206357142857143,5.548347619047619
2018-12-09,4.628,5.0003,4.5167,4.7693,1505537.64,0.02832604804311912,0.11117608213678425,43.620061089762544,5.132142857142858,5.390542857142857
2018-12-10,4.7693,4.9398,4.4698,4.6276,928495.85,-0.0301611684346324,0.11115245888920644,44.52490508159212,5.060857142857143,5.2926
2018-12-11,4.6297,4.9295,4.5,4.8973,1232098.43,0.05664565766828525,0.09488861719078545,48.95985795522711,4.9173285714285715,5.243900000000001
2018-12-12,4.8936,5.15,4.739,4.9815,1196552.29,0.017047017661891806,0.09387110940720156,45.25990735975296,4.761442857142858,5.181619047619048
2018-12-13,4.982,4.9933,4.5563,4.6384,1003196.18,-0.07136157131751987,0.05368443502988427,41.16231987614625,4.723742857142858,5.1277333333333335
2018-12-14,4.6399,4.75,4.43,4.5211,946936.19,-0.025614152117186192,0.044061824332119595,42.66844431276695,4.724471428571428,5.073447619047619
2018-12-15,4.5148,4.599,4.4436,4.5531,969833.44,0.007052992583905026,0.04274551490188508,40.571735681015504,4.712614285714286,5.042976190476191
2018-12-16,4.5479,4.7064,4.5089,4.616,1069563.77,0.013720209553825613,0.04131805477704755,41.52474050186434,4.690714285714286,5.011009523809524
2018-12-17,4.6193,5.1271,4.601,5.065,1507154.37,0.09282560849484849,0.05313064986699653,49.27631578947369,4.7532,5.0111
2018-12-18,5.065,5.5362,4.9,5.5308,1906857.24,0.08797833283167908,0.058480595132588305,45.29697952564363,4.843699999999999,5.037138095238095
2018-12-19,5.5349,5.8331,5.2847,5.3633,1805892.76,-0.03075301325585499,0.0612508395663348,41.004767701359306,4.898242857142857,5.03777619047619
2018-12-20,5.3627,5.79,5.2369,5.6766,2160302.61,0.05677300467984546,0.05097649034431767,62.544959657820534,5.046557142857142,5.05187619047619
2018-12-21,5.6761,5.7897,5.3166,5.4766,1592262.74,-0.03586799150387357,0.052913083478764035,66.5632112559487,5.183057142857143,5.0690952380952385
2018-12-22,5.4766,5.8802,5.395,5.8398,1775214.59,0.06421207922592297,0.05365680252702531,69.14951159756913,5.366871428571429,5.095280952380953
2018-12-23,5.8399,6.1318,5.7589,5.959,1878151.13,0.020206132086475863,0.05327151964634612,69.01147368084631,5.5587285714285715,5.127195238095238
2018-12-24,5.9588,6.4735,5.93,6.0979,2058385.46,0.023041767847474193,0.04714779246954874,73.51652218419117,5.706285714285714,5.173447619047619
2018-12-25,6.0975,6.0994,5.3127,5.45,1443517.22,-0.11232884093716321,0.06205463225125753,57.88602573980538,5.694742857142858,5.15192380952381
2018-12-26,5.4432,5.684,5.37,5.6029,1351072.48,0.02766871216707207,0.06148514913715002,58.69577385950183,5.728971428571429,5.129552380952381
2018-12-27,5.6062,5.6559,5.1,5.1791,1148939.37,-0.07865302484001947,0.06418296063627991,57.399348605523166,5.6579,5.142733333333333
2018-12-28,5.1818,5.8995,5.1003,5.8811,1505031.24,0.12711252324194836,0.08171516223767777,66.04379010947528,5.715685714285714,5.207738095238095
2018-12-29,5.8803,6.0,5.61,5.66,1232874.45,-0.03831992702906203,0.07957714743876781,62.50028232636929,5.6899999999999995,5.256495238095238
2018-12-30,5.67,5.9186,5.558,5.8939,1394241.09,0.04049402554996526,0.08098259703593269,63.894748287485065,5.680700000000001,5.3100476190476185
2018-12-31,5.9,6.2433,5.8304,6.1111,2388899.23,0.03618887194772362,0.08179686977206495,61.978152838527954,5.682585714285715,5.380690476190476
2019-01-01,6.1139,6.1228,5.7735,5.991,1412914.18,-0.019848446610992682,0.06663535219500201,55.72245710022382,5.759871428571429,5.432771428571429
2019-01-02,5.991,6.0939,5.8371,6.051,2130127.0,0.009965204538396565,0.06634419324528057,58.78625271496103,5.823885714285715,5.483700000000001
2019-01-03,6.0445,6.062,5.7739,5.7979,1524726.37,-0.0427277646161218,0.05926574135021859,51.57397555342176,5.912285714285715,5.538914285714286
2019-01-04,5.7947,5.99,5.7402,5.9692,1657441.74,0.029117132051113347,0.03547996726012041,56.43988913873345,5.9248714285714295,5.607871428571429
2019-01-05,5.9688,6.1043,5.9188,5.9625,1636284.99,-0.0011230588607161354,0.030903427073099392,51.76898013321415,5.968085714285714,5.6749857142857145
2019-01-06,5.9626,6.3888,5.925,6.2688,2511301.27,0.0500950925536249,0.0327716569787863,54.23779820529656,6.021642857142857,5.753690476190476
2019-01-07,6.2681,6.3094,6.0061,6.2009,1683858.68,-0.010890505961596658,0.030999242236660934,51.43686178226662,6.034471428571428,5.807780952380953
2019-01-08,6.1979,6.7984,6.1381,6.5128,3946905.61,0.049075028471143055,0.03370018404922909,66.3598300597254,6.109014285714286,5.8545428571428575
2019-01-09,6.5197,6.854,6.3386,6.5511,4167653.69,0.005863503200663654,0.03377561815883158,65.12956344140923,6.1804571428571435,5.911104761904762
2019-01-10,6.5511,6.5764,5.65,5.8449,3348790.03,-0.11406348834048036,0.056156175710164326,59.745316159250585,6.187171428571427,5.919119047619048
2019-01-11,5.844,6.1198,5.6853,5.9595,2559930.81,0.019417098802812068,0.055466577048476316,51.385844587428416,6.185785714285714,5.942114285714286
2019-01-12,5.9552,5.9657,5.8,5.8594,1743319.31,-0.016939375672322846,0.05582986409489654,53.68222780322056,6.171057142857143,5.943047619047619
2019-01-13,5.8629,5.8884,5.3733,5.4688,1420692.05,-0.06898799532916877,0.05527563885113917,42.579338756415176,6.0567714285714285,5.919704761904762
2019-01-14,5.4688,6.062,5.4586,6.0583,2330172.48,0.10237001873392862,0.07220205974065244,49.18432923438176,6.0364,5.917819047619048
2019-01-15,6.0565,6.0649,5.6601,5.8111,1366715.25,-0.04165935098612247,0.06931418074607686,47.32586140262212,5.936157142857143,5.935014285714286
2019-01-16,5.8007,6.1817,5.7741,6.0911,2164639.9,0.04705880769804647,0.07315079579834888,50.559477634846665,5.870442857142857,5.958261904761905
2019-01-17,6.0941,6.33,5.9604,6.3266,2312287.74,0.037934277665368346,0.05830384324202289,57.412859987100745,5.939257142857143,6.012904761904762
2019-01-18,6.3152,6.5879,6.2132,6.4867,2495447.22,0.024990959772336348,0.05847078581191932,57.27868575768658,6.014571428571428,6.041742857142857
2019-01-19,6.4887,6.64,6.2435,6.5199,2269437.98,0.0051051115749372175,0.05722585803002132,57.78187301055453,6.108928571428571,6.082690476190477
2019-01-20,6.5221,6.6295,6.2401,6.4008,1778376.93,-0.018436055843852016,0.047119598213472544,51.94449354781687,6.242071428571429,6.106828571428572
2019-01-21,6.4069,6.515,6.2788,6.4724,1851048.49,0.011123999989738911,0.031301693172498604,53.99511462962418,6.301228571428572,6.124033333333334
2019-01-22,6.4681,6.5088,6.25,6.4736,1854629.75,0.00018538544777321582,0.02274015753113261,49.36512049753822,6.395871428571428,6.1470142857142855
2019-01-23,6.478,6.53,6.3499,6.4969,1928704.72,0.0035927720693957874,0.0181288791016347,49.117895970314436,6.453842857142858,6.16824761904762
2019-01-24,6.4963,6.4963,6.3915,6.4588,1514319.91,-0.005881598035356187,0.013544244250121455,62.76777172330602,6.472728571428571,6.199719047619047
2019-01-25,6.4555,6.7502,6.4408,6.6899,2583153.38,0.03515538431998115,0.016518747082257132,64.48861382210583,6.5017571428571435,6.234038095238095
2019-01-26,6.689,6.9786,6.6196,6.9463,2734629.11,0.03761021736926388,0.020769678204121345,70.30146811610445,6.562671428571429,6.280885714285715
2019-01-27,6.9453,7.2157,6.7919,7.0396,2776887.68,0.0133422066593446,0.016866883668823825,83.00554715078165,6.653928571428572,6.317590476190476
2019-01-28,7.0399,7.1398,5.94,6.1648,4950985.69,-0.1326956554841628,0.05794454948857881,51.99819880670944,6.609985714285714,6.315871428571429
2019-01-29,6.1642,6.2599,5.968,6.1661,2967157.36,0.00021085241220297445,0.05794507339161117,57.33774286895412,6.566057142857143,6.299361904761905
2019-01-30,6.1335,6.1999,6.001,6.1388,2238811.59,-0.004437263983156236,0.05778077108683586,51.10095554632321,6.5149,6.2797285714285715
2019-01-31,6.1384,6.2663,5.9468,6.22,2264988.86,0.013140623432285297,0.05834699816990803,47.35089463220675,6.480785714285714,6.297590476190477
2019-02-01,6.225,6.65,6.1172,6.5229,2942865.68,0.04754915557589773,0.05994819420678943,50.83998514943382,6.456928571428571,6.324419047619047
2019-02-02,6.5185,6.9,6.4823,6.8655,3251363.16,0.0511898074526836,0.06169862663314807,57.01241782322864,6.445385714285714,6.3723285714285725
2019-02-03,6.8688,6.9,6.6148,6.7887,3095048.16,-0.011249404566001825,0.06140067473784039,58.00817539947975,6.409542857142857,6.435180952380953
2019-02-04,6.7888,7.185,6.68,7.1069,3306867.31,0.0458066778975127,0.02710907978343601,61.88870151770657,6.544128571428571,6.485114285714287
2019-02-05,7.1028,7.9715,6.9501,7.8665,4154631.43,0.10154709358716063,0.03902291410178944,70.32303247833318,6.787042857142857,6.582990476190476
2019-02-06,7.8569,8.48,7.32,8.1303,5817391.76,0.03298458654958014,0.035121155476160765,72.26918252713094,7.071542857142857,6.680095238095237
2019-02-07,8.1347,8.4666,7.6733,7.81,4354792.8,-0.04019285939632646,0.046041374909082104,67.10552967389103,7.298685714285715,6.750733333333334
2019-02-08,7.807,8.8387,7.61,8.5972,4960284.84,0.09603160499938929,0.05194704609122201,71.16541269946956,7.595014285714286,6.851233333333333
2019-02-09,8.5972,8.921,8.4052,8.9051,5440051.11,0.035187577473855335,0.05169556487521994,71.49126656719037,7.886385714285714,6.964814285714286
2019-02-10,8.9001,9.2999,8.8264,9.1697,5750442.06,0.029280424032148145,0.047466819667025636,72.5240562546262,8.226528571428572,7.096666666666667
2019-02-11,9.1695,9.778,9.01,9.5288,6041136.07,0.03841422122756692,0.047474886766902376,89.9259399924041,8.572514285714286,7.242209523809524
2019-02-12,9.525,9.9,8.921,9.2765,4945231.46,-0.026834471099758783,0.04533864708486945,84.84027062144361,8.773942857142858,7.375680952380954
2019-02-13,9.2763,9.2763,8.71,8.9103,4005598.1,-0.04027640953523036,0.05091178463658944,78.85356153830136,8.885371428571428,7.490604761904761
2019-02-14,8.9165,9.05,8.4051,8.7655,2803390.01,-0.0163843491377734,0.04743572952406684,76.15436779483385,9.021871428571428,7.6004476190476185
2019-02-15,8.7636,9.4997,8.7293,9.2911,3326003.04,0.058233390893541195,0.03810579684965697,77.1978777755944,9.121,7.724314285714286
2019-02-16,9.2854,9.3399,9.048,9.1087,2499086.4,-0.019826951945435035,0.037980154557448166,72.75604609641292,9.150085714285714,7.827285714285714
2019-02-17,9.0972,9.22,8.8903,9.22,2460188.81,0.01214503680860469,0.03654640863894768,74.49277698305562,9.157271428571429,7.931114285714285
2019-02-18,9.2167,9.6999,9.1777,9.6127,2809984.65,0.04171010328868562,0.03712864339786895,74.86998292905632,9.169257142857143,8.0953
2019-02-19,9.6127,11.1307,9.481,10.4728,4894965.38,0.08569627902656407,0.046195424711429,75.36150088550687,9.340157142857143,8.300380952380953
2019-02-20,10.4687,11.2951,10.3928,10.9211,4346711.07,0.041915277960551646,0.03899845374231544,76.21552566318478,9.627414285714286,8.528109523809524
2019-02-21,10.9199,10.936,10.13,10.4661,3077022.99,-0.04255523519122388,0.044891533567021476,74.334402198809,9.870357142857143,8.730304761904762
2019-02-22,10.4695,10.9611,10.3799,10.7576,3038507.76,0.02747101887444328,0.04257998338803052,71.77032528517877,10.079857142857142,8.931957142857144
2019-02-23,10.7572,10.85,10.4,10.7265,2877713.15,-0.0028951663530998478,0.04029818860128673,69.43863393810034,10.31097142857143,9.115814285714285
2019-02-24,10.7267,11.09,9.3901,9.9476,4800152.25,-0.07538599912892575,0.05518652840796517,57.48081472505913,10.414914285714286,9.266238095238096
2019-02-25,9.9442,10.2361,9.2685,9.6967,5348579.57,-0.02554569460498019,0.05477156652809679,51.64895602129205,10.426914285714286,9.389561904761905
2019-02-26,9.6967,9.7557,9.3551,9.4168,3118340.95,-0.02929029332438332,0.04064195503034103,51.3704651571688,10.276057142857143,9.463385714285716
2019-02-27,9.4238,9.9998,9.35,9.8467,3524897.35,0.04464104555361231,0.04128812722121152,59.03442420500156,10.12257142857143,9.545119047619048
2019-02-28,9.8502,10.4914,9.7899,10.2779,3693794.54,0.04285958533359792,0.04423294678291761,63.82753071971916,10.095685714285713,9.662638095238096
2019-03-01,10.2777,11.551,10.2067,11.3111,4025695.97,0.0957885854581052,0.057514562833360344,66.89980590321935,10.174757142857143,9.79187142857143
2019-03-02,11.3353,11.8,10.8,11.7566,3893847.16,0.03863024056078737,0.058437808170389405,71.21884766407567,10.321914285714286,9.927657142857143
2019-03-03,11.7564,11.8701,11.1902,11.4511,2853200.15,-0.026328989767406673,0.048081483966934555,67.33916719772449,10.5367,10.036295238095239
2019-03-04,11.4511,11.508,10.85,11.4006,2739049.08,-0.00441980966042577,0.04532214290378019,64.67536731511123,10.780114285714287,10.125428571428571
2019-03-05,11.405,13.75,11.395,13.6229,8340655.32,0.17808621463552782,0.0676341917240613,71.13111608999559,11.380985714285714,10.3324
2019-03-06,13.623,14.663,12.9,14.5294,6158611.97,0.064421982624902,0.06765210838497744,72.8029929599717,12.049942857142856,10.599976190476191
2019-03-07,14.529,15.56,14.327,15.1,6757497.33,0.03852056096604438,0.06780774909463758,78.86265960759889,12.738814285714286,10.901619047619048
2019-03-08,15.0999,15.2194,13.5578,14.2931,6343194.03,-0.05491784048655553,0.07610077261551758,70.69262194336818,13.164814285714286,11.139809523809523
2019-03-09,14.2848,14.92,13.9609,14.4651,3996324.55,0.011961948308731415,0.0764635710577732,71.52629033372487,13.551742857142857,11.394876190476191
2019-03-10,14.4651,14.5075,13.86,14.3711,3531708.7,-0.006519606117148911,0.07438624339257635,77.65067696808313,13.968885714285715,11.640166666666667
2019-03-11,14.3741,14.9,14.011,14.4143,3757653.77,0.003001523858130811,0.07382397553579431,80.27518225690525,14.399414285714286,11.868814285714286
2019-03-12,14.4133,15.4288,14.1809,15.3333,4049068.39,0.061806164521542445,0.042162746523307974,85.09068479176307,14.643757142857142,12.100266666666666
2019-03-13,15.3459,15.38,14.9333,15.0244,3282883.18,-0.020351387725928354,0.03822793898667173,81.1560540599088,14.714471428571429,12.295661904761904
2019-03-14,15.0311,15.097,14.563,14.8901,3079956.93,-0.008978983589561888,0.035349168298991124,78.78163846038642,14.684485714285714,12.506328571428572
2019-03-15,14.8993,15.199,14.84,14.9432,2986987.69,0.0035597842728676762,0.026581466681634768,75.82441022140696,14.777357142857143,12.705642857142859
2019-03-16,14.9429,16.0,14.88,15.9589,3293876.13,0.06576032047769083,0.03493713272641433,77.63761920420916,14.990757142857143,12.954804761904763
2019-03-17,15.9589,15.9589,15.44,15.5693,3106901.48,-0.024715640758443392,0.037317580770741605,76.7881768272058,15.161928571428572,13.222504761904762
2019-03-18,15.5836,15.7888,15.204,15.5388,2472584.89,-0.001960904701546021,0.03755101406356144,76.98849555213525,15.322571428571427,13.5007
2019-03-19,15.5361,15.8,15.0,15.4953,4271050.4,-0.002803369744148744,0.030107253834910464,67.05965960858634,15.345714285714285,13.790152380952382
2019-03-20,15.5098,15.5098,15.022,15.1288,2369648.38,-0.023936540105582868,0.030567926264706276,56.05723756012773,15.360628571428572,14.041680952380954
2019-03-21,15.1288,15.2987,13.8607,14.3511,3015066.53,-0.05277361771087954,0.03679554365295536,42.73603755649964,15.28362857142857,14.235642857142855
2019-03-22,14.3567,15.226,14.231,15.1502,2695850.87,0.054187138868326906,0.043232332460369303,58.326047677332866,15.313199999999998,14.418457142857143
2019-03-23,15.1524,15.44,14.9469,15.1397,2632489.7,-0.0006933004348368819,0.032966162626923874,56.76548459563543,15.196171428571429,14.579557142857144
2019-03-24,15.1397,17.5,14.66,17.1096,5285367.1,0.12231927673585474,0.05773076980982156,69.9555490781899,15.416214285714286,14.849009523809523
2019-03-25,17.1112,17.338,16.1,16.7631,2775613.86,-0.020459667338745706,0.058965429409286146,66.39124609200537,15.591114285714285,15.104366666666666
2019-03-26,16.7761,16.8,15.5301,16.1998,2725145.68,-0.03418114566752814,0.06132058079799018,56.36280859438106,15.691757142857144,15.22707619047619
2019-03-27,16.1928,16.8297,15.8697,16.6,3240914.25,0.024403798879380083,0.06004991295639082,61.41672946495856,15.901928571428572,15.325676190476191
2019-03-28,16.6,16.7188,16.401,16.6665,2988300.97,0.00399802134753845,0.05307408454171463,62.99944384275384,16.2327,15.400271428571427
2019-03-29,16.6538,16.8067,16.377,16.4753,2737173.2,-0.011538427079060108,0.05210523178507683,60.98957063135698,16.422,15.504185714285715
2019-03-30,16.4949,16.985,15.9612,16.9666,2790050.93,0.029384415976587235,0.052126276383244324,57.81611156787615,16.682985714285714,15.623304761904762
2019-03-31,16.9666,17.7386,16.7314,17.5376,3182964.85,0.03310044187175867,0.026468498641154307,64.84904265431447,16.744128571428572,15.774090476190477
2019-04-01,17.5201,18.2576,17.3319,17.8888,2966204.71,0.01982767121247708,0.024704118643689536,66.9103678544701,16.904942857142856,15.93954285714286
2019-04-02,17.8888,19.88,17.5303,19.7155,3356886.89,0.09723030971614581,0.03425357679327528,74.16624673599341,17.407185714285713,16.148219047619047
2019-04-03,19.7155,20.0,18.0,18.5489,3532965.97,-0.060994640304141895,0.04815777618159949,67.9406611622271,17.6856,16.316052380952378
2019-04-04,18.5388,19.41,18.16,18.992,2939082.42,0.023607349763509314,0.04792264508728683,75.23023561774907,18.017814285714287,16.51138095238095
2019-04-05,18.971,19.4593,18.8445,19.3657,2703355.91,0.019485622135221075,0.046062896928547314,74.02897955926446,18.43072857142857,16.72197619047619
2019-04-06,19.3658,19.3866,18.82,19.0745,2519027.63,-0.015151095495351843,0.048080318477235644,71.7334629490522,18.73185714285714,16.870338095238097
2019-04-07,19.0423,19.2137,18.8,18.9523,2329702.34,-0.006427068312072996,0.04815826016218936,62.78817993809598,18.933957142857142,17.031433333333332
2019-04-08,18.9507,19.042,17.7881,17.9777,2142481.92,-0.052793195245096305,0.053487614467049714,57.7532938412828,18.94665714285714,17.14757142857143
2019-04-09,17.9728,18.54,17.01,18.2984,2776440.48,0.01768152338100054,0.03472060250729989,63.82440515401439,18.74421428571429,17.28105238095238
2019-04-10,18.2984,18.6095,17.8927,18.24,2553039.12,-0.0031966396848276397,0.026700645281089265,61.312841454665836,18.700085714285713,17.42920476190476
2019-04-11,18.24,18.24,16.2501,17.5555,1815271.05,-0.03824969351740718,0.02689444319896478,55.65061527509407,18.49487142857143,17.58179523809524
2019-04-12,17.5555,18.552,16.612,18.3333,2325593.36,0.04335178725211212,0.03238954163128282,60.9901810008281,18.347385714285714,17.733371428571427
2019-04-13,18.2867,18.6398,17.9143,18.6111,2205194.61,0.01503909853290787,0.033250222710909445,59.97936768007767,18.281185714285716,17.89867619047619
2019-04-14,18.6111,19.9,18.4259,19.3866,2438051.21,0.04082392884789738,0.03713001346418586,60.948602558029364,18.343228571428572,18.007104761904763
2019-04-15,19.3734,19.78,18.6601,19.2666,2218308.03,-0.006209078965072399,0.028611450997317735,58.388125852328066,18.527357142857145,18.12631904761905
2019-04-16,19.2668,19.7482,18.7064,19.6408,2237334.6,0.019236008497678397,0.02868792066142644,49.447509725899735,18.719128571428573,18.29017619047619
2019-04-17,19.6399,19.7908,19.26,19.4888,2005582.6,-0.007769093706260447,0.029090727383864187,58.17916006752876,18.897528571428573,18.427738095238094
2019-04-18,19.4757,21.998,19.4333,21.8888,3686092.57,0.11613514889177683,0.04237906401288038,68.80404019422012,19.516571428571428,18.67641904761905
2019-04-19,21.8888,24.7459,21.12,24.3188,4247944.38,0.10527462329552338,0.05087313725619423,75.37734785682811,20.37164285714286,19.04991904761905
2019-04-20,24.3188,25.4973,23.76,24.8888,3545157.49,0.023168189308530193,0.05028817267397642,78.9623120834454,21.26845714285714,19.42716666666667
2019-04-21,24.8693,24.8693,22.45,23.9999,3307426.84,-0.03636823941127309,0.05829336335932614,73.35900188811965,21.927500000000002,19.734895238095238
2019-04-22,23.9999,24.6368,23.02,23.8,3005735.93,-0.008364082995169348,0.05852474452361544,79.02529487422356,22.57512857142857,20.016380952380953
2019-04-23,23.7812,24.6131,22.47,22.546,2877995.49,-0.054127914055089515,0.06679712359198874,69.37243455258596,22.990157142857147,20.15116666666667
2019-04-24,22.5207,23.1209,20.88,22.9703,2961681.74,0.018644410507093263,0.06572374364670694,70.87713723309413,23.487514285714287,20.361709523809527
2019-04-25,22.9877,23.4698,21.55,22.4863,3114460.9,-0.02129584225606873,0.05266159841535846,72.15412817655728,23.57287142857143,20.52810476190476
2019-04-26,22.4869,23.786,21.6503,23.0555,3273950.47,0.02499811781971201,0.031301499234855666,71.62219088261689,23.392400000000002,20.70380952380952
2019-04-27,23.0555,23.1209,22.3876,22.4324,2989261.07,-0.02739801033083463,0.02874197146693102,66.96079040576649,23.041485714285717,20.863709523809526
2019-04-28,22.4326,23.2092,22.42,23.0226,3015774.29,0.025969999818645794,0.03056143483314042,66.40823841585589,22.901871428571432,21.057533333333335
2019-04-29,23.0166,23.0828,21.2797,21.6788,2388965.07,-0.0601415176948459,0.03686246697520105,59.80282193829448,22.59884285714286,21.23377619047619
2019-04-30,21.6847,22.3,21.3292,22.0391,2197565.53,0.01648332411917229,0.03333156021350646,59.757357787415486,22.52642857142857,21.41190476190476
2019-05-01,22.03,22.099,21.47,21.8788,2064791.54,-0.007300017162400843,0.03190327443529272,59.71702715888761,22.3705,21.585180952380956
2019-05-02,21.881,24.127,21.7497,23.6166,2446015.2,0.0764317231565742,0.04376107000354939,57.4245002492308,22.531971428571428,21.87380476190476
2019-05-03,23.6168,23.972,23.0101,23.6999,2230465.58,0.003520974123513771,0.04303628535340091,46.66867619037367,22.62402857142857,22.129357142857142
2019-05-04,23.6999,23.7968,22.3,22.8888,1898934.62,-0.03482312077222582,0.044017676476222976,39.50704077563956,22.689228571428572,22.333057142857143
2019-05-05,22.8887,23.1772,22.6408,22.9777,1787108.39,0.0038764724286912203,0.0428628244094114,44.14560949348239,22.68281428571429,22.504061904761905
2019-05-06,22.9777,22.9973,21.45,22.1895,1764747.54,-0.034904976361103304,0.037744267070577125,41.35858775554005,22.755771428571425,22.643247619047617
2019-05-07,22.2018,22.45,20.205,20.6602,1813897.12,-0.07141005983151645,0.04629001816634647,40.17177760637079,22.558785714285712,22.691790476190477
2019-05-08,20.6602,21.4135,19.51,20.6673,2742356.42,0.0003435968819722223,0.04643306120143046,37.45177952618617,22.385714285714283,22.747909523809522
2019-05-09,20.6671,20.967,18.5402,18.8388,2334477.6,-0.0926341682165838,0.03838498786856542,32.66578589691193,21.70317142857143,22.602671428571426
2019-05-10,18.8377,19.9888,18.3,19.6166,2429624.32,0.04045757370957786,0.0459262799346263,33.974854842167076,21.119842857142856,22.378757142857143
2019-05-11,19.6294,22.0,18.88,20.8059,3746402.53,0.058860453769567056,0.055849333080084815,42.80048513177348,20.822285714285716,22.18433333333333
2019-05-12,20.7871,21.5,20.1,20.8934,3228794.38,0.004196719293805806,0.055866192560171064,40.13638216654931,20.52452857142857,22.036404761904762
2019-05-13,20.9026,24.0,20.7349,23.521,4566012.58,0.11846031950832102,0.07342490709867426,57.62689409621595,20.714742857142856,22.023119047619048
2019-05-14,23.521,24.5,22.5748,23.6553,3821993.16,0.005693552177465186,0.0647395784307626,56.818833853683216,21.142614285714284,22.07594285714286
2019-05-15,23.6553,27.6556,23.46,26.8116,3433770.34,0.12524743838043212,0.07502683965453741,66.6121101906109,22.020371428571426,22.258861904761904
2019-05-16,26.8348,27.79,25.0,26.2888,4200071.24,-0.019691636723103815,0.05685695658568848,59.80120305164319,23.084657142857143,22.439933333333336
2019-05-17,26.2888,26.6783,23.1424,25.7795,3429086.56,-0.019563390524993736,0.06237248519914115,57.39650021340162,23.965071428571427,22.56964761904762
2019-05-18,25.7986,29.0989,25.1124,28.8171,4319102.35,0.11138935849890491,0.06805696860069502,68.20227824004422,25.10952857142857,22.873680952380955
2019-05-19,28.8165,29.8368,27.543,29.1122,4437585.54,0.010188369363384926,0.06747091531493145,68.59987750671591,26.28364285714286,23.163661904761902
2019-05-20,29.1122,29.3399,27.5306,29.2666,3980328.45,0.005289603760542465,0.06083522440043481,72.31552194943527,27.104442857142853,23.524985714285712
2019-05-21,29.2666,32.8,28.05,32.3907,4704491.98,0.10142441049219286,0.06477273556797905,83.6084736730519,28.35235714285714,24.01791904761905
2019-05-22,32.3911,32.4374,30.61,30.8067,3807962.58,-0.050139145767927,0.06238940530621091,76.64252756377242,28.923085714285715,24.443057142857146
2019-05-23,30.8333,32.25,29.6699,31.3934,3793076.85,0.01886548094785879,0.05997256934758408,85.29190185980613,29.652314285714283,24.813380952380953
2019-05-24,31.3986,34.7067,31.12,33.9435,4534224.56,0.07809969790960433,0.05913664819129008,86.62464019305591,30.818600000000004,25.30117142857143
2019-05-25,34.0,35.4888,33.6231,35.0168,4181724.12,0.03113056867849671,0.04988807486462323,86.5448411004418,31.704271428571428,25.87869523809524
2019-05-26,35.1102,35.111,32.32,33.0919,3846254.14,-0.05653940688129343,0.05930814800404953,78.6612156669251,32.272800000000004,26.360323809523813
2019-05-27,33.0508,35.1001,32.5,33.511,3935155.37,0.012585203697246443,0.05910507348182109,76.1902265100671,32.87914285714286,26.899442857142862
2019-05-28,33.511,34.5,32.5,33.1068,3592623.04,-0.012135043792244992,0.04720973592946838,74.43270826547545,32.98144285714286,27.492138095238097
2019-05-29,33.1086,33.88,30.85,33.6066,3634528.09,0.014983776901048677,0.04096828484454016,70.36211298500484,33.38142857142857,28.10829523809524
2019-05-30,33.5977,34.96,30.25,31.6666,3803964.59,-0.059459978583964165,0.04885403997672039,64.8536674289881,33.420457142857146,28.719142857142856
2019-05-31,31.6666,32.9724,30.61,32.8862,3635551.08,0.037790619221761246,0.03982575732992379,68.8878376007952,33.26941428571429,29.351028571428575
2019-06-01,32.916,34.353,32.5024,33.3521,3650894.16,0.014067622006122655,0.03774800112390984,63.961406792601515,33.031600000000005,29.94846666666667
2019-06-02,33.3521,33.7647,32.68,33.1527,3125339.52,-0.005996577615973859,0.03089540348316646,62.512774457279114,33.04028571428571,30.532242857142858
2019-06-03,33.1343,33.1753,30.51,30.7564,2851908.73,-0.07502605860120012,0.04112398616455313,54.05114371798078,32.64677142857143,30.876785714285717
2019-06-04,30.7358,31.4673,28.7168,29.2596,2877003.62,-0.049890377719217845,0.0435123809336128,40.659065280040096,32.09717142857143,31.143657142857148
2019-06-05,29.2452,31.1843,28.944,30.8886,3345894.9,0.054179458834147834,0.0503897919969779,50.243676026920404,31.708885714285714,31.337800000000005
2019-06-06,30.829,31.9906,29.63,31.0888,2990485.46,0.006460441913244753,0.04602291862167169,49.07239350492734,31.626342857142856,31.566371428571433
2019-06-07,31.0888,31.9911,30.9001,31.3098,2757731.91,0.007083521876423298,0.042884406346502625,40.65367827105292,31.401142857142855,31.82971904761905
2019-06-08,31.3478,32.2926,31.1071,31.7333,3230284.59,0.013435455126125281,0.04283323836826212,37.784325542980866,31.169885714285716,31.968585714285716
2019-06-09,31.7042,31.85,29.7611,30.095,2532504.3,-0.05300755770875606,0.04618433741407635,38.607628619869075,30.733071428571428,32.01538571428572
2019-06-10,30.1174,32.0438,29.7286,32.0271,3550536.78,0.06222337440368989,0.04498943969694497,44.9410545407436,30.9146,32.146838095238095
2019-06-11,32.0261,32.0821,30.9312,31.8889,2717716.57,-0.004324432548027231,0.03840634110645715,45.77120992215332,31.290214285714285,32.12294285714286
2019-06-12,31.8889,34.98,31.8008,34.8888,3946303.19,0.08990787394269119,0.04643548038547717,53.793446231405554,31.86167142857143,32.317328571428575
2019-06-13,34.8888,36.3689,34.12,35.251,3534896.06,0.010328036852129316,0.04630649419401171,61.69660105466506,32.456271428571426,32.501023809523815
2019-06-14,35.2577,35.3,29.8146,32.3803,4820144.32,-0.08494368446526615,0.06072454509047826,48.509735764574174,32.6092,32.426585714285714
2019-06-15,32.3887,33.942,31.6865,32.6743,3391510.23,0.00903862298950611,0.06064305307281323,47.98293019712409,32.74362857142857,32.315038095238094
2019-06-16,32.6885,33.2943,31.7316,32.1888,2831357.27,-0.01497027021657519,0.05620722832977659,47.17955020277743,33.042742857142855,32.27203333333333
2019-06-17,32.1956,34.45,32.1862,33.8286,3325355.03,0.04968803259089316,0.054422898475087626,59.405922406191834,33.3001,32.28715714285714
2019-06-18,33.8542,35.0749,33.7386,34.4333,3404180.0,0.017717520854028387,0.05424063324213927,66.75518650698552,33.663585714285716,32.35032380952381
2019-06-19,34.4261,35.6,34.3939,35.1888,3662780.35,0.02170373075249123,0.042566211375325326,64.7614928324271,33.706442857142854,32.425666666666665
2019-06-20,35.1764,36.9146,34.3979,36.8381,4152117.65,0.04580478552612876,0.04581869710197709,67.950070872386,33.93317142857143,32.67192857142857
2019-06-21,36.81,38.85,36.3364,38.6766,3534250.01,0.04870213031628678,0.024219095221163264,70.89018953959234,34.83264285714286,32.9476619047619
2019-06-22,38.6981,39.5941,37.1,38.0001,3314950.67,-0.017645974695839662,0.028873415009750648,67.51951334063921,35.593471428571426,33.168995238095235
2019-06-23,38.0001,38.532,37.26,37.2836,2790608.54,-0.019035239623121657,0.029758163298344156,71.18855889739086,36.3213,33.36570476190476
2019-06-24,37.2665,37.821,36.0001,37.43,2631717.19,0.003918970237588546,0.027331116957549525,67.79881009639142,36.83578571428571,33.68349523809524
2019-06-25,37.43,37.551,35.71,36.0941,2000917.7,-0.03634310483748858,0.03325141891850973,62.83999169485935,37.07304285714286,34.00894761904762
2019-06-26,36.0941,38.0,34.5,36.1189,2857418.8,0.0006868569641199568,0.03261676104308478,54.58982261591156,37.205914285714286,34.25800952380952
2019-06-27,36.1185,36.35,33.1584,34.3999,2607428.95,-0.04876261664458557,0.03185946314838182,47.116303338731875,36.8576,34.41568095238095
2019-06-28,34.342,35.2809,33.82,34.6289,2104975.25,0.006634936145292675,0.021159741003981908,59.279924723905125,36.279357142857144,34.57373333333334
2019-06-29,34.5951,35.8,33.2447,35.5,2591596.98,0.024844102937694092,0.026065221423357137,61.131376797321245,35.9222,34.7531
2019-06-30,35.5111,35.5111,32.02,32.114,2022992.01,-0.10024062435387723,0.0432842658032883,49.76014878471107,35.183685714285716,34.849242857142855
2019-07-01,32.1141,34.05,31.3682,33.2777,1835906.62,0.03559543086034595,0.047784897288273724,48.17786715530301,34.5905,34.90879523809524
2019-07-02,33.2722,34.0,30.56,31.9777,2017364.12,-0.03984871811836312,0.04804155891973778,42.23510959891729,34.00244285714286,34.91302380952381
2019-07-03,31.953,33.05,31.623,32.522,1929917.65,0.016877998534054903,0.049421761548421546,41.45311198000128,33.488600000000005,34.80031904761905
2019-07-04,32.5219,34.3839,32.1503,33.0888,2194259.8,0.017278073139861266,0.04818726159211788,37.087853428384484,33.301300000000005,34.69735714285714
2019-07-05,33.0399,33.6497,32.4,32.5566,1501826.74,-0.016214743465894535,0.04799773062291941,26.83958765383511,33.00525714285714,34.70575238095238
2019-07-06,32.5507,33.1815,32.5,32.5888,1122287.44,0.0009885579832888335,0.04601547844551813,28.471741500171063,32.589371428571425,34.701680952380954
2019-07-07,32.5471,33.3997,32.4,32.9344,1219900.05,0.010549033164392353,0.024908587167367435,32.171025662048024,32.70657142857142,34.737185714285715
2019-07-08,32.9326,34.2918,32.75,33.3888,1493676.78,0.013702810180703386,0.021341181811643614,33.84166333466615,32.72244285714286,34.71624285714285
2019-07-09,33.3888,33.9,32.2195,32.4811,1226644.52,-0.027562132690804663,0.017659562798581198,35.04156730259672,32.794357142857145,34.62328095238096
2019-07-10,32.4814,32.89,30.51,31.222,1583726.64,-0.03953540718060242,0.022160257602547334,31.60595292650497,32.60864285714286,34.43438571428572
2019-07-11,31.222,31.89,28.2666,29.4181,1746010.06,-0.05951284336374854,0.027240519937801706,31.405643475664377,32.08425714285714,34.08105238095238
2019-07-12,29.4213,32.6219,29.0,31.8888,2944729.48,0.08064471979234433,0.04583799903608115,41.23880110246392,31.988857142857142,33.75782380952381
2019-07-13,31.8727,32.4894,30.2075,31.4888,1744138.78,-0.012622923911902503,0.04593115494319416,36.776205609695,31.831714285714288,33.447761904761904
2019-07-14,31.4701,31.5259,28.3111,28.5447,2117967.02,-0.09816064741166572,0.05690270065666264,37.87988889417103,31.20461428571429,33.031623809523815
2019-07-15,28.5447,28.7498,26.319,28.647,2958931.55,0.003577445996672489,0.056011994648217676,33.05424019087627,30.527214285714283,32.61338571428571
2019-07-16,28.647,29.58,24.8626,25.0601,3723845.18,-0.1337717857532298,0.0703558692024604,28.315005454477074,29.467071428571433,32.08795714285715
2019-07-17,25.0552,28.2898,24.1709,27.6287,5620644.87,0.09757814763784284,0.08673114607968482,36.388216640240344,28.953742857142856,31.683661904761905
2019-07-18,27.6259,29.5,26.8,28.9555,6272574.38,0.046905081182625895,0.08745646850557075,38.96874749793163,28.88765714285714,31.424404761904764
2019-07-19,28.9505,29.96,28.3158,29.0096,3934648.14,0.001866640985993313,0.07973748190271243,40.28559847505531,28.476342857142857,31.156819047619045
2019-07-20,29.0015,31.46,28.9,31.0932,2871032.06,0.06936233607080557,0.08568991263132622,46.31767104265357,28.41982857142857,30.946971428571427
2019-07-21,31.1222,31.5281,29.2801,30.4388,2167635.68,-0.02127103535719121,0.07561600386381159,43.947595626825006,28.690414285714287,30.867200000000004
2019-07-22,30.4389,32.6,29.6203,30.885,3469751.44,0.014552518744840981,0.0755943002958015,43.92529259913433,29.01012857142857,30.75326190476191
2019-07-23,30.9226,30.94,28.9471,29.4929,2639256.42,-0.04612107273577984,0.05088867642839142,42.916540241219764,29.64338571428571,30.634938095238095
2019-07-24,29.4381,29.5057,27.7426,28.8261,2337675.12,-0.022868329666784495,0.040971355117055484,44.15648398819541,29.814442857142858,30.458942857142855
2019-07-25,28.8275,29.6596,28.4444,28.9227,2187610.96,0.0033455271832498346,0.03683289663353882,48.681970074282184,29.809757142857144,30.26055714285714
2019-07-26,28.9227,29.05,28.1641,28.9,1929538.17,-0.0007851588101615765,0.036822190897842805,40.85725472921714,29.794099999999997,30.08643333333333
2019-07-27,28.9,29.4502,27.2061,27.7498,1490587.94,-0.040612962159122114,0.02282830530665813,39.06430969734548,29.31647142857143,29.85600476190476
2019-07-28,27.7384,27.8459,26.42,27.7555,1330561.28,0.0002053857927095221,0.02347527642784778,47.2126863035954,28.933142857142855,29.609390476190477
2019-07-29,27.7556,28.0419,26.8202,26.9525,1145223.44,-0.029357961320837806,0.020507787246681754,44.29756961037039,28.371357142857143,29.3029
2019-07-30,26.9539,27.1198,26.202,26.9867,1143523.29,0.0012680946170124914,0.017893638602392768,58.52100840336135,28.01332857142857,29.041261904761903
2019-07-31,26.9879,27.83,26.78,27.75,1934429.49,0.02789168814429514,0.022715374208945833,50.63844121393308,27.8596,28.87592857142857
2019-08-01,27.7348,28.7664,27.45,28.7088,2252484.64,0.033967855783821686,0.027195156185699253,48.64921099028658,27.829042857142856,28.84215238095238
2019-08-02,28.71,28.7186,27.5643,28.14,1503260.49,-0.020011644290022244,0.028117975733448656,45.49261900812739,27.720471428571432,28.663638095238092
2019-08-03,28.14,28.3409,27.5,27.7333,1209344.97,-0.014558194450988986,0.02383155481803353,28.92025848547587,27.718114285714282,28.48480476190476
2019-08-04,27.7333,27.7719,27.0852,27.3834,968862.84,-0.01269686685214322,0.02429970012896485,30.069145466405743,27.664957142857144,28.42950476190476
2019-08-05,27.3834,28.3,27.3011,28.0114,1170561.81,0.022674579789072717,0.02239413117711058,31.689351073048854,27.81622857142857,28.399238095238097
2019-08-06,28.0127,28.3125,27.3333,27.6523,1420475.2,-0.012902663023178948,0.023456300638215962,36.49358654495288,27.911314285714287,28.522676190476187
2019-08-07,27.6539,29.98,27.333,29.6694,2406222.92,0.07040730450233329,0.03397606674709918,55.164684411018975,28.185514285714287,28.61985238095238
2019-08-08,29.669,31.8791,29.1914,31.1074,3071362.08,0.04732952135229981,0.03589725709833577,61.491767923833585,28.52817142857143,28.722323809523807
2019-08-09,31.1426,31.5,29.6666,29.8188,1469206.79,-0.04230666592544645,0.03991908281492251,54.26499805039272,28.768,28.76085714285714
2019-08-10,29.7969,30.02,29.0333,29.6661,1310985.06,-0.005134087320185488,0.03917248380966736,59.80314920349094,29.04411428571429,28.692899999999998
2019-08-11,29.6666,30.4458,29.3,30.2439,1563332.29,0.01928953149160425,0.03798225991507148,62.0259037309105,29.45275714285714,28.683619047619047
2019-08-12,30.2418,30.5936,29.823,30.1856,1525430.31,-0.0019295217762132061,0.0382044423750709,66.8367825190339,29.763357142857142,28.65031428571428
2019-08-13,30.1856,30.4496,29.2,29.4512,1164703.53,-0.024630333177076528,0.039641064074089835,61.96185021598797,30.020342857142857,28.64832857142857
2019-08-14,29.4512,29.4693,26.75,27.0256,1193540.54,-0.08595009135237701,0.04316977637376207,46.972533810327825,29.642657142857143,28.562590476190476
2019-08-15,27.0065,28.2174,26.7,28.1058,1244704.8,0.039191395790982124,0.04133437916836907,47.505212987786706,29.213857142857144,28.523690476190477
2019-08-16,28.1052,28.1313,26.788,27.5111,965369.63,-0.021386401138006984,0.039712915790348996,47.40362147121235,28.884185714285714,28.457552380952382
2019-08-17,27.4908,27.9605,26.9863,27.5038,963986.7,-0.00026538265243938934,0.0398853950034342,49.02021055867209,28.575285714285712,28.4458380952381
2019-08-18,27.5037,28.1797,27.0511,27.8977,1210998.25,0.01422007120871589,0.0392893201824697,52.18744949258657,28.24011428571428,28.452609523809524
2019-08-19,27.9033,29.1779,27.6884,28.7931,1802660.04,0.03159152695069982,0.04256184450514035,53.250825494256894,28.041185714285714,28.540257142857143
2019-08-20,28.7974,28.8079,27.52,28.0286,1232000.47,-0.02691035766047346,0.04272990414321822,51.5138592750533,27.837957142857142,28.589871428571428
2019-08-21,28.0375,28.051,26.3,26.925,1007261.99,-0.04017019440096941,0.030357519929604147,38.08336951801997,27.823585714285713,28.55058571428571
2019-08-22,26.9328,27.3301,26.211,26.9731,1087596.45,0.001784850032535535,0.025023135352349894,29.58390534414474,27.661771428571427,28.46793333333333
2019-08-23,26.9788,27.2864,26.5,26.94,1084259.29,-0.001227902092769877,0.024083003426680693,33.771534229277535,27.580185714285715,28.410790476190478
2019-08-24,26.9399,26.9586,26.01,26.2814,917921.54,-0.024750706334202,0.02536425406826017,31.949229374433358,27.40555714285714,28.341652380952382
2019-08-25,26.2982,26.4,25.57,26.0888,934538.7,-0.00735536119112395,0.02368266791547381,26.89120496535152,27.147142857142853,28.28000476190476
2019-08-26,26.0886,27.1908,25.6502,26.1257,1816730.9,0.0014134007274965081,0.01663860206294473,27.366789684353677,26.766085714285715,28.190209523809525
2019-08-27,26.1341,26.1507,24.6224,25.6051,1196769.36,-0.020127953790291697,0.015936554673488538,28.03508812006713,26.41987142857143,28.09272380952381
2019-08-28,25.6056,26.129,23.203,23.3565,1445782.29,-0.09191623242664472,0.033264703982423066,28.613562443897806,25.910085714285717,27.792109523809525
2019-08-29,23.3559,23.3559,21.2202,21.7777,1617357.37,-0.06998880750810321,0.03624665277229108,15.140965328808903,25.167885714285713,27.347838095238096
2019-08-30,21.7894,22.5678,21.5,22.1448,1599602.49,0.01671619549096997,0.039182817502739234,19.678837395893353,24.482857142857142,26.982409523809526
2019-08-31,22.1449,22.37,20.8857,21.0604,1372689.99,-0.05020820607253391,0.04000365257770907,17.543470814611837,23.737,26.572614285714288
2019-09-01,21.0602,21.6828,20.98,21.4248,1434203.84,0.017154629673340218,0.04341085556651392,17.29768508694815,23.070714285714285,26.15265714285714
2019-09-02,21.4195,22.8303,21.01,22.7449,1744034.29,0.05979181489050269,0.05428070259932936,20.70068014029104,22.587742857142853,25.798338095238098
2019-09-03,22.7449,22.89,22.1615,22.3511,1355982.53,-0.01746540759092966,0.05428732474813728,21.471856251318982,22.12288571428571,25.460238095238093
2019-09-04,22.3521,22.5998,21.4699,21.6764,1086933.26,-0.030651425727872515,0.044752106960953573,22.43903463630825,21.882871428571427,25.205514285714283
2019-09-05,21.6821,23.5213,21.3,22.6388,2252665.09,0.04344113727385088,0.039971850821099046,29.234100861432907,22.005885714285714,24.94518095238095
2019-09-06,22.6442,23.445,21.6997,21.9906,2011805.46,-0.029050159072634467,0.041550823618495526,27.60695671058346,21.983857142857143,24.6823
2019-09-07,21.9932,22.65,21.91,22.3996,1683916.96,0.018428012234654404,0.03568751617928332,32.03136572359648,22.175171428571424,24.439242857142858
2019-09-08,22.3961,22.7321,22.0,22.4111,1308063.92,0.0005132702793069011,0.03559291100665128,32.68584341603503,22.31607142857143,24.17797619047619
2019-09-09,22.3747,22.4901,21.74,22.0978,1013284.39,-0.014078315780790824,0.027063625935488528,31.51813818608963,22.223628571428574,23.85915238095238
2019-09-10,22.104,22.3262,21.5,21.7679,831852.96,-0.01504164848612098,0.0268793545776487,32.07954269488708,22.140314285714286,23.56102380952381
2019-09-11,21.7704,22.0724,20.5413,20.7334,1069320.6,-0.04869048106515339,0.030505455205407723,36.18272036746347,22.005599999999998,23.266185714285715
2019-09-12,20.7315,20.9572,19.65,20.82,1700773.17,0.004168136680884694,0.02233948674598911,44.014300178752244,21.74577142857143,22.973180952380954
2019-09-13,20.8236,21.2475,20.4088,20.788,1429273.21,-0.0015381660406273547,0.02122487637224527,41.14914935810458,21.57397142857143,22.68022857142857
2019-09-14,20.7889,21.15,20.6714,20.9555,1306146.56,0.008025244599960516,0.019344121892745657,49.22272114287407,21.36767142857143,22.426614285714283
2019-09-15,20.9438,21.0419,20.2619,20.2901,1149167.08,-0.032268059384353086,0.020446854434650143,41.951226432492994,21.064671428571426,22.150485714285715
2019-09-16,20.2901,20.8,19.8775,20.2422,1035427.91,-0.002363548197308451,0.02093244197473586,28.33797843059186,20.799585714285715,21.87031904761905
2019-09-17,20.246,21.439,20.03,21.0473,1845592.27,0.039002751703850744,0.028463541934297794,39.46509372979962,20.696642857142855,21.653280952380953
2019-09-18,21.0302,23.17,20.9442,22.2018,3303465.14,0.05340108080407653,0.028387044803254855,53.93983022886108,20.906414285714284,21.598295238095236
2019-09-19,22.2018,22.4383,20.0022,21.5376,1611944.94,-0.030373121764730043,0.03226185072936986,41.3558151218287,21.008928571428573,21.586861904761903
2019-09-20,21.5281,21.5764,20.9005,21.2695,1390566.5,-0.012526123259105374,0.032885241955034276,43.98029885633192,21.077714285714283,21.545180952380953
2019-09-21,21.2741,21.4494,20.8096,20.9666,1127512.7,-0.01434342626559465,0.033428601011946155,37.82166774314173,21.079299999999996,21.540714285714287
2019-09-22,20.9732,20.9912,20.0,20.3602,972362.63,-0.029348680566205612,0.03297293421438465,34.171001651667865,21.089314285714288,21.490019047619047
2019-09-23,20.364,20.364,19.1614,19.3228,1094670.56,-0.052296268997162956,0.03861265234980332,30.73558813728758,20.95797142857143,21.327061904761905
2019-09-24,19.3127,19.5,14.5,15.8249,2718637.43,-0.19970109692467283,0.07745402619587956,21.34633186762322,20.211914285714283,21.016290476190477
2019-09-25,15.824,16.4882,14.8945,16.0321,1826023.89,0.013008313513000747,0.07046030180404181,25.36806698033132,19.330528571428573,20.747514285714285
2019-09-26,16.0138,16.4,14.2555,15.2212,1807568.44,-0.0519037694555999,0.07010745392584826,22.735064378518416,18.428185714285714,20.394295238095236
2019-09-27,15.2113,15.777,14.7,15.6666,1435874.03,0.028841864761394925,0.07530323161801553,26.025204104561467,17.627771428571428,20.093152380952382
2019-09-28,15.6666,15.8729,15.2911,15.7346,1098737.85,0.0043310514435968,0.07683095822006435,25.32959088202773,16.880342857142857,19.775771428571428
2019-09-29,15.7335,15.7953,14.8018,15.1999,965380.71,-0.03457326027412211,0.07672409958411568,25.64637437084953,16.14315714285714,19.432380952380953
2019-09-30,15.187,15.8506,14.62,15.8349,1129249.13,0.04092751596271809,0.08246564685730311,30.035242849506687,15.644885714285715,19.13414761904762
2019-10-01,15.8493,16.28,15.6295,15.8563,1180092.08,0.0013505328452497968,0.03312970261326401,24.687926662765747,15.64937142857143,18.852642857142857
2019-10-02,15.8689,15.8892,15.5,15.8742,950491.27,0.0011282521169741384,0.032670287193541904,15.29931778796589,15.626814285714286,18.62125238095238
2019-10-03,15.89,15.929,15.25,15.6377,904724.95,-0.015010484328736098,0.02531562974435619,16.052337825241395,15.686314285714285,18.37447619047619
2019-10-04,15.6489,15.82,15.21,15.6133,858010.95,-0.001561550347711155,0.02279737087659688,16.515510300734093,15.678700000000001,18.128061904761903
2019-10-05,15.6028,15.7794,15.3644,15.6869,815215.74,0.0047028540168992765,0.022810895853446367,17.872138449742593,15.671885714285713,17.87717619047619
2019-10-06,15.6866,15.7299,14.9,15.0688,821939.84,-0.0401995880815165,0.02426697168199617,17.84672597345778,15.653157142857141,17.628542857142854
2019-10-07,15.0655,16.128,14.8555,16.0255,1138453.45,0.06155482250093649,0.030652674733188775,29.765455281858692,15.680385714285714,17.42774761904762
2019-10-08,16.0255,16.4007,15.7959,16.0213,992060.4,-0.0002621166558936809,0.03066187899056644,52.1100128921358,15.703957142857144,17.188414285714288
2019-10-09,16.0206,17.9999,15.8829,17.7177,2825143.73,0.10064505300072576,0.048407836731636546,63.71923427529626,15.967314285714284,16.974885714285715
2019-10-10,17.7089,17.918,17.031,17.5288,1785750.54,-0.010718897401533442,0.04797941078410216,70.89763094979352,16.23747142857143,16.783990476190475
2019-10-11,17.5328,17.7,16.51,16.5666,1477611.99,-0.05645662222982623,0.055312880961798545,57.45279894004637,16.373657142857144,16.560042857142857
2019-10-12,16.5666,17.4868,16.5059,17.17,1405695.82,0.03577505462787702,0.05620017041894088,60.918246265250865,16.585528571428572,16.37925238095238
2019-10-13,17.1666,18.7699,17.111,18.256,2233894.43,0.06133011821033567,0.05323369802191083,71.44721883026654,17.040842857142856,16.279052380952383
2019-10-14,18.256,18.6275,17.8511,18.4376,1643019.36,0.00989826469442398,0.05125510285139937,69.50669284847032,17.385428571428573,16.2369
2019-10-15,18.4389,19.17,18.1,18.5643,2919838.62,0.006848323744487095,0.050854818915689506,69.98052120532421,17.748714285714286,16.367347619047617
2019-10-16,18.56,18.647,17.3627,17.7401,1818495.34,-0.045412767714505566,0.041933378688999094,62.303340410660844,17.751914285714285,16.448680952380954
2019-10-17,17.7504,18.8346,17.562,18.5188,1889272.66,0.042958818458218445,0.044441016476905404,67.7296279430407,17.89334285714286,16.605709523809523
2019-10-18,18.5205,18.7501,17.6733,18.2188,1428262.33,-0.016332404329957816,0.03667328370068354,65.50763626840623,18.129371428571428,16.72724285714286
2019-10-19,18.2188,18.4444,17.8575,18.2229,1457873.52,0.00022501694582293113,0.035531265284973364,65.21989629345114,18.279785714285715,16.845733333333335
2019-10-20,18.2189,18.58,17.7152,18.4997,1696662.02,0.015075470818369909,0.027451780922116496,71.47023116684818,18.314600000000002,17.002866666666666
2019-10-21,18.4897,18.5171,17.91,18.2551,1497277.47,-0.013310022692736267,0.027724139268588056,65.31781582346314,18.28852857142857,17.118114285714285
2019-10-22,18.2534,18.8,18.0692,18.2286,1820100.14,-0.001452703791575446,0.027488001849639745,65.11828605087604,18.240571428571428,17.231080952380953
2019-10-23,18.2581,18.27,16.1213,16.6796,1846223.72,-0.08880537342455828,0.040542948506183965,42.74329973296796,18.08907142857143,17.269433333333335
2019-10-24,16.6798,17.0987,16.31,16.9194,1244966.99,0.014274476728704829,0.0355854861634441,45.77017047032039,17.860585714285715,17.330466666666666
2019-10-25,16.9194,19.111,16.7516,18.6188,2887081.78,0.0957109303843571,0.054144781775902234,62.92187185170261,17.917728571428572,17.47358571428571
2019-10-26,18.6189,19.7653,18.0308,18.9501,3135045.71,0.017637385618596107,0.05438996988526911,61.606269641529856,18.021614285714286,17.62897619047619
2019-10-27,18.9311,19.63,18.4744,19.2888,2293853.06,0.017715408025114576,0.054475787549215594,57.46091831132429,18.134342857142858,17.82992857142857
2019-10-28,19.2938,21.15,19.26,19.939,2713065.62,0.03315299624028104,0.05456605632286513,60.158322056833576,18.3749,18.016285714285715
2019-10-29,19.9379,21.2378,19.81,20.7452,2298554.91,0.039637281790915815,0.05501011449684824,63.51322882458643,18.734414285714283,18.241233333333334
2019-10-30,20.73,20.7975,19.1076,20.052,1822916.43,-0.033985995214421146,0.03866625181874466,64.56131510990741,19.21618571428571,18.352390476190475
2019-10-31,20.05,20.37,19.3529,19.9099,1679420.04,-0.007111803939473014,0.04057324693454059,59.52560292526604,19.643400000000003,18.46577619047619
2019-11-01,19.9087,20.0399,19.6424,19.9999,1305053.67,0.004510178079707036,0.025131855642965828,62.557283661642145,19.840700000000002,18.629266666666666
2019-11-02,19.9999,20.3,19.96,20.1745,1605037.27,0.008692157159954524,0.024918487698180843,63.43632958801498,20.015614285714285,18.772338095238098
2019-11-03,20.1847,20.39,19.8053,20.1874,1331174.6,0.0006392167087893938,0.02475201078598304,62.05758376795027,20.143985714285716,18.86430952380952
2019-11-04,20.1725,20.88,20.0285,20.6139,1642901.21,0.02090695812051279,0.022919590947139388,66.42526878725421,20.240399999999998,18.967942857142855
2019-11-05,20.6139,20.89,20.32,20.6588,1435739.44,0.0021757732211852066,0.01703562979032606,66.87920208923708,20.228057142857143,19.06768095238095
2019-11-06,20.6621,20.9399,20.4408,20.7,1304183.99,0.001992321519390494,0.008642717627274974,85.32243893867509,20.320628571428575,19.208628571428573
2019-11-07,20.6993,20.849,19.91,20.4208,1034081.11,-0.013579711025034085,0.010285980520023563,80.55109590953512,20.393614285714285,19.299200000000003
2019-11-08,20.4342,20.5164,19.2609,19.646,1087142.07,-0.038680233993611327,0.018959606335472733,60.6870864372217,20.34305714285714,19.367161904761904
2019-11-09,19.646,19.9632,19.4626,19.6999,886139.1,0.0027398043362492773,0.018499227383128047,58.278862291317026,20.275257142857146,19.437495238095238
2019-11-10,19.7042,20.6,19.6694,20.4333,1289880.02,0.03655236336242787,0.023975731501078873,61.62377363856108,20.31038571428571,19.529571428571426
2019-11-11,20.4323,20.6277,19.7497,20.0888,1002832.24,-0.017003477118048827,0.023190722625197502,51.6221250054143,20.235371428571426,19.616890476190477
2019-11-12,20.0977,20.9798,19.9443,20.9798,1236966.44,0.04339762420094139,0.029344590422482532,52.4945770065076,20.281228571428567,19.747899999999998
2019-11-13,20.9797,21.8,20.68,21.3846,1369703.62,0.01911096677013344,0.030029463773425587,65.0958357877566,20.37902857142857,19.97194761904762
2019-11-14,21.3883,21.6492,20.7111,21.3166,1177736.52,-0.0031849248958445106,0.02922406976305927,66.20734152130335,20.506999999999998,20.181338095238093
2019-11-15,21.3165,21.3353,19.9614,20.2735,1367539.25,-0.05017149738127894,0.032319724445502504,52.58464328899636,20.596642857142857,20.260133333333336
2019-11-16,20.2871,20.5999,19.9,20.1631,1001272.54,-0.005460413304190107,0.03254165097141765,49.89098420227213,20.662814285714287,20.317895238095236
2019-11-17,20.1641,20.4359,19.75,20.194,1154323.15,0.0015313293590617878,0.02908997442602955,50.06289787672015,20.62862857142857,20.361
2019-11-18,20.1889,20.1916,18.6,19.0817,1370495.1,-0.05665576999853249,0.03568389009630981,37.08617085833724,20.484757142857145,20.32017619047619
2019-11-19,19.0817,19.28,18.08,18.4997,1218553.06,-0.030975244847018097,0.028381477943248325,33.31323904474843,20.130457142857143,20.213247619047618
2019-11-20,18.4999,18.7494,17.7738,18.0826,1209633.01,-0.022804365801806163,0.02320291449835746,30.88205218102665,19.658742857142858,20.119466666666668
2019-11-21,18.0827,18.2399,16.34,16.7985,1724139.73,-0.07366055322605164,0.02756576968727632,26.928907175521942,19.013299999999997,19.971304761904758
2019-11-22,16.7986,17.2798,14.2846,15.485,3361932.03,-0.08141778328355478,0.03267243648262709,25.19966622958634,18.32922857142857,19.756309523809524
2019-11-23,15.4875,16.3483,14.957,16.232,1941371.46,0.047112789098347596,0.045179560314193075,30.908049900353433,17.767642857142857,19.568571428571428
2019-11-24,16.2321,16.506,14.9,14.9964,2155053.88,-0.07917443022591232,0.04579330871104266,21.63642623874462,17.02512857142857,19.321380952380952
2019-11-25,15.0152,15.76,13.88,15.1457,3066863.34,0.009906490988040011,0.049154038228613764,23.676390708374598,16.462842857142856,19.060990476190476
2019-11-26,15.1466,15.89,14.9382,15.3564,1658330.79,0.013815661963772291,0.05227792301592316,17.71426602976298,16.0138,18.80849523809524
2019-11-27,15.3565,16.2255,14.5811,16.0888,2414012.37,0.04659105248884238,0.05923525150955675,20.697401620114192,15.728971428571429,18.588914285714285
2019-11-28,16.0888,16.1899,15.4404,15.5333,1619471.91,-0.035137271199814774,0.0546740436605973,19.637963439347317,15.548228571428572,18.35617619047619
2019-11-29,15.5255,16.2998,15.4692,16.2281,2034467.97,0.04375820097558284,0.04792961680170703,27.955665024630534,15.654385714285713,18.193419047619045
2019-11-30,16.2281,16.2765,15.4501,15.7118,1435716.21,-0.032332285107166264,0.04613665340617145,26.771382351406345,15.58007142857143,18.003509523809527
2019-12-01,15.703,15.7139,14.8,15.4297,1232843.2,-0.01811779886499865,0.033830141011087715,25.7731853916015,15.641971428571427,17.765242857142855
2019-12-02,15.4287,15.62,15.019,15.1288,1205508.52,-0.019694011510933175,0.03481454194887575,28.09129504616851,15.639557142857143,17.52905238095238
2019-12-03,15.1394,15.4255,15.0475,15.2542,1260422.82,0.008254662940233208,0.03450456306646587,31.053043305661618,15.624957142857143,17.25640476190476
2019-12-04,15.2545,15.88,14.8275,15.1,1491335.52,-0.01016013115028067,0.02740899923188595,32.036425835361015,15.483699999999999,16.957138095238093
2019-12-05,15.1254,15.72,14.806,15.6555,1705007.77,0.03612754912520042,0.029280428074588576,42.453652353034386,15.501157142857142,16.687561904761907
2019-12-06,15.6532,15.7498,15.3,15.6666,1427720.75,0.0007087647676670666,0.022588405098613935,51.44798111883653,15.420942857142858,16.468185714285717
2019-12-07,15.657,15.8199,15.519,15.6067,1249702.29,-0.003830748481987146,0.019154711946275903,44.40066622490465,15.405928571428573,16.251214285714287
2019-12-08,15.6066,15.72,15.3496,15.6121,1097781.57,0.00034594539532942757,0.017606761232364293,57.07132192488801,15.431985714285714,16.03302857142857
2019-12-09,15.5947,15.799,15.1838,15.3284,959668.49,-0.018338937705676274,0.017338005040815035,52.03547316116669,15.4605,15.854299999999999
2019-12-10,15.3284,15.3454,14.6,14.8088,1002642.2,-0.0344857182580738,0.021694311218286723,44.292028018679105,15.396871428571428,15.678542857142858
2019-12-11,14.8004,14.9984,14.6,14.78,803255.65,-0.001946683143282599,0.021541909894597373,34.01250855076715,15.351157142857144,15.52127619047619
2019-12-12,14.78,14.8495,14.35,14.7238,740743.5,-0.003809683360951351,0.013047149247770213,38.737861376220835,15.218057142857143,15.422480952380955
2019-12-13,14.7165,14.9775,14.66,14.8555,883903.56,0.008904934889799326,0.014342542100619454,27.355813646561955,15.102185714285714,15.39250476190476
2019-12-14,14.8555,15.0,14.1629,14.3888,841053.92,-0.031920040870789715,0.016828084703420464,27.810948611297462,14.9282,15.304733333333331
2019-12-15,14.3887,14.493,14.1361,14.3949,786545.74,0.00042385100534839533,0.016837330747948326,30.873872541771405,14.754314285714285,15.276090476190475
2019-12-16,14.3946,14.4356,13.258,13.4544,1130101.43,-0.06756778708696576,0.02720947355147748,24.970102846209045,14.4866,15.195552380952382
2019-12-17,13.4721,13.475,12.1111,12.381,1686074.79,-0.08314315065794196,0.03654809171888638,16.534662691017502,14.13977142857143,15.053866666666666
2019-12-18,12.3837,13.7348,12.21,13.6158,2322029.57,0.09506784368294015,0.05869037562427038,36.18937730301113,13.973457142857143,14.936104761904764
2019-12-19,13.6247,13.7631,12.9624,13.3441,1378005.7,-0.02015654352838755,0.05864834497091318,27.29291103426594,13.776357142857142,14.831857142857142
2019-12-20,13.3519,13.5291,13.08,13.5,1397599.99,0.011615345851276573,0.05883385269949709,29.304218248509855,13.582714285714285,14.701947619047619
2019-12-21,13.4932,13.51,13.26,13.2933,1260784.85,-0.015429536544567359,0.05830905070762487,28.50479446963503,13.426214285714284,14.586780952380954
2019-12-22,13.2874,13.8309,13.2689,13.7798,1505338.18,0.035943602792271385,0.06098477776438309,34.372174743701265,13.338342857142859,14.508214285714287
2019-12-23,13.7768,13.9447,13.2,13.2998,1226252.01,-0.03545475417143041,0.056656644859252155,33.25850856633545,13.316257142857141,14.421119047619047
2019-12-24,13.2987,13.5916,13.2299,13.3369,1307251.73,0.0027856321534234486,0.043938874225326455,36.80170728645469,13.452814285714284,14.329819047619047
2019-12-25,13.334,13.3522,12.85,13.0666,923872.82,-0.020475273599605485,0.024197436082156135,35.27399614961496,13.374357142857141,14.232990476190476
2019-12-26,13.0665,13.5466,13.023,13.1414,1061255.7,0.005708196207549735,0.02362229880956046,36.44323361091121,13.3454,14.113271428571428
2019-12-27,13.1349,13.2981,12.8927,13.2888,1109927.01,0.011154022912704948,0.023577977141821554,36.613749380543084,13.315228571428573,14.000042857142857
2019-12-28,13.2888,13.72,13.2569,13.6779,1358908.6,0.02885981644406706,0.025330004380329736,43.844275496596985,13.370171428571428,13.908195238095237
2019-12-29,13.6788,14.2186,13.575,14.104,1608498.67,0.03067705345677207,0.024282188667293446,47.65187349660171,13.416485714285713,13.836380952380951
2019-12-30,14.0984,14.3796,13.78,13.8597,1255190.1,-0.017473096589713796,0.02008462307585395,53.68581873738201,13.496471428571429,13.766442857142858
2019-12-31,13.8597,14.0564,13.64,13.7161,970355.9,-0.01041502317643651,0.02102260386253195,64.6126567869886,13.550642857142858,13.714409523809522
2020-01-01,13.7159,13.8692,13.65,13.7184,940625.04,0.00016767209210226413,0.01828597157783504,51.53786198213323,13.643757142857144,13.663857142857145
2020-01-02,13.7072,13.7302,12.98,13.0105,971190.67,-0.05298127366019295,0.02916873742048421,45.577942735949115,13.625057142857143,13.582271428571428
2020-01-03,13.0104,13.75,12.9801,13.6474,1458450.49,0.04779230353627097,0.03458711569458245,51.73289442746296,13.676285714285713,13.524742857142858
2020-01-04,13.6481,13.871,13.5102,13.8092,1231281.06,0.011786009408720566,0.03309552414945942,56.1298448230793,13.695042857142857,13.497142857142856
2020-01-05,13.7978,14.3133,13.791,14.0532,1458003.02,0.017515091147635248,0.03148745253920138,53.44714545087754,13.687785714285715,13.480871428571428
2020-01-06,14.0488,14.9873,14.0168,14.9471,1633712.04,0.061667173233089546,0.037932260479837214,68.8069414316703,13.84312857142857,13.55195238095238
2020-01-07,14.9427,15.187,14.456,15.0226,1458769.7,0.005038432798389988,0.03692885410338385,69.07806876570316,14.029771428571427,13.67774285714286
2020-01-08,15.0212,15.32,14.2,14.5334,1497529.49,-0.03310628505311329,0.04079472715260049,65.81694271911664,14.146199999999999,13.721438095238094
2020-01-09,14.5334,14.5823,14.201,14.3978,1075088.98,-0.009374031699857573,0.032340430189808096,63.37278610354224,14.344385714285716,13.771614285714287
2020-01-10,14.3806,15.0973,14.11,15.07,1572086.31,0.04563059550594037,0.03197753769341593,67.05346200980392,14.547614285714287,13.846376190476192
2020-01-11,15.0643,15.32,14.7111,14.9177,1397398.3,-0.010157585241947584,0.033297972265012556,62.433809370988456,14.705971428571429,13.923728571428569
2020-01-12,14.9137,15.4707,14.8001,15.3366,2042903.51,0.027693701212250496,0.0338460776305229,62.37947935079545,14.889314285714287,13.997861904761905
2020-01-13,15.337,15.3572,14.9295,15.1736,1522093.0,-0.010685052920731413,0.026593890484462483,63.41508239570358,14.921671428571429,14.087090476190477
2020-01-14,15.1735,16.91,15.1659,16.6371,2711583.22,0.09207806567061029,0.04328222731709396,73.49203796043106,15.152314285714287,14.244242857142856
2020-01-15,16.6301,18.19,16.27,17.6655,3041574.63,0.05997844360899008,0.040391426770394534,77.24731123414007,15.599757142857145,14.463238095238095
2020-01-16,17.6655,17.6923,16.31,17.0333,1842017.29,-0.03644333337510408,0.04552249683935929,78.06317493093728,15.976257142857145,14.648566666666667
2020-01-17,17.04,18.4849,17.04,18.0724,2734829.93,0.05921566101575603,0.046867390007997604,79.22875713379833,16.40517142857143,14.876357142857144
2020-01-18,18.0763,18.3602,17.45,17.8088,1903293.0,-0.014693195454245607,0.04747723143057132,76.06825351304848,16.818185714285715,15.073066666666668
2020-01-19,17.7954,18.495,16.6666,17.388,2128210.74,-0.023912404027436593,0.0509261773502854,71.24563594199945,17.11124285714286,15.229447619047619
2020-01-20,17.3706,17.5516,16.8043,17.3235,1576499.08,-0.003716351885431018,0.05033819436961199,66.9288197412663,17.41837142857143,15.394390476190475
2020-01-21,17.3265,18.2,17.2228,18.1166,1923914.5,0.04476468379841735,0.041232184878982794,69.9963807455664,17.629728571428572,15.603938095238096
2020-01-22,18.1107,18.4,17.55,17.8344,1607749.78,-0.015699468510300057,0.03622506131267111,71.92073737615215,17.65385714285714,15.799938095238096
2020-01-23,17.8344,17.8344,16.7441,17.0524,1363632.79,-0.04483822024246918,0.03779028895522148,66.23449692996404,17.656585714285715,15.992409523809524
2020-01-24,17.0813,17.4429,16.4288,17.1148,1411501.98,0.003652629971250427,0.027845521528096086,63.51308485329103,17.519785714285714,16.15752380952381
2020-01-25,17.1133,17.1215,16.5685,16.9555,1211416.32,-0.009351321289217722,0.027697207147853238,63.454377393371196,17.397885714285714,16.307347619047622
2020-01-26,16.9419,17.499,16.8315,17.499,1619344.75,0.03155147147081448,0.029902973720163928,64.04593639575971,17.413742857142857,16.471433333333334
2020-01-27,17.4919,17.95,17.2198,17.67,1562998.84,0.009724549891995001,0.029987878593175938,66.19860880398673,17.463242857142856,16.601095238095237
2020-01-28,17.67,18.16,17.4466,18.0662,1916526.07,0.022174502853976104,0.025620272922411733,60.764051037163135,17.456042857142855,16.74602857142857
2020-01-29,18.0614,18.4437,17.809,17.9134,1452764.7,-0.008493753050643585,0.025041228715076785,52.15090148715011,17.46732857142857,16.906980952380952
2020-01-30,17.9296,18.7027,17.7,18.5555,1787521.22,0.03521720492913976,0.018145320670473232,63.18470013512109,17.682057142857143,17.104966666666666
2020-01-31,18.5557,18.88,17.8,18.2644,1647399.08,-0.015812431068960412,0.020927991767650214,51.910599848744184,17.846285714285713,17.25708095238095
2020-02-01,18.2644,18.5956,18.03,18.2752,1511588.86,0.000591139493289816,0.01975681629325231,54.88704472106962,18.034814285714283,17.416961904761905
2020-02-02,18.2753,18.7714,17.8277,18.4333,1558716.52,0.008613862051873632,0.017496390738825085,61.59100485684503,18.168285714285712,17.56442380952381
2020-02-03,18.4333,18.8763,18.1959,18.46,1314693.12,0.0014474175344257277,0.01759494811420521,62.70883188334492,18.281142857142857,17.72091904761905
2020-02-04,18.461,18.6158,17.87,18.1778,1215609.2,-0.015405159749138496,0.017658673961696365,50.77264922735081,18.297085714285714,17.794285714285714
2020-02-05,18.1778,19.4583,18.1635,19.262,2068915.04,0.05793317381310486,0.027104244011521825,64.98824122291285,18.489742857142858,17.870309523809524
2020-02-06,19.2686,20.84,19.03,20.6675,2794537.34,0.0704281750060211,0.03468999186279068,83.56077907127874,18.791457142857144,18.043366666666667
2020-02-07,20.6665,22.5221,20.5199,22.0555,3187751.23,0.06499958575147201,0.035994037097416,86.80771809580574,19.333042857142857,18.233038095238093
2020-02-08,22.036,22.19,20.8943,21.7888,2208642.4,-0.012165927589655158,0.0378269946809465,85.4404669374826,19.834985714285715,18.422561904761906
2020-02-09,21.7871,24.3814,21.7746,24.38,2853749.06,0.112367047746615,0.04896722785097347,88.80292333025061,20.684514285714283,18.755514285714284
2020-02-10,24.3517,25.7935,23.3,25.1465,4794544.72,0.03095559779833401,0.04629827505041411,89.50761458872766,21.63972857142857,19.128038095238097
2020-02-11,25.145,25.74,24.1202,25.6963,3512538.38,0.02162829081360662,0.040052060962267134,89.67521865282819,22.7138,19.48897619047619
2020-02-12,25.6728,26.9196,25.3402,26.4243,2954235.48,0.02793702867414209,0.040594080162298714,91.75735214750415,23.736985714285712,19.898019047619044
2020-02-13,26.4136,27.1905,24.5995,25.4579,3638084.35,-0.03725793393701776,0.048965658098498455,82.82105903834449,24.42132857142857,20.298280952380953
2020-02-14,25.4621,26.513,25.0304,26.3547,3252594.32,0.034620519800921214,0.04661368965362573,86.37430423796636,25.035499999999995,20.738276190476192
2020-02-15,26.3662,26.4931,23.5288,24.2576,3355196.37,-0.08291665685793131,0.06143963708829863,72.64825246835059,25.388185714285715,21.085995238095236
2020-02-16,24.2388,25.2485,21.8,23.3193,3752723.69,-0.03944862646607101,0.04644342160865224,67.4657191472325,25.236657142857144,21.36315238095238
2020-02-17,23.3193,23.6,21.551,23.4555,3208991.96,0.0058236650904283805,0.043984808328903176,67.71843454943995,24.995085714285715,21.63865238095238
2020-02-18,23.4558,24.4588,22.8013,24.0821,3010749.17,0.02636381697089805,0.04458368972465604,70.44241169423805,24.764485714285716,21.925123809523807
2020-02-19,24.0611,24.3264,21.8,22.3709,2160221.91,-0.07370781879352138,0.046936999167243476,60.316027687263976,24.18542857142857,22.137385714285713
2020-02-20,22.3702,22.6741,21.0,22.1626,2367513.62,-0.009354823630428177,0.04678710409944642,55.38926256749645,23.714671428571428,22.30915238095238
2020-02-21,22.1617,22.8639,21.7677,22.1888,2989205.36,0.0011814735520264271,0.04173906846739835,50.53280359412598,23.119542857142857,22.49602857142857
2020-02-22,22.1997,22.35,21.5,21.9689,2139282.22,-0.00995984020037189,0.032921815946969704,50.72256770310934,22.792585714285714,22.67191904761905
2020-02-23,21.9458,22.98,21.9275,22.8452,3052036.96,0.039113212759680695,0.0361005236180382,42.85980125795527,22.724857142857143,22.882009523809522
2020-02-24,22.8267,23.255,21.4844,22.0965,2294898.35,-0.03332180468685569,0.03752171202333744,35.787246733396714,22.530714285714286,23.05517619047619
2020-02-25,22.0965,22.0967,20.0711,20.3193,2335580.11,-0.08384805164295638,0.04314322976955117,27.51563911283577,21.99317142857143,23.15715238095238
2020-02-26,20.3316,20.5191,17.9,18.7441,3772185.04,-0.08069213706619972,0.04453538916987283,20.009527974758683,21.475057142857143,23.132490476190476
2020-02-27,18.7338,19.6499,17.7051,19.2,3018934.76,0.024031242801926377,0.04816363716468886,24.548759954123597,21.05182857142857,23.062609523809524
2020-02-28,19.1889,19.7551,17.9053,18.9838,3099999.93,-0.011324295143295233,0.04745207324520496,18.265264825673995,20.593971428571425,22.916338095238093
2020-02-29,18.9838,20.4,18.8,19.23,3569383.92,0.012885575710247874,0.04919474890147456,24.250184380889948,20.2027,22.794490476190475
2020-03-01,19.2481,19.8994,18.488,18.902,2382184.78,-0.017203823027823934,0.04221220098029389,25.867287289256026,19.639385714285712,22.533633333333334
2020-03-02,18.9183,20.0722,18.7583,19.9289,3267729.0,0.05290320295252317,0.051616096633933954,32.44214760823672,19.32972857142857,22.28517619047619
2020-03-03,19.9297,20.3865,19.3156,19.6882,2545825.0,-0.012151468016063946,0.0417994462147939,27.249945634727467,19.239571428571427,21.99907619047619
2020-03-04,19.6707,20.2847,19.5131,19.95,2408511.94,0.013209671826548811,0.02494423815057157,35.25190374657325,19.411842857142858,21.690776190476193
2020-03-05,19.95,21.4585,19.9401,20.7462,3090423.11,0.039133954039905126,0.027035861367217407,41.94806376060213,19.632728571428572,21.466409523809524
2020-03-06,20.7463,21.7628,20.6303,21.3389,3229858.82,0.028168600777516126,0.02567129184239038,45.46085730460696,19.96917142857143,21.227561904761906
2020-03-07,21.3389,21.49,19.7183,20.25,2378944.85,-0.05237690460074563,0.036750412170000066,41.599468277473136,20.114885714285716,21.03672380952381
2020-03-08,20.25,20.2612,16.7315,16.894,3465550.25,-0.18119626424724328,0.08084899188982908,26.58961811401508,19.828028571428572,20.730757142857144
2020-03-09,16.8939,17.4775,15.6168,16.5888,4046754.14,-0.018230760449650454,0.0749972605757686,27.55092890740272,19.350871428571427,20.403771428571428
2020-03-10,16.5934,17.4475,16.3107,16.8671,3449744.57,0.01663721013923461,0.07666719930305109,33.970394309169606,18.947857142857142,20.060200000000002
2020-03-11,16.853,17.1388,15.41,16.5705,2581538.77,-0.017740972996586495,0.07516973947220422,38.547462485247,18.46507142857143,19.783990476190475
2020-03-12,16.5698,16.6,8.89,9.2566,8801238.37,-0.5822871953902031,0.217297622821657,19.58758472191637,16.8237,19.16941904761905
2020-03-13,9.2565,11.5572,6.38,10.9204,11661947.1,0.1652957890744265,0.23761703929399813,27.34389048732244,15.335342857142857,18.632828571428572
2020-03-14,10.9224,11.2886,9.8652,10.1487,5350550.68,-0.07328698121525552,0.23711254035594484,25.215739573269573,13.8923,18.069961904761904
2020-03-15,10.1475,11.2644,9.9768,10.3898,6424065.36,0.023478937180444,0.2378607176272207,26.658184251225734,12.963128571428571,17.476847619047618
2020-03-16,10.3808,10.3952,8.4422,9.4285,5814301.17,-0.09708753846287388,0.23689616868315105,21.102255589436496,11.940228571428571,16.873609523809524
2020-03-17,9.429,10.49,9.3265,10.2576,5102840.45,0.08428187706601553,0.24283441677166023,24.860582408325612,10.996014285714285,16.394480952380952
2020-03-18,10.2498,10.4301,9.6539,10.3866,4453108.43,0.012497619577745816,0.24420586183371637,24.32478871121897,10.1126,15.996504761904763
2020-03-19,10.3917,12.6891,10.226,12.2597,5850057.14,0.1658009465595181,0.10499358705003445,28.461425228545167,10.541614285714287,15.666014285714285
2020-03-20,12.2597,13.65,10.4014,11.9147,6965457.92,-0.02854452850101613,0.09112978357866056,25.77700097671311,10.683657142857143,15.329390476190476
2020-03-21,11.8967,12.4199,11.25,12.1,5811696.5,0.015432520715591657,0.08302779180555205,28.03163444639719,10.962414285714285,14.989866666666666
2020-03-22,12.105,12.4754,11.0145,11.167,4562736.86,-0.08024245213904029,0.09212668004403002,32.24340212322652,11.073442857142856,14.621533333333332
2020-03-23,11.1494,12.49,10.8427,12.1887,5299899.45,0.0875462925517531,0.08214507397310455,36.93781949664251,11.467757142857142,14.252952380952381
2020-03-24,12.1887,12.5834,11.91,12.426,4627182.29,0.01928175862609405,0.07949873533892593,36.78393515019135,11.777528571428572,13.907133333333334
2020-03-25,12.4261,12.7108,12.0561,12.3251,3607793.89,-0.008153218155399574,0.08052034647746101,37.21742481723693,12.054457142857144,13.544042857142855
2020-03-26,12.3253,13.2565,12.19,13.199,3439169.72,0.06850323566071487,0.057021269425700474,69.38974247998269,12.188642857142856,13.18465238095238
2020-03-27,13.1989,13.3655,12.16,12.3354,2778050.91,-0.06766789164101183,0.06308625035791218,57.55391842835788,12.248742857142856,12.755914285714285
2020-03-28,12.3375,12.3588,11.6414,12.1888,2478685.11,-0.011955680203657781,0.06317753133226763,61.6698509306822,12.261428571428572,12.372047619047619
2020-03-29,12.1888,12.2425,11.275,11.3008,2305768.52,-0.07564397762962707,0.06220789772520181,54.852042011973,12.280542857142859,12.10570476190476
2020-03-30,11.3007,12.4277,11.2552,12.1365,4237647.48,0.0713439212613461,0.05868300627252203,64.61855714625035,12.273085714285715,11.893690476190475
2020-03-31,12.1368,12.7322,12.118,12.5451,5120471.15,0.033112710156055956,0.05968873279270337,62.935860750760604,12.2901,11.687880952380953
2020-04-01,12.5497,12.7386,11.96,12.72,4359956.32,0.013845406822053135,0.05968332924366459,63.12727845537603,12.346514285714287,11.504523809523809
2020-04-02,12.719,13.7362,12.5349,13.0166,5332604.53,0.023049908053569143,0.05373644014354196,55.17637564798731,12.320457142857142,11.68357142857143
2020-04-03,13.0185,13.57,12.9106,13.3615,5030322.03,0.02615197128963981,0.04572777564768823,59.89467925044454,12.467042857142859,11.799814285714286
2020-04-04,13.3682,14.0561,13.1724,13.7606,4840528.53,0.02943199895052032,0.04487000370210593,61.03418031044015,12.691585714285713,11.971809523809524
2020-04-05,13.7608,13.9638,13.4002,13.6888,4275639.25,-0.005231455970081621,0.023226603925484375,68.92220421393841,13.032728571428573,12.128904761904762
2020-04-06,13.6888,15.2149,13.6371,15.1989,5583296.76,0.10464507657683393,0.03443609925331889,71.04446308724833,13.470214285714286,12.403685714285714
2020-04-07,15.193,15.49,14.2503,14.7266,4718920.67,-0.03156767443410761,0.04198335837857838,65.5719507242453,13.781857142857143,12.616495238095236
2020-04-08,14.7267,15.3486,14.57,15.0888,4614905.63,0.024297364376474177,0.0417929413978978,68.06741367362682,14.120257142857142,12.840409523809523
2020-04-09,15.0899,15.2011,14.6279,15.0096,4638418.39,-0.005262750365274479,0.04328828932422254,63.20911637679468,14.404971428571429,12.971357142857144
2020-04-10,15.0096,15.0797,13.47,13.72,3999879.14,-0.08983537409181035,0.05976206286724985,59.51013791966592,14.456185714285713,13.05732380952381
2020-04-11,13.7171,14.0808,13.5234,13.807,3692817.92,0.006321087636276176,0.05873850024797181,61.20637119113574,14.462814285714286,13.138609523809524
2020-04-12,13.8089,14.8399,13.6439,14.2808,4070517.82,0.033740267817189945,0.05994143328697077,71.89309118692879,14.547385714285713,13.286885714285715
2020-04-13,14.2808,15.0799,13.6289,15.0277,4313190.93,0.05097918702503332,0.04733546715434065,71.52151258002084,14.52292857142857,13.422076190476188
2020-04-14,15.0257,15.9555,14.7835,15.6148,4523071.2,0.03832401767953148,0.04733649533926144,72.25871945471684,14.649814285714285,13.573923809523809
2020-04-15,15.6148,15.8888,14.4913,14.5755,3795966.9,-0.06887714549030377,0.05464581878665706,61.95569530535187,14.576485714285715,13.681085714285716
2020-04-16,14.5755,15.7669,14.116,15.7394,4068049.48,0.07682508585631166,0.06277009374392989,65.78032270029672,14.680742857142857,13.802057142857144
2020-04-17,15.7394,15.92,15.2501,15.64,3150559.17,-0.006335387704612931,0.04740173505663316,63.59211138551846,14.955028571428572,13.959419047619049
2020-04-18,15.6447,16.8183,15.6242,16.6137,3968019.07,0.060395921076373524,0.049409751214259265,65.92789433136451,15.355985714285714,14.170128571428572
2020-04-19,16.6198,16.6933,15.8509,16.0683,2962072.6,-0.033379269221058626,0.05405071403684703,62.61678278666793,15.611342857142859,14.397152380952383
2020-04-20,16.0677,16.4499,14.8219,14.9892,3219905.9,-0.06951844519475314,0.06020622825223844,48.8348575937059,15.605842857142859,14.53299523809524
2020-04-21,14.984,15.4416,14.6945,15.1283,3137524.29,0.009237220159168684,0.05805622848285118,52.31775851921945,15.536342857142857,14.656004761904764
2020-04-22,15.1381,15.803,14.9112,15.7104,3296897.61,0.03775575149599309,0.052032921292443086,53.497794183848015,15.698471428571427,14.798404761904763
2020-04-23,15.7103,16.4666,15.4102,16.034,3457409.45,0.02038855418787114,0.04380293535297993,55.610076670317625,15.740557142857144,14.942090476190478
2020-04-24,16.0502,16.2568,15.68,15.9319,3008320.26,-0.006388078996932906,0.04380474112698859,63.92445703493863,15.782257142857144,15.064490476190475
2020-04-25,15.9319,16.4305,15.7761,16.2283,2946839.79,0.01843324311592784,0.03691295970083066,64.85113899827034,15.7272,15.182
2020-04-26,16.2235,16.4435,16.04,16.3588,3314818.91,0.008009347111378323,0.034540336676629604,63.30584227646441,15.768699999999999,15.309142857142858
2020-04-27,16.3645,16.56,16.063,16.4229,2937287.36,0.003910723464258232,0.014109799206240115,59.789777989839735,15.973514285714286,15.367428571428569
2020-04-28,16.4199,16.49,16.1125,16.34,2838511.43,-0.005060612883534586,0.015699035920441657,55.47601788087471,16.146614285714286,15.444257142857143
2020-04-29,16.3354,17.5171,16.3,17.3667,3817656.7,0.06093849004330938,0.023020424960677542,71.11665910122562,16.38322857142857,15.552728571428572
2020-04-30,17.3754,18.1377,16.5,16.9542,4127322.51,-0.02403898873236706,0.026870511420319786,60.36943458071566,16.514685714285715,15.645328571428571
2020-05-01,16.951,17.8551,16.9381,17.466,3805293.67,0.029740543248742077,0.027121130898227826,64.56140350877195,16.733842857142857,15.823709523809525
2020-05-02,17.4665,17.5711,17.2599,17.5333,3009939.67,0.0038457959415217906,0.027206317329740073,58.57260049220672,16.92027142857143,16.00115238095238
2020-05-03,17.5337,17.81,16.8711,17.1071,2616299.53,-0.02460834791969637,0.03041749191408782,59.90389749065669,17.027171428571428,16.135738095238096
2020-05-04,17.1027,17.3267,16.2556,17.0074,2755883.63,-0.005845038552503409,0.030771440081762,73.66002344665887,17.11067142857143,16.230009523809525
2020-05-05,17.012,17.2993,16.606,16.8886,2613361.65,-0.007009705360260622,0.03088621010929795,70.7352698659505,17.189042857142855,16.29066666666667
2020-05-06,16.8814,17.145,16.3018,16.3743,2716280.37,-0.030925805584615454,0.020927738714580545,57.94728147669327,17.047271428571428,16.37632380952381
2020-05-07,16.3672,17.24,16.1218,17.0003,3030451.51,0.037517958443345066,0.02566161402303654,60.78628357109371,17.053857142857144,16.436366666666668
2020-05-08,17.0003,17.3977,16.823,17.1371,2621559.87,0.008014713029424752,0.022657859549943284,63.349579087284006,17.006871428571426,16.50765714285714
2020-05-09,17.1371,17.4926,16.733,16.7751,2243643.83,-0.021350059896916684,0.02342990879269576,55.96995370774738,16.89855714285714,16.51534285714286
2020-05-10,16.7753,16.79,13.9129,15.3506,2900497.8,-0.08874108287466514,0.03908448163342471,41.41752928357396,16.647628571428573,16.481166666666667
2020-05-11,15.3506,15.5468,14.01,15.0811,2726253.27,-0.017712257000588684,0.038853749611200875,38.963645336404014,16.372442857142858,16.48554285714286
2020-05-12,15.0902,16.24,14.9586,15.7892,3026813.09,0.04588385778961683,0.04569976365389,45.89212732317055,16.215385714285713,16.517014285714286
2020-05-13,15.7941,16.35,15.6785,16.2164,2813530.97,0.026696913834830343,0.04640582170996964,40.57857060953035,16.19282857142857,16.541109523809524
2020-05-14,16.2187,16.6982,16.0123,16.3777,2801822.6,0.009897577584346074,0.04363850417204497,45.075595797386185,16.103885714285717,16.55747619047619
2020-05-15,16.3722,16.4719,15.4606,15.7222,2314685.06,-0.040846927106867256,0.045033718135598616,35.46154872273728,15.901757142857145,16.547490476190475
2020-05-16,15.7121,16.2367,15.58,16.058,2730367.35,0.021133441443979984,0.04645274355067621,38.227173340568484,15.799314285714287,16.539380952380956
2020-05-17,16.058,16.51,16.0014,16.2959,2894016.23,0.014706374667975544,0.0290142169146854,43.326093395201895,15.934357142857142,16.536385714285714
2020-05-18,16.2999,16.862,16.2511,16.6299,3116537.96,0.020288737527185,0.02675111285123657,47.009521998827566,16.155614285714286,16.546242857142857
2020-05-19,16.6298,17.2488,16.3,17.2098,3245275.75,0.03427670904777538,0.02472601267996681,52.371249704701164,16.358557142857144,16.587661904761905
2020-05-20,17.2096,17.3396,16.4851,16.8998,2395316.09,-0.01817720146595311,0.02614973149383079,54.00015224175989,16.456185714285713,16.565428571428573
2020-05-21,16.8994,17.0675,15.7218,16.0888,2163570.98,-0.04917840980121901,0.03322041177597553,43.25164729399571,16.414914285714286,16.52421904761905
2020-05-22,16.0888,16.924,15.9145,16.5864,2520655.47,0.030459704724901226,0.030323560222404712,46.12962624573044,16.538371428571427,16.482333333333333
2020-05-23,16.5884,16.85,16.3202,16.48,2303001.13,-0.0064355579818316105,0.030068840181763253,47.84871768702525,16.598657142857142,16.43217619047619
2020-05-24,16.4789,16.79,15.9074,15.9624,2280998.65,-0.03191156782514158,0.03230564994973542,55.1396216270708,16.551014285714285,16.377666666666666
2020-05-25,15.9457,16.4161,15.8057,16.3807,2348512.91,0.025867855898358393,0.03303522698005295,60.651411336589845,16.515414285714286,16.347823809523806
2020-05-26,16.3807,16.4979,15.9537,16.2159,2007343.82,-0.010111570172748033,0.0288742963137254,53.83909452431938,16.373428571428573,16.315790476190475
2020-05-27,16.2097,16.51,16.1554,16.47,2613812.05,0.015548301807754399,0.02978928142824384,52.35503881728018,16.312028571428574,16.320347619047617
2020-05-28,16.47,17.1405,16.389,17.0772,2866468.39,0.03620369630592872,0.025178027991604304,55.9990394675906,16.45322857142857,16.324009523809522
2020-05-29,17.0769,17.198,16.6333,17.0031,2599351.65,-0.004348560122361632,0.023503792364857463,62.202069083773104,16.512757142857144,16.31762857142857
2020-05-30,17.003,17.7857,16.9291,17.7277,2969818.23,0.04173270766590071,0.02690054995004262,64.80886917960086,16.691,16.362990476190475
2020-05-31,17.7277,18.1954,16.8419,17.0916,2612942.18,-0.036541273292612836,0.028143172970112748,56.591613234587534,16.852314285714286,16.44589523809524
2020-06-01,17.0926,18.1224,16.9836,17.9477,2989853.06,0.04887485827332436,0.031482577082065984,60.047576931287935,17.076171428571428,16.5824
2020-06-02,17.9469,18.2,16.68,17.2669,2536257.15,-0.03867059900019364,0.03644408433524324,50.42876237103337,17.226314285714288,16.65276666666667
2020-06-03,17.2761,17.6275,16.9645,17.5779,2650311.14,0.017851057177393544,0.036523652806774866,55.091070168325906,17.384585714285716,16.7176
2020-06-04,17.578,17.6527,17.0424,17.517,2320525.89,-0.0034705932274177614,0.03468501038917488,62.0837281711114,17.447414285714284,16.77185238095238
2020-06-05,17.518,17.8999,17.4396,17.6914,2454899.86,0.009906807828209274,0.034556567410807676,59.890090219103534,17.54574285714286,16.86562380952381
2020-06-06,17.6915,17.7951,17.49,17.5511,2105593.92,-0.007962019787354332,0.030814921094635614,59.528850773090404,17.520514285714285,16.93672380952381
2020-06-07,17.551,17.6371,16.8526,17.4135,1816342.74,-0.007870858546302222,0.02704510500003188,63.84558135984578,17.566499999999998,16.989942857142857
2020-06-08,17.4134,17.5454,17.2594,17.4489,1657535.11,0.0020308419481583967,0.017982611986141026,60.99559435088726,17.49524285714286,17.02894285714286
2020-06-09,17.4489,17.5098,17.0374,17.3733,1631274.58,-0.004342064474798338,0.00976200881003202,62.13665534163834,17.51044285714286,17.036728571428572
2020-06-10,17.3734,17.5833,17.13,17.406,1807563.86,0.0018804294298986747,0.006432351863673565,60.29295328582739,17.485885714285715,17.06083333333333
2020-06-11,17.4084,17.5191,15.93,16.2298,1801896.12,-0.06996591577565234,0.026811271193965792,41.71781539544157,17.302,17.06754761904762
2020-06-12,16.2376,16.7999,16.0869,16.6377,1932061.47,0.024822146094122668,0.02922478992681107,46.64746036406341,17.15147142857143,17.069990476190476
2020-06-13,16.642,16.8179,16.49,16.8101,2023311.83,0.010308691557013718,0.030111670910020347,40.63176379303303,17.045614285714283,17.085709523809527
2020-06-14,16.8111,16.8398,16.4023,16.5729,1697344.55,-0.014211065030180645,0.03026658237710553,44.234744914971664,16.925528571428572,17.11478095238095
2020-06-15,16.5728,16.5982,15.4,16.377,1521685.21,-0.011890919744895196,0.0300254781740936,29.539118880754458,16.772399999999998,17.11460476190476
2020-06-16,16.3758,16.6481,16.1562,16.4329,1614905.64,0.0034075113967749313,0.030369198699844214,37.02309080724466,16.638057142857143,17.124938095238093
2020-06-17,16.4331,16.632,15.9709,16.3983,1502697.31,-0.0021077519438552237,0.03019092764043297,29.91828396322775,16.4941,17.12152380952381
2020-06-18,16.3983,16.5423,15.8783,16.1608,1382820.87,-0.014589114102535296,0.014674577094579573,28.221351490236344,16.484242857142856,17.077885714285713
2020-06-19,16.1665,16.3106,15.8966,15.9512,1324135.6,-0.0130544953075621,0.009960630071283318,22.367251016260084,16.386171428571426,17.027795238095237
2020-06-20,15.9611,16.0898,15.7,16.059,1427210.22,0.0067353785688015096,0.009032693016855905,26.05975034496032,16.278871428571428,16.948333333333334
2020-06-21,16.059,16.3358,15.921,15.9775,1317075.84,-0.00508795753705422,0.008373858315840817,26.53748121037836,16.193814285714286,16.895280952380954
2020-06-22,15.9792,16.55,15.9499,16.5051,1706812.42,0.03248794151457196,0.015902632415030867,36.716022970386206,16.212114285714286,16.826585714285713
2020-06-23,16.5051,16.5472,16.2602,16.3898,1453306.73,-0.007010233938123233,0.016137852896209372,36.310236351994654,16.20595714285714,16.784819047619045
2020-06-24,16.3898,16.6481,15.95,15.9968,1529800.3,-0.02427048788163418,0.018531038513620982,32.17285699827953,16.1486,16.70952857142857
2020-06-25,16.0084,16.0816,15.5,15.906,1201354.75,-0.005692305702170627,0.017942784184216333,44.352982211370765,16.112199999999998,16.632814285714282
2020-06-26,15.9056,15.9996,15.5715,15.7694,1041399.0,-0.008625043208339383,0.017573380110707245,33.27426127826793,16.08622857142857,16.541290476190476
2020-06-27,15.7696,15.8714,14.8,15.1242,1309335.66,-0.04177524337054332,0.02257465272100183,22.52892292651137,15.952685714285716,16.425723809523806
2020-06-28,15.123,15.4944,14.9249,15.3782,1402858.96,0.01665481216176101,0.024543217703103724,30.63883576961723,15.86707142857143,16.328804761904763
2020-06-29,15.3714,15.5901,15.204,15.4656,1511856.38,0.005667280550806183,0.019127390544962642,34.691615157215836,15.718571428571428,16.234361904761904
2020-06-30,15.4674,15.5476,15.2519,15.3838,1315772.42,-0.005303194986677508,0.019172174986790348,32.53072234988511,15.574857142857143,16.13962380952381
2020-07-01,15.3959,15.8888,15.3363,15.8144,1612208.19,0.02760590969014867,0.02210915527340336,41.40995086356548,15.5488,16.063833333333335
2020-07-02,15.8123,15.9796,15.0743,15.3634,1399345.39,-0.028932859981125228,0.024441386130362397,38.962405182437315,15.471285714285715,16.02257619047619
2020-07-03,15.364,15.488,15.2484,15.2863,1211128.83,-0.005031054961478144,0.024389216943553477,40.44601546110297,15.402271428571428,15.95822380952381
2020-07-04,15.2856,15.6399,15.2239,15.5548,1319545.75,0.01741227023538781,0.018941726219214673,43.074936820129636,15.463785714285715,15.898447619047618
2020-07-05,15.5579,15.6135,15.1,15.4885,1120649.91,-0.004271459593897679,0.018252332060709964,43.255544521681564,15.479542857142858,15.846809523809522
2020-07-06,15.4865,16.3496,15.4401,16.311,1606449.31,0.05174191376090763,0.026604018980811828,47.524297849544666,15.600314285714285,15.84366666666667
2020-07-07,16.312,16.8757,16.0301,16.8048,1880630.34,0.029824833054480637,0.02707272633740632,54.827153026566776,15.803314285714285,15.861376190476191
2020-07-08,16.7995,17.455,16.5683,17.2819,2271202.72,0.02799515114877396,0.027109008789202006,64.66105368836563,16.012957142857143,15.903452380952379
2020-07-09,17.2819,17.5,16.4088,16.8274,1869273.67,-0.026651200803469083,0.026532915095212408,59.706303724928375,16.2221,15.935195238095238
2020-07-10,16.8278,17.331,16.4438,17.3123,2099193.57,0.028408721302579275,0.0257434209050455,65.14220660686598,16.511528571428574,16.000009523809524
2020-07-11,17.3133,17.6888,17.018,17.6205,2318005.65,0.01764576541565521,0.0257430162350047,76.23431490005677,16.806628571428572,16.074366666666666
2020-07-12,17.6205,18.59,17.5928,18.2994,2995977.41,0.03780527547471429,0.024614462615853035,78.18276540732454,17.208185714285715,16.184933333333333
2020-07-13,18.3036,18.9999,17.7282,18.4046,3228967.7,0.005732360945519668,0.02191175166113411,78.25744173525115,17.50727142857143,16.275385714285715
2020-07-14,18.4007,18.77,17.8266,18.079,2385481.97,-0.017849589670269797,0.02459694952074337,74.75294809154701,17.6893,16.35582380952381
2020-07-15,18.079,18.1538,17.4194,17.6351,1959582.73,-0.024859809486402814,0.02635955954975666,66.68071461291805,17.73975714285714,16.433838095238098
2020-07-16,17.6351,17.7618,16.5473,17.1647,2053439.44,-0.027036284881543953,0.02643179033909753,66.44452153590535,17.78794285714286,16.49377619047619
2020-07-17,17.1647,17.4825,16.9354,17.0676,1854764.1,-0.005673019949885188,0.0239592868886769,66.20276883334242,17.752985714285717,16.55559523809524
2020-07-18,17.0675,17.3247,16.8122,17.1507,1687884.76,0.004857059723470352,0.022660992684486507,65.02306316483103,17.685871428571428,16.65209523809524
2020-07-19,17.1542,18.098,16.89,18.0154,2597680.63,0.049187958567164666,0.026270128616760324,70.67873451283981,17.6453,16.77767619047619
2020-07-20,18.0166,18.34,17.235,17.4645,2487505.49,-0.03105669850963716,0.028031589914127516,59.87873182261961,17.511,16.8728619047619
2020-07-21,17.4645,17.9799,17.4,17.7285,2110735.01,0.015003264975224515,0.028749094261007205,58.23482214495856,17.46092857142857,16.984514285714283
2020-07-22,17.7268,18.1151,17.45,18.09,2174379.2,0.020185785268935868,0.0280196723360293,57.355859382111454,17.525914285714286,17.09287619047619
2020-07-23,18.095,18.77,18.043,18.75,2393871.45,0.03583445300921611,0.02658821572954858,66.86964762038468,17.75238571428571,17.254142857142856
2020-07-24,18.7508,19.55,18.235,19.1853,2790281.46,0.022950608376811458,0.02548414993583277,66.57874238776378,18.054914285714286,17.439809523809522
2020-07-25,19.1878,20.0434,19.1451,19.8242,2956369.76,0.03275905282393933,0.02550351057807797,68.42712601388078,18.436842857142857,17.643114285714287
2020-07-26,19.8196,20.49,19.2639,19.5557,2857739.16,-0.013636609578880684,0.024851318160915847,61.27920130721304,18.656885714285714,17.836790476190476
2020-07-27,19.5524,20.1999,18.4,19.7474,3841364.91,0.009755033073182134,0.01654087074397602,61.87141947803948,18.983014285714287,18.000428571428568
2020-07-28,19.7489,20.6834,19.4281,20.1732,3516712.35,0.02133315373340434,0.016551445170767703,68.19208450606345,19.332257142857145,18.16082857142857
2020-07-29,20.1692,20.4091,19.7404,19.899,2219760.2,-0.013685511633347613,0.020452342295762004,70.26369023110935,19.590685714285712,18.285452380952382
2020-07-30,19.8926,20.0995,19.5111,19.97,2052250.83,0.0035616682161950953,0.01811266870288255,77.04320666319626,19.76497142857143,18.435100000000002
2020-07-31,19.97,20.855,19.9102,20.6615,2251101.21,0.03404091769404887,0.01992967422953008,81.08318486101263,19.97585714285714,18.594585714285717
2020-08-01,20.6637,21.74,20.51,21.6168,2657942.85,0.04519872503373312,0.022610285645697538,83.56304390302559,20.231942857142858,18.784885714285718
2020-08-02,21.6204,22.1832,19.1,20.9898,3352897.46,-0.029434184715191058,0.026149704253402524,73.18099632146641,20.436814285714288,18.913
2020-08-03,20.9899,22.5,20.7,22.0504,2668345.02,0.04929413687757082,0.030041029249322275,83.10975697803703,20.76581428571429,19.086609523809525
2020-08-04,22.0622,22.4433,21.41,22.2818,2393749.74,0.010439459424005844,0.029986221786477793,83.02987218361453,21.06704285714286,19.28674285714286
2020-08-05,22.2967,23.54,22.0566,23.2728,3698317.51,0.043515094934417645,0.02889391456860106,84.45002791736458,21.549014285714286,19.55520476190476
2020-08-06,23.2685,23.315,22.5,22.7487,2442941.26,-0.022777295769207857,0.0331530873173813,77.06835628122332,21.94597142857143,19.821109523809525
2020-08-07,22.7488,22.9999,21.4515,22.3323,2770775.51,-0.0184739399113887,0.03497141334047296,71.35760241061973,22.184657142857144,20.071809523809524
2020-08-08,22.3323,22.9241,21.8571,22.9234,2408862.4,0.026124161908567756,0.03253040058679759,71.17055576807473,22.371314285714284,20.346700000000002
2020-08-09,22.923,22.9233,22.0462,22.422,2112178.17,-0.0221156031728785,0.031202889813967228,68.97583581595497,22.575914285714283,20.556538095238096
2020-08-10,22.4224,22.77,22.0462,22.6369,2108928.42,0.009538698433334877,0.025906093706093727,69.07084493842153,22.659699999999997,20.80284285714286
2020-08-11,22.6369,22.7306,20.66,21.2902,3211543.44,-0.06133444522174433,0.03531306290645777,56.57321752230302,22.518042857142856,20.97244761904762
2020-08-12,21.2993,21.982,20.571,21.4919,2455644.02,0.009429247018657777,0.029063438097567545,59.45442243088281,22.263628571428573,21.134442857142858
2020-08-13,21.4919,21.856,20.64,21.7667,3079217.71,0.012705159045021095,0.029827068526146704,60.41215127667218,22.123342857142855,21.278095238095236
2020-08-14,21.7751,23.3019,21.26,23.1047,3820214.92,0.05965478102870953,0.038009505534607496,63.171741568187684,22.233685714285713,21.464733333333335
2020-08-15,23.0966,23.7884,22.7,23.0881,2752160.06,-0.0007187267589142002,0.03684250316836452,58.82529361661287,22.257214285714287,21.620157142857142
2020-08-16,23.1045,23.779,22.7,23.529,2705823.75,0.01891636962217267,0.03579688666438093,65.57867870815744,22.415357142857143,21.809361904761904
2020-08-17,23.5291,23.91,22.9584,23.4961,2423484.1,-0.0013992529677953303,0.03590029202764085,60.14967915865146,22.538100000000004,21.98787142857143
2020-08-18,23.4868,23.78,22.333,22.9705,2531759.28,-0.022623665943890127,0.025353497606930554,54.64327611547849,22.778142857142857,22.12107619047619
2020-08-19,22.9802,23.25,21.8219,22.3761,2128074.03,-0.026217359023273493,0.02900398105686661,43.612792933969665,22.904457142857144,22.23903333333333
2020-08-20,22.3817,23.3,22.0265,23.0888,2246864.02,0.03135422650218621,0.030562899892853764,52.35915151010668,23.09332857142857,22.387547619047616
2020-08-21,23.0909,23.32,21.5,22.0988,2493196.51,-0.043824343058917914,0.026394725633093728,48.499685158769935,22.949628571428573,22.455990476190475
2020-08-22,22.0994,22.2464,21.2814,22.2044,1892077.61,0.004767159030815417,0.02667010908979445,45.07277761026287,22.823385714285713,22.483971428571426
2020-08-23,22.201,22.2348,21.2841,21.8555,1618992.6,-0.0158378613242444,0.02449727190256519,46.03496787379088,22.58431428571429,22.525195238095236
2020-08-24,21.8575,22.9746,21.6655,22.5953,1877744.04,0.03328931393531451,0.02962618445782317,49.728764050804585,22.455628571428573,22.551142857142857
2020-08-25,22.6016,22.6415,20.9805,21.3882,2271280.88,-0.05490255196810433,0.03478348690707674,50.65081684154604,22.229585714285715,22.508590476190474
2020-08-26,21.3881,22.4743,21.2651,22.1999,2500162.91,0.03724841628285417,0.03803114714864554,54.34942867674161,22.204414285714286,22.4575
2020-08-27,22.2005,23.1507,21.8064,23.1127,2927744.89,0.040294465638341756,0.03942829123697127,57.66776803007862,22.20782857142857,22.474833333333333
2020-08-28,23.1127,23.5846,22.6158,23.0811,2545445.75,-0.001368149185785004,0.03449344284744052,49.84204749283858,22.34815714285714,22.510490476190476
2020-08-29,23.0783,23.5,22.7416,22.9398,1854485.72,-0.0061407075487364925,0.034814535324550214,49.023738364514905,22.45321428571429,22.511271428571426
2020-08-30,22.9441,23.83,22.9,23.6208,1908490.67,0.029254286530282215,0.0345616207876016,50.58580289455548,22.7054,22.568357142857145
2020-08-31,23.625,23.9,22.967,23.1477,1767387.78,-0.02023225625302117,0.03475335621268299,47.89501667552807,22.784314285714284,22.592680952380952
2020-09-01,23.1481,25.41,22.84,24.7028,4442974.1,0.06502117398835695,0.030490750323385604,59.3083362887019,23.257828571428572,22.755185714285716
2020-09-02,24.7101,25.8262,23.1215,24.7652,5879568.29,0.0025228443881566503,0.030150302278957368,63.6160536184473,23.6243,22.911057142857143
2020-09-03,24.7653,25.54,19.8765,20.3592,7231336.21,-0.1959065437416811,0.08328620290278325,39.05217223897838,23.230942857142857,22.844033333333336
2020-09-04,20.4027,21.83,19.2,20.9712,5306193.02,0.029617169703646362,0.08512803054635971,45.33602461864266,22.929528571428573,22.742438095238096
2020-09-05,20.9995,21.5539,18.011,19.4698,4589184.15,-0.07428552076545732,0.08796918425487626,39.859984277895606,22.433814285714284,22.570138095238093
2020-09-06,19.4737,23.4418,18.5283,23.142,8105158.28,0.17278460133645904,0.11490065248221919,53.827160493827165,22.365414285714284,22.551709523809524
2020-09-07,23.1612,23.5545,20.0,22.4426,5454222.91,-0.0306882099837969,0.11523062792121085,49.544643975404206,22.264685714285715,22.50154285714286
2020-09-08,22.4428,23.42,21.2739,23.2837,5158563.98,0.03679260647200948,0.11286510859588114,55.77857582723109,22.061957142857146,22.516457142857146
2020-09-09,23.2745,24.5201,22.4139,24.4716,4016452.51,0.049759716561806465,0.11502215734403189,56.770159680043875,22.020014285714286,22.616242857142858
2020-09-10,24.4847,25.67,24.0568,24.5489,4199327.55,0.003153785215211343,0.07749056964980607,54.50451015569133,22.61854285714286,22.685771428571428
2020-09-11,24.5579,25.6969,23.0677,25.399,3622605.07,0.03404275645135296,0.07753605876968549,56.914852359444644,23.251085714285715,22.842923809523807
2020-09-12,25.4,28.5305,25.3575,28.505,6538679.83,0.11536970731281623,0.06873177619598031,64.10697084917618,24.54182857142857,23.14295238095238
2020-09-13,28.5044,32.4401,27.61,31.1656,10646215.66,0.089235411958381,0.0492538163349154,67.38064742036251,25.68805714285714,23.586290476190477
2020-09-14,31.1656,33.3888,29.0,31.2523,9039644.32,0.0027780510321371355,0.042062187955677274,69.00864050435777,26.946585714285714,23.998528571428572
2020-09-15,31.2546,31.278,26.7123,27.1181,7931354.646,-0.14189157185316498,0.08340553439435182,55.053499767756186,27.494357142857144,24.27138095238095
2020-09-16,27.1148,28.4724,25.82,27.8695,5777419.752,0.027331499274280118,0.08257816003784406,56.3130686601888,27.97977142857143,24.541361904761906
2020-09-17,27.8539,28.83,26.05,27.095,4620518.874,-0.028183691877101007,0.08438319088959359,66.07221257182124,28.3435,24.73099523809524
2020-09-18,27.1106,28.75,26.5708,27.629,4243135.999,0.019516736717945925,0.08398863741736287,65.94545141017781,28.66207142857143,24.94756190476191
2020-09-19,27.6414,27.977,26.6591,27.2035,2431517.15,-0.015520304241590472,0.07065762625377889,69.52865778828235,28.476142857142857,25.15059523809524
2020-09-20,27.2035,27.32,25.1247,26.316,2854262.145,-0.03316852227068151,0.0567412273683653,59.326406600768664,27.783342857142856,25.278938095238097
2020-09-21,26.3167,26.68,22.1,23.1232,5251422.243,-0.12934067669262203,0.06728103102399148,51.74426948784189,26.622042857142855,25.27777142857143
2020-09-22,23.1273,24.565,22.6666,24.0468,3289566.923,0.0391654890348321,0.05695352451785908,51.947468622557054,26.183285714285713,25.246533333333332
2020-09-23,24.0468,24.3437,22.4514,22.8331,3134141.774,-0.051790693996207886,0.05444551867630602,45.82396688738348,25.4638,25.15452857142857
2020-09-24,22.8448,24.6999,22.5661,24.5745,3284994.641,0.07349808237653699,0.0667172998330305,50.0601447232403,25.103728571428572,25.35525714285714
2020-09-25,24.5749,25.0799,23.7111,24.6924,2826869.589,0.004786184032957858,0.06571054558587786,48.280761856563075,24.684214285714283,25.532457142857144
2020-09-26,24.6925,26.4628,24.475,26.1998,3124585.621,0.05925627317088035,0.07162361669217919,43.91806323610115,24.54082857142857,25.852933333333333
2020-09-27,26.1885,26.9,25.5012,26.251,2555050.062,0.0019523063999940281,0.07057424169327123,34.9631007600142,24.531542857142856,26.00098095238095
2020-09-28,26.2435,27.72,25.8313,26.9855,3220774.85,0.027595601161130034,0.04185154017134912,37.4429062485285,25.0833,26.217309523809522
2020-09-29,26.9969,29.0,26.86,28.8946,3642915.268,0.06835504173719861,0.045162415086718345,56.016119746689704,25.77584285714286,26.48449523809524
2020-09-30,28.8814,29.5646,27.8813,29.2656,3106927.077,0.012758038391072717,0.030919568766432353,54.852927885651525,26.694771428571432,26.71278095238095
2020-10-01,29.2696,29.3927,26.2111,27.4673,4045336.882,-0.06341655860561815,0.0435643744795602,51.20814647031719,27.108028571428573,26.85175238095238
2020-10-02,27.4583,28.3633,25.6652,27.3369,4141965.566,-0.004758768345677755,0.04411603114662293,49.02661237112027,27.48581428571429,26.94403333333333
2020-10-03,27.3338,28.3997,27.0701,28.1867,2946071.992,0.030612797597186926,0.040452887160594066,53.18629039575853,27.76965714285714,26.92887619047619
2020-10-04,28.1872,29.15,27.9658,28.9668,3102597.66,0.027300111099172363,0.040699954723896724,58.65075842623294,28.15762857142857,26.82417142857143
2020-10-05,28.9832,29.2665,28.0687,28.6158,2268257.171,-0.012191333749303618,0.04126942689600335,72.0066669871949,28.390528571428572,26.69862380952381
2020-10-06,28.633,28.99,27.25,27.6812,2811072.145,-0.0332055304243561,0.033857095943555814,64.54877345801576,28.217185714285712,26.725438095238093
2020-10-07,27.6907,27.8965,26.8401,27.6898,2059951.007,0.0003106319217336038,0.03301625501100191,71.51781521093814,27.99207142857143,26.71688095238095
2020-10-08,27.6931,27.8153,26.4999,27.7424,2476236.461,0.001897814475609742,0.022157885855880282,66.50549679570678,28.03137142857143,26.747709523809526
2020-10-09,27.7342,28.5368,27.4548,28.4076,2590468.083,0.02369478619269086,0.023409233995982562,68.31266389321556,28.18432857142857,26.78478571428571
2020-10-10,28.398,29.2814,28.0666,28.4414,2405371.457,0.001189115164127918,0.020621699378589493,62.92703743858275,28.220714285714287,26.843733333333333
2020-10-11,28.41,28.72,27.876,28.5271,2329452.666,0.003008682505158913,0.017288820569120598,63.07397153262031,28.1579,26.94902380952381
2020-10-12,28.52,31.1299,28.4338,30.6503,4364790.221,0.07178793759229175,0.032035933253100494,68.15443755325265,28.448542857142858,27.307457142857142
2020-10-13,30.6503,31.7999,30.187,30.7256,3337167.877,0.0024537330704902105,0.026393791226217125,61.08407186788707,28.883457142857143,27.625495238095237
2020-10-14,30.7256,31.33,30.3733,30.838,2472670.449,0.0036515124161298797,0.026114609087128194,59.826271716035514,29.3332,28.006680952380954
2020-10-15,30.838,31.6663,30.399,31.3256,2684900.014,0.01568795887986223,0.02543915151260961,78.83502981929061,29.845085714285716,28.328161904761902
2020-10-16,31.3256,31.9798,29.5705,30.0516,2971307.367,-0.0415197504729035,0.03341948934283513,67.32661892543945,30.07994285714286,28.583361904761905
2020-10-17,30.051,30.564,29.6521,30.2414,1854975.623,0.00629594237986825,0.03330061415189005,64.32066240120437,30.337085714285713,28.775819047619045
2020-10-18,30.2423,31.0354,30.165,30.6593,2267377.317,0.0137241955968193,0.033238047840224605,62.42347725237461,30.641685714285718,28.985738095238098
2020-10-19,30.6568,30.6766,29.7002,29.9107,1752644.999,-0.02471976622084426,0.021382162972287934,58.98076096153578,30.53602857142857,29.125033333333334
2020-10-20,29.9043,30.0892,28.5,28.8227,2583242.44,-0.037053004787733906,0.024533660432111744,57.75191166284108,30.264185714285713,29.121609523809525
2020-10-21,28.8131,30.4074,28.6406,29.7329,2663615.889,0.03109090569639166,0.028747106361506812,62.360998511670665,30.106314285714287,29.143861904761902
2020-10-22,29.7355,31.3,29.6655,30.6396,2830836.337,0.030039113136267427,0.030916085994266682,65.88655904544657,30.008314285714285,29.29492380952381
2020-10-23,30.6334,31.2,30.0652,30.6377,2025854.801,-6.201317618791868e-05,0.025909082583033025,63.18789842816761,30.092042857142854,29.452104761904767
2020-10-24,30.6461,30.8781,30.4243,30.6639,1625502.524,0.0008547901390923252,0.025866882481389554,63.154779520568205,30.1524,29.57006666666667
2020-10-25,30.6522,30.9726,29.8805,30.128,1486538.469,-0.017631095004996135,0.02620724887462401,58.996145071198164,30.076500000000003,29.625361904761906
2020-10-26,30.1342,31.43,29.96,31.0467,2648020.165,0.030037550623314493,0.026637253729142805,52.5763011490667,30.238785714285715,29.741119047619048
2020-10-27,31.0436,32.3788,30.9,31.4826,2889807.64,0.013942489722532142,0.018991671916678478,54.69964488812734,30.61877142857143,29.922138095238097
2020-10-28,31.473,31.9375,29.8,30.3338,2208604.609,-0.037172409914860254,0.024614300903310137,47.226683681327145,30.70461428571429,30.04804285714286
2020-10-29,30.3295,30.4272,29.47,29.8702,1977911.04,-0.015401274458894963,0.022116460650785017,41.9734839293199,30.5947,30.149366666666662
2020-10-30,29.8696,30.2596,27.5111,28.4909,3211305.358,-0.04727658984443564,0.027411571569416978,41.49157716840213,30.288014285714286,30.153333333333336
2020-10-31,28.4969,28.888,28.1132,28.5058,1986140.314,0.0005228372989811462,0.027389177978516418,40.354133783873934,29.979714285714287,30.1564
2020-11-01,28.5058,28.679,28.0,28.5318,1916131.681,0.0009116793764408962,0.027472696150218034,37.637570165142314,29.751685714285713,30.156623809523808
2020-11-02,28.5485,29.3079,27.7782,27.7983,2123599.052,-0.026044386970223304,0.022297204725949763,37.70373474899881,29.287628571428574,30.020814285714284
2020-11-03,27.7984,27.7984,25.7499,26.8638,2591560.855,-0.03419521234786287,0.01873881296459313,38.3897772667465,28.6278,29.836919047619045
2020-11-04,26.8722,26.97,25.9,26.96,2039985.34,0.00357463064431789,0.01978099819368951,31.81013106624161,28.145828571428574,29.652252380952383
2020-11-05,26.9607,27.8947,26.6601,27.6875,2396900.822,0.02662676176124798,0.025765028816760047,30.168348358838642,27.834014285714286,29.479009523809527
2020-11-06,27.686,29.4692,27.6668,29.0435,2741813.969,0.04781365830485561,0.028295812268529036,40.9389564624304,27.912957142857145,29.431004761904763
2020-11-07,29.0391,29.899,26.85,27.7651,3091788.824,-0.04501486976636334,0.03362459229083129,35.576961350157234,27.807142857142857,29.313085714285712
2020-11-08,27.7628,28.6943,27.449,28.4101,2298549.455,0.02296487940341876,0.03513461003153081,41.544352893692846,27.789757142857145,29.20598095238095
2020-11-09,28.4101,28.9691,27.3461,28.0941,2148267.466,-0.011185125865989859,0.033764001858662324,34.55042069571769,27.832014285714283,29.119476190476192
2020-11-10,28.0836,28.488,27.6114,28.2188,2172598.769,0.004428832605952988,0.029889867754103155,32.34715070745533,28.025585714285715,29.09071904761905
2020-11-11,28.2183,28.5999,27.7966,28.016,1974074.31,-0.007212646943732497,0.03037189259346709,36.034657283331725,28.17644285714286,29.008961904761907
2020-11-12,28.0057,28.1599,27.3028,27.6874,1661489.286,-0.011798339482812876,0.02937066221618313,36.630570595585176,28.17642857142857,28.868380952380953
2020-11-13,27.7019,28.5198,27.5284,28.1974,1934234.556,0.018252339051273894,0.022722776568517778,47.9880999712096,28.05555714285714,28.75217619047619
2020-11-14,28.1974,28.1974,27.3684,27.9311,1503467.499,-0.009489011755685358,0.014614168395511126,46.191769929096814,28.079271428571428,28.62204285714286
2020-11-15,27.9359,28.2332,27.07,27.6786,1442022.548,-0.00908121192059686,0.01113850087448326,44.51106536284096,27.974771428571426,28.505404761904764
2020-11-16,27.6822,28.2202,27.4461,27.9451,1685368.835,0.0095823197372688,0.011577826523104772,51.00479123887747,27.953485714285712,28.35770952380953
2020-11-17,27.9588,28.8,27.9262,28.5552,2243647.205,0.021597184946670216,0.014347342797219047,62.115004440879,28.001542857142855,28.218309523809527
2020-11-18,28.5552,28.838,27.5,28.0931,2220839.931,-0.01631506153406786,0.015642996160143197,57.71183556795753,28.01255714285714,28.111609523809523
2020-11-19,28.1049,28.3666,27.6183,28.1387,2011350.337,0.0016218584500448411,0.014693440458061608,53.385049365303246,28.07702857142857,28.029157142857144
2020-11-20,28.1266,29.3516,28.0598,28.9715,2491336.079,0.02916673510631939,0.017056261887444028,49.41381443970428,28.187614285714282,28.05204285714286
2020-11-21,28.9722,30.8,28.2955,30.5161,3160335.472,0.05194182505016224,0.02359008588900406,71.46669579873901,28.556900000000002,28.147771428571428
2020-11-22,30.5168,31.12,29.0,30.0226,2842370.783,-0.01630398180971125,0.024824426013411876,62.88742187624879,28.89175714285714,28.21876190476191
2020-11-23,30.0291,31.1,29.786,30.995,2920522.887,0.0318754697715216,0.02592604788545551,70.98300180831825,29.32745714285714,28.370985714285716
2020-11-24,30.9994,35.14,30.7934,33.9407,7296367.369,0.09078898307121565,0.038896165226647836,79.39281861611957,30.096814285714288,28.707980952380954
2020-11-25,33.9451,35.4338,30.439,31.2953,4589237.082,-0.08114695769850302,0.05476626025620208,63.46613447655655,30.554271428571433,28.91442380952381
2020-11-26,31.295,31.7708,26.35,28.2356,6241853.013,-0.10288433340622172,0.07099469813507206,51.83870881184931,30.56811428571429,28.940523809523807
2020-11-27,28.2354,28.7175,27.2042,28.4606,2317359.795,0.00793708153976629,0.0700121993648547,50.90000136778323,30.495128571428577,28.912766666666666
2020-11-28,28.4606,29.6175,27.9,29.1766,2636652.594,0.024846343482605636,0.06719005128159845,54.131861278272815,30.303771428571427,28.979980952380952
2020-11-29,29.1552,30.45,28.8544,30.1045,2857702.301,0.03130764409895446,0.06842044802354115,57.702590285318756,30.31547142857143,29.060666666666666
2020-11-30,30.1003,31.5999,29.723,31.4935,2978036.229,0.04510651309061137,0.06960769970325573,60.51701857757651,30.386685714285715,29.22254285714286
2020-12-01,31.4935,31.8875,29.17,30.1996,3139022.083,-0.04195249607231637,0.05870363388123465,54.68393947680248,29.85224285714286,29.316866666666662
2020-12-02,30.2003,30.9993,29.5306,30.2875,2360296.308,0.0029064068826490396,0.05147116773298327,56.38671897737989,29.70827142857143,29.425033333333335
2020-12-03,30.2724,30.793,29.8568,30.7065,1924462.466,0.013739272424004339,0.02782969280325892,57.31450252951096,30.061257142857148,29.5688
2020-12-04,30.7099,31.1371,28.7051,29.0231,2064574.445,-0.056382293934992535,0.0381085659436312,50.14019148635578,30.14161428571429,29.608119047619045
2020-12-05,29.0315,30.0588,28.6588,29.728,1836870.147,0.023997297999772037,0.038027952544294766,47.75645222817515,30.22038571428572,29.69368571428571
2020-12-06,29.7296,30.1819,29.0124,29.5026,1330813.899,-0.0076109675761468,0.03593121803949869,48.496727491385094,30.134400000000003,29.780542857142855
2020-12-07,29.4912,29.6685,29.06,29.37,1219543.166,-0.004504649844752521,0.02913796181589602,45.062531144034324,29.831042857142855,29.848395238095236
2020-12-08,29.3705,29.4998,27.45,27.6705,1844102.056,-0.05960688146292203,0.03288984546348402,29.387360614348836,29.469742857142855,29.806266666666666
2020-12-09,27.6705,28.3853,26.9244,28.1452,1635344.181,0.01700996120104969,0.03438837601043474,37.92037671889499,29.163700000000002,29.80874761904762
2020-12-10,28.144,28.2997,27.39,27.6926,1344683.627,-0.01621159546019139,0.03269430301092649,47.39738108476005,28.73314285714286,29.787504761904767
2020-12-11,27.695,27.77,26.7273,27.3419,1244803.112,-0.012744905362282044,0.027120050223274586,44.70187070802747,28.492971428571426,29.709904761904756
2020-12-12,27.349,28.23,27.2542,28.1603,1293965.518,0.029492860516002452,0.028273429869696574,45.23306972860908,28.269014285714288,29.597723809523806
2020-12-13,28.1603,29.2628,28.0,29.1571,1639495.816,0.03478526624950819,0.032526602210934785,45.58478114980239,28.21965714285714,29.556509523809524
2020-12-14,29.1599,30.1884,28.6669,30.0338,2028334.088,0.02962496322455893,0.03452943505303794,42.85616404835315,28.314485714285716,29.510738095238096
2020-12-15,30.0338,30.379,29.3069,29.5053,1624791.814,-0.017753505890637043,0.02379914090541884,46.32688258509591,28.576600000000003,29.299528571428574
2020-12-16,29.5059,30.614,29.0265,30.5577,2161816.842,0.03504679146028972,0.025690450390756514,51.297092822305004,28.921242857142854,29.264404761904764
2020-12-17,30.5524,31.5489,29.6891,30.2255,3274786.131,-0.010930760724688316,0.024794464850104902,47.671559135620804,29.28308571428571,29.35916190476191
2020-12-18,30.2254,31.2172,29.61,30.9882,2045326.343,0.02492054789888044,0.02237061070185693,60.443660250209916,29.803985714285716,29.479523809523812
2020-12-19,30.9858,34.2307,30.8812,33.3167,4117460.293,0.07245228591795172,0.03050129907344223,66.26539880526119,30.540614285714287,29.676671428571428
2020-12-20,33.3018,35.69,32.5899,34.3148,4477498.818,0.02951797521061732,0.03025546004591636,70.38307749652671,31.277428571428572,29.877161904761902
2020-12-21,34.3072,35.6,31.4871,32.05,4558115.88,-0.06827956462198718,0.04557711223216083,59.61497065281344,31.565457142857138,29.9036619047619
2020-12-22,32.05,33.8,30.4719,33.5151,3563635.673,0.04469890017741502,0.04551537316684194,71.32723212330865,32.138285714285715,30.06154285714286
2020-12-23,33.5112,34.505,30.0,31.1843,3940926.442,-0.07208132050705222,0.05576454735908084,59.76681256949667,32.2278,30.10424761904762
2020-12-24,31.1698,32.7589,30.0,32.4895,2999570.853,0.04100219717498037,0.0570574774152835,64.61498150619406,32.551228571428574,30.189152380952383
2020-12-25,32.4947,33.4954,31.7313,33.1996,2596272.905,0.021620867445069337,0.05693022645040314,67.46450570353542,32.86714285714286,30.388033333333333
2020-12-26,33.1996,34.0495,32.51,33.6361,2418941.544,0.013062067314254147,0.050055591125081914,66.70632886675942,32.912771428571425,30.574133333333332
2020-12-27,33.651,34.99,31.8601,33.674,3747872.718,0.0011261312642623395,0.048520736117159284,64.63722090800091,32.82122857142857,30.772771428571428
2020-12-28,33.6741,36.15,33.3105,35.951,4121783.103,0.06543087395626135,0.04455475347794388,67.57953154523524,33.37851428571429,31.08615238095238
2020-12-29,35.9507,39.9999,35.3015,39.0667,7022548.487,0.0831135415248898,0.05057858191639091,74.62120821960139,34.1716,31.628828571428567
2020-12-30,39.0746,39.27,36.8131,38.1558,2424623.467,-0.023592664087120022,0.037082629064097754,69.70921636274028,35.16752857142857,32.10552380952381
2020-12-31,38.1558,38.2133,36.5157,37.3588,1887715.835,-0.021109284699199815,0.04091565466125185,68.06786117738841,35.863142857142854,32.565819047619044
2021-01-01,37.3596,38.959,36.9555,37.7762,2435989.127,0.011110781765496321,0.04103679058709148,67.4993555039959,36.51694285714286,33.062690476190475
2021-01-02,37.7637,38.8798,36.8,38.2331,3018062.206,0.012022357875586262,0.04106141109380231,64.02809956971822,37.173657142857145,33.54234761904762
2021-01-03,38.2331,41.7017,37.763,41.2575,4903626.697,0.07613128186406368,0.04539095585681193,67.75653846350585,38.257014285714284,34.11855714285714
2021-01-04,41.256,43.2039,38.02,41.1333,5306248.166,-0.0030149020055078644,0.04357485572142262,76.08779316564328,38.99734285714286,34.647104761904764
2021-01-05,41.13,41.8375,38.8014,41.8219,3513141.346,0.01660211334564015,0.03338515479150529,74.97144162668496,39.39094285714286,35.23360952380952
2021-01-06,41.8271,42.267,40.4531,42.2417,3784444.687,0.009987759024552104,0.030043315948111455,87.55502119334857,39.974642857142854,35.789990476190475
2021-01-07,42.244,44.9,41.366,43.5728,5026746.669,0.031025217666323768,0.025913164169233456,87.57687743685372,40.86235714285714,36.42557619047619
2021-01-08,43.5728,43.722,40.2313,42.356,3548923.788,-0.02832301489838598,0.032195008592929335,80.01271780886577,41.51661428571429,36.966899999999995
2021-01-09,42.345,44.0552,41.5,43.8479,2720363.636,0.03461673956727783,0.0328157766440265,81.30610192769905,42.318728571428565,37.468385714285716
2021-01-10,43.8479,45.162,40.0,42.4031,4277406.29,-0.03350535436266686,0.02696602179902177,74.63550927101855,42.48238571428572,37.853542857142855
2021-01-11,42.4033,42.5094,35.0374,38.1674,6372598.994,-0.10523972465742121,0.049558724829915954,55.63247133447182,42.058685714285716,38.14484761904762
2021-01-12,38.1623,40.1989,37.0,38.2541,3261261.81,0.002268995955242152,0.04852852321128425,47.559202700916735,41.549,38.370514285714286
2021-01-13,38.2703,40.4499,37.02,40.1114,3512089.385,0.04740983911615217,0.053278177375039794,55.55801871241318,41.244671428571436,38.79561428571429
2021-01-14,40.1114,42.0,39.5739,41.8723,3306689.933,0.042963927267727534,0.054879977131164465,62.161506749656446,41.00174285714286,39.24241428571428
2021-01-15,41.8721,42.5622,38.6616,40.8668,3431358.936,-0.024306512983100256,0.054624267122522004,58.07172779791689,40.789,39.60751904761905
2021-01-16,40.8951,44.12,40.625,43.142,3243054.414,0.05417900310110569,0.057424283468550344,61.70854223413745,40.68815714285714,40.06018095238095
2021-01-17,43.1413,46.7228,40.9192,45.8675,3878914.299,0.06125980469821257,0.059961043516639445,61.15466511807974,41.18307142857143,40.64082380952381
2021-01-18,45.8645,46.8888,44.0278,45.3412,3069449.938,-0.01154069384551747,0.034816307546233174,59.987373078073304,42.2079,41.08797619047619
2021-01-19,45.3592,47.2187,41.7,42.5241,5151546.872,-0.06414513738841997,0.04834013130650176,51.513714399041156,42.8179,41.25261428571429
2021-01-20,42.5241,43.0992,40.2,42.6069,3709936.492,0.0019452379534897158,0.04628895406142043,50.79885902281955,43.1744,41.464571428571425
2021-01-21,42.6056,42.7176,38.2,38.6343,3460575.242,-0.09787572905540862,0.0580011214065901,40.31632488989809,42.71182857142857,41.525309523809526
2021-01-22,38.6596,41.528,36.8518,40.8936,3088685.295,0.05683308865212057,0.06291435338550494,47.24507942249148,42.71565714285714,41.67375714285714
2021-01-23,40.8938,41.88,39.4555,40.9109,2531809.648,0.0004229596234413774,0.05832575551245045,44.14170024334782,42.396928571428575,41.801271428571425
2021-01-24,40.9113,42.2,40.3144,41.8263,2340747.623,0.022128797068234896,0.052178948539896824,48.82466092853417,41.81961428571429,41.82835714285714
2021-01-25,41.827,43.4241,40.5364,41.8347,2778238.02,0.0002008104141288903,0.052428402603433476,59.02817782110554,41.318685714285714,41.861757142857144
2021-01-26,41.8347,42.598,39.6955,41.8396,2758108.622,0.00011712078871527127,0.04702080928358057,58.862495983389756,41.22089999999999,41.86260000000001
2021-01-27,41.8397,42.0984,39.6102,40.8826,2638401.378,-0.023138714825738912,0.047594060081577225,51.99501246882791,40.97457142857143,41.79788095238095
2021-01-28,40.8957,43.085,40.317,42.5254,2984098.651,0.039396999813531695,0.027361580917344322,51.69988703858907,41.53044285714286,41.74800476190476
2021-01-29,42.5277,44.0,41.8017,42.8618,3433689.484,0.007879441894444427,0.01968017154824221,55.37996871797639,41.81161428571428,41.77209047619048
2021-01-30,42.8653,45.1071,42.5911,44.7849,2767954.291,0.04389004267042911,0.023791827995775883,54.51621593389374,42.36504285714285,41.81670952380952
2021-01-31,44.8022,45.8269,43.3,44.3292,2431692.198,-0.010227426909725739,0.024826283377451717,45.16838263469669,42.7226,41.90842857142857
2021-02-01,44.3291,52.3736,43.4331,51.4781,6095055.413,0.14951287238545505,0.058292216027094966,63.61232737548631,44.100228571428566,42.542271428571425
2021-02-02,51.4762,53.0,49.1572,51.0071,4675040.877,-0.009191635788922469,0.05917724669079108,71.00209946721068,45.40987142857142,43.14955714285715
2021-02-03,51.029,52.7,49.7823,52.12,2949735.036,0.021583913535648428,0.054961861556351396,72.40939050302228,47.015214285714286,43.72139523809524
2021-02-04,52.12,57.0547,51.25,55.9599,4004741.294,0.07108661054833168,0.05669186375465185,91.06954913952497,48.93442857142857,44.39223333333333
2021-02-05,55.9593,68.73,55.9202,67.7005,5040545.223,0.1904582026103528,0.07790244636918554,93.83894316468407,52.48281428571428,45.670028571428574
2021-02-06,67.6217,75.5,61.7,72.8356,8482528.531,0.07311128124941388,0.07734477870010434,94.72236153098305,56.49005714285714,47.08400952380953
2021-02-07,72.8693,74.8199,64.1803,68.3542,5969908.442,-0.06350183695544837,0.08833490576225375,83.7865306777455,59.9222,48.154804761904764
2021-02-08,68.355,79.8823,67.6152,79.8374,7860567.389,0.1552890566333984,0.08931168706379283,87.45370361244875,63.973528571428574,49.79748095238095
2021-02-09,79.8734,116.24,78.0381,107.3469,12487305.868,0.2960735800616411,0.11821413861718297,91.86438728231347,72.02207142857144,52.88428095238095
2021-02-10,107.3496,148.4,107.2811,128.9711,16613534.274,0.18352270185089173,0.11466449483413081,94.53200909562439,83.0008,56.9968619047619
2021-02-11,128.9463,132.8,117.7289,124.085,5920400.255,-0.03862153361597771,0.13038824194065873,89.92226964796177,92.73295714285713,61.06594285714285
2021-02-12,124.1129,141.32,120.89,136.6139,5626020.824,0.0961918842751664,0.1259387723350648,90.99689086544137,102.57772857142858,65.62405238095238
2021-02-13,136.7321,138.5067,125.0,133.3496,3785723.402,-0.024184447915936335,0.1345159699872313,88.279477220684,111.22258571428571,70.02589523809523
2021-02-14,133.3498,139.0,128.4615,135.8623,4405507.885,0.018667621813196197,0.12228420721703424,88.87128870965961,120.86659999999999,74.5038
2021-02-15,135.8623,139.369,118.0,130.303,4772752.806,-0.04177936515466688,0.12940998619399896,83.9326348632921,128.07597142857142,78.71657619047619
2021-02-16,129.9493,133.4925,126.0,130.183,3258276.714,-0.0009213547637028352,0.08345696738031433,84.18704624687278,131.33827142857143,82.92340476190478
2021-02-17,130.183,175.9997,126.7546,165.3233,10185662.26,0.23896179783820418,0.10142187672594329,87.77838218460809,136.53144285714285,88.84915238095238
2021-02-18,165.3176,199.88,162.7969,195.6,11226893.373,0.16816880686920857,0.10624457220998297,89.61144839253771,146.74787142857141,96.13841904761905
2021-02-19,195.5549,348.6969,194.9279,333.111,20188858.198,0.5324040101698472,0.20737443907308353,93.93737830373996,174.8188857142857,109.95980952380953
2021-02-20,333.2212,335.0,223.0,253.0,13497656.247,-0.275086279043044,0.25430119419475083,73.89393769797294,191.9118,119.87481428571428
2021-02-21,253.01,309.4995,249.7044,295.2597,10646422.307,0.1544658193242579,0.252996561891216,77.35205716477546,214.68285714285713,131.8238857142857
2021-02-22,294.9167,296.0,220.5,267.5147,12604399.402,-0.09868078995456449,0.25954856152492417,71.76984874330905,234.28452857142858,142.11134285714286
2021-02-23,267.1721,269.444,186.1,231.3646,15879767.559,-0.14517969689016516,0.2744521060893817,64.10287901024655,248.73904285714283,150.69979523809525
2021-02-24,231.3646,281.0,213.0257,254.5056,11777825.187,0.09532801847071923,0.2660139045492594,64.22628789583825,261.4793714285714,160.33720476190476
2021-02-25,254.3826,265.4014,231.5,234.9146,6871992.794,-0.08010079583625582,0.2659927278734559,62.15474072790523,267.09574285714285,168.85885714285715
2021-02-26,234.7605,239.4,209.105,221.717,7410706.385,-0.05782024996055563,0.14463816757206432,59.31963247599489,251.18231428571428,176.1929761904762
2021-02-27,221.9592,237.77,219.011,225.3853,4192697.152,0.01640958820666886,0.10945503500968101,60.069910589808785,247.23735714285712,183.45724761904762
2021-02-28,225.4567,229.4,195.0,210.2138,5674373.249,-0.06968627403952847,0.07989488615655127,57.915755069015255,235.08794285714285,190.21246666666667
2021-03-01,210.1177,260.0,209.1204,254.9637,7911568.194,0.19299607403601152,0.11688096190345386,62.24966496872943,233.29494285714284,198.55181428571427
2021-03-02,254.9486,264.9,227.0,239.6841,5386013.794,-0.06179937576003976,0.1039716015647017,60.448723808556885,234.48344285714282,204.8535857142857
2021-03-03,239.7204,254.8481,236.002,240.5701,4278388.733,0.0036897168423202665,0.09618734905740113,57.68234633020405,232.49265714285713,210.1678238095238
2021-03-04,240.4801,249.9885,225.5308,229.6369,3999983.836,-0.046512157348420284,0.09277078823239251,53.61790699686583,231.73870000000002,215.19410476190478
2021-03-05,229.6369,232.2,215.6439,225.4714,3654842.805,-0.01830604418703982,0.09005917083985555,34.03207363668352,232.27504285714284,219.42541428571425
2021-03-06,225.5391,232.4996,219.1514,226.3814,2663375.536,0.00402786584612154,0.08985949766254869,44.838323604102264,232.41734285714287,223.8555
2021-03-07,226.3812,243.95,224.9542,240.11,3519962.929,0.05887596419563541,0.08615433687754542,37.97524216445947,236.6882285714286,228.8196761904762
2021-03-08,240.1039,243.0986,228.7029,240.5509,3045991.968,0.0018345578916773428,0.03944092833622795,43.32622818706896,234.62925714285714,234.06957619047617
2021-03-09,240.7852,297.2962,235.6001,293.2052,7937298.708,0.1979409956251074,0.08100973207095875,64.15004022562962,242.27512857142855,241.83253809523808
2021-03-10,293.1305,295.5,263.8184,278.4499,6012304.148,-0.051634554284760104,0.08638732703893677,55.697450694017135,247.68652857142857,247.21951904761903
2021-03-11,278.3522,315.2855,272.12,290.0301,6598662.207,0.040746559793126476,0.08117903220448675,63.63429016989337,256.31412857142857,251.71619047619052
2021-03-12,289.786,290.5,247.5547,263.2201,5905880.87,-0.09699414638138987,0.09396604927738102,59.61907596092027,261.70680000000004,248.38805238095236
2021-03-13,263.192,284.2857,255.4206,276.2822,3902398.386,0.04843224280877329,0.09404040211521635,61.30403669749222,268.8354857142857,249.49672857142855
2021-03-14,276.2892,276.8847,263.0003,263.238,2432196.535,-0.04836424119570324,0.09694923952687784,61.888844743358526,272.13948571428574,247.97188571428572
2021-03-15,263.35,267.7453,249.5327,254.5144,3362734.143,-0.03370115000719732,0.09855677196677379,49.87984928345461,274.1342714285714,247.3528238095238
2021-03-16,254.3894,259.7847,240.199,258.5352,3013229.0,0.015674438968608404,0.05406514134665837,55.364121499225725,269.18141428571425,248.64666190476194
2021-03-17,258.5611,272.1787,248.2001,269.7896,2856836.919,0.04261054106786511,0.05598724436819869,57.851196589050815,267.94422857142854,249.37447142857144
2021-03-18,269.8578,277.8,257.01,261.4816,3152509.589,-0.0312784782181466,0.05281131164723724,58.67902118142637,263.86587142857144,250.63956666666667
2021-03-19,261.5157,269.0,255.0,262.935,2262870.653,0.005542935601973353,0.038494145199628044,60.36361564141463,263.82514285714285,252.6023285714286
2021-03-20,263.1083,274.6805,261.4,264.3023,2377018.11,0.0051866704620714375,0.03238172321586893,60.463645489508735,262.11372857142857,254.45551904761908
2021-03-21,264.2213,268.0305,257.0001,264.6513,1973476.754,0.001319586635361092,0.026554121070168486,57.31163990740272,262.3156285714286,257.04778095238095
2021-03-22,264.7152,277.0,252.9164,254.7976,3265655.831,-0.03794360593868067,0.0275033240279583,54.01912587884084,262.3560857142857,257.0398714285714
2021-03-23,254.9689,262.97,251.838,255.4646,2587450.732,0.002614343684092345,0.02670682458565145,34.93377192632276,261.91742857142856,257.7913238095238
2021-03-24,255.5191,268.7062,240.3333,248.5236,3270691.795,-0.027546037339214697,0.0194936875286768,37.25832313617695,258.87942857142855,258.17006190476195
2021-03-25,248.5345,250.0912,224.9686,233.9466,3498082.827,-0.06044492665950522,0.026298109450661796,26.715601815139706,254.94585714285714,258.37528571428567
2021-03-26,234.0024,255.2113,233.8114,255.2105,2635329.155,0.0869958106381186,0.04713247601776837,46.51409143372439,253.84235714285714,259.7914333333333
2021-03-27,255.1201,276.0,249.5001,269.2234,3089181.848,0.05345282338793033,0.05202166809015951,46.95311137623646,254.5453714285714,261.8315285714286
2021-03-28,269.2864,281.3939,261.0,268.4263,3272613.755,-0.0029651298382876176,0.05206492073670067,52.50426927157395,255.08465714285714,263.17992380952376
2021-03-29,268.6234,277.9813,264.4585,275.2991,2728496.99,0.025281754607797628,0.04939141458609318,60.2147863685554,258.0134428571429,264.8346
2021-03-30,275.2986,311.5325,271.2857,311.2962,5532768.33,0.1228867275163578,0.06455687963297424,69.72896003876915,265.98938571428573,265.69607619047616
2021-03-31,311.2962,316.6997,284.0,302.3724,4719335.506,-0.029085500199897515,0.06478082065429616,62.39983559641966,273.6820714285715,266.8352428571429
2021-04-01,302.4591,339.0,300.7,334.7991,4390708.581,0.10187128014090138,0.05633879492081927,73.57434951290236,288.08957142857145,268.9671
2021-04-02,334.6706,356.9882,324.6162,338.2932,4205858.478,0.010382324642468313,0.05566478553852685,73.91664773008581,299.95852857142853,272.5420095238095
2021-04-03,338.2932,349.1347,315.91,321.9497,3099870.848,-0.04951765292008555,0.06450169207332535,66.70749294572906,307.4908571428572,274.7166523809524
2021-04-04,321.9597,352.3275,316.0,348.8617,2730876.03,0.08028024643103172,0.06602403106767846,71.14961327609745,318.9816285714286,278.7939714285714
2021-04-05,348.8705,380.0,335.8442,368.0263,3473780.055,0.053478834413484264,0.0660185840503028,77.16704215822472,332.2283714285714,284.1993
2021-04-06,368.1506,411.755,363.8333,403.3648,4481056.436,0.0916869604019086,0.06042181622375234,80.42400181021537,345.3810285714286,291.09594761904765
2021-04-07,403.2607,414.3803,356.0,375.5538,6179859.708,-0.07143962683476521,0.06957194696776954,74.06467501468165,355.8355142857143,296.1323380952381
2021-04-08,375.5538,422.6323,371.78,418.7048,4092498.638,0.10876440044108912,0.07078113918275003,81.58162654824297,367.8220428571429,303.61915714285715
2021-04-09,418.7047,453.9937,403.19,453.9937,3670424.433,0.08091718427828852,0.0722057164469565,82.42433139553852,384.3506857142857,312.7171904761905
2021-04-10,453.9898,487.4062,450.0,471.2975,4659107.212,0.037406208145553926,0.06033792407880543,82.61101673880958,405.6860857142857,322.5741047619048
2021-04-11,471.2974,529.211,458.0165,525.9275,3644396.11,0.10967384109965288,0.06338178476981522,85.40432791486943,430.98120000000006,335.0158285714286
2021-04-12,525.9275,638.5673,515.1,596.7104,9279328.84,0.12626853303175875,0.06818286281456915,87.58599511329079,463.65035714285716,351.29739047619046
2021-04-13,596.7878,602.7871,530.2288,551.6442,5447746.544,-0.07852863033181302,0.08661972577357767,77.52263321706589,484.8331285714285,365.40118095238097
2021-04-14,551.3956,590.5369,521.1313,550.0182,4213337.251,-0.002951904650120972,0.07430444475218966,78.84034348598962,509.7566142857143,379.75806666666665
2021-04-15,550.0182,556.9,533.7166,541.8824,2306850.045,-0.01490236486051157,0.07395487200044765,75.5627909066647,527.3534142857143,394.4216761904762
2021-04-16,541.8351,547.6074,489.7356,508.2743,4192218.462,-0.06402774124548637,0.07963067888631607,69.53077047345323,535.1077857142857,406.4723333333333
2021-04-17,508.2614,547.95,506.0,514.6861,2949040.221,0.012535937788996148,0.07907627903437264,72.6625741421243,541.3061571428572,418.1610333333333
2021-04-18,514.8178,520.4237,428.0,481.4367,4468597.46,-0.06678244184956031,0.07064205576060106,65.35968839209579,534.9503285714286,428.3043857142858
2021-04-19,481.5112,540.0,467.8846,504.0322,5031325.713,0.045865396497896005,0.046811104512949585,65.63290160044082,521.7105857142857,439.19643809523814
2021-04-20,504.0322,589.5,470.207,586.3635,5730895.325,0.15129974951383177,0.07462174492435446,68.98359453077718,526.6704857142857,452.29488095238094
2021-04-21,586.5201,613.8975,535.9186,543.6327,5685067.894,-0.07566606944011706,0.08128119768437615,66.91235763309965,525.7582714285714,463.78346666666664
2021-04-22,543.6827,582.7051,480.0,505.2411,6375583.139,-0.07323809390663874,0.08573287186482262,58.79162153326177,520.5238,471.8997523809524
2021-04-23,505.2282,530.0,450.0,526.5357,6855584.921,0.04128339445657012,0.0838925828960844,57.58557112317314,523.1325714285714,480.8636809523809
2021-04-24,526.4319,528.8088,482.3052,496.992,3005329.075,-0.05774520615549487,0.08699455015959677,52.61976147114882,520.6048428571429,489.1990285714285
2021-04-25,496.992,517.74,478.01,505.0,2489756.6252,0.015984499887759226,0.08271695739892768,47.64210838944088,523.9710285714285,496.6341857142857
2021-04-26,505.0,550.0,501.5,535.33,3098650.6351,0.058324949893789585,0.08382367848756002,42.39066078089312,528.4421428571429,504.60102857142857
2021-04-27,535.33,579.5,525.0,568.78,2807308.6198,0.060610336957670506,0.06235181443222973,52.187325922003865,525.9302142857143,512.4779428571428
2021-04-28,568.78,578.88,538.0,562.78,2384514.8852,-0.01060492812072681,0.054275311520555466,51.61101048624951,528.6655428571429,521.3934761904762
2021-04-29,562.78,615.29,554.0,599.7,4336516.3347,0.06354074216837106,0.045319399072218845,56.804235135506644,542.1596714285714,530.0122952380952
2021-04-30,599.66,628.0,585.72,622.65,3430512.4025,0.03755503299269317,0.045110494341633535,63.8065970444225,555.8902857142858,538.0435476190476
2021-05-01,622.64,645.57,609.21,620.0,2427568.3909,-0.004265085128020141,0.03141894262633314,62.829237249628385,573.4628571428572,545.124619047619
2021-05-02,620.0,629.0,595.3,621.78,2066258.2844,0.002866854385043733,0.032863007739743634,68.51614418346304,590.1457142857143,549.6890238095237
2021-05-03,621.77,680.0,621.22,676.15,2873379.617,0.08382861249518785,0.03763095148295839,70.95164942178941,610.2628571428571,553.4718619047619
2021-05-04,676.15,677.71,604.14,609.3,3765315.6951,-0.10410418766492022,0.061610413284659965,52.90138075693824,616.0514285714286,556.2173761904762
2021-05-05,609.41,656.67,605.0,651.1,2270137.4732,0.06635248298836771,0.06416910578550082,63.62629612826969,628.6685714285715,561.0307952380952
2021-05-06,651.1,653.77,620.0,633.99,2065376.5442,-0.026630058800645923,0.06320843777922723,67.25596109756088,633.5671428571429,565.4168714285714
2021-05-07,634.03,644.02,611.43,624.3,1979435.9584,-0.015402159374472127,0.06223526060621512,63.52384011473731,633.8028571428571,570.9419047619048
2021-05-08,624.3,657.91,618.36,646.1,2186084.7749,0.034323268496421463,0.06345255566901307,71.07783821683421,637.5314285714285,577.1997095238096
2021-05-09,646.07,679.0,630.54,661.74,2343402.1219,0.02391843898199066,0.06378336681624493,71.68871423036475,643.24,585.785580952381
2021-05-10,661.74,691.77,588.0,631.1,3074645.0692,-0.04740840095591666,0.05701649725633199,63.2407023365132,636.8042857142857,591.8364285714285
2021-05-11,631.16,673.0,621.11,671.91,2640713.327,0.062660074392295,0.044546364217494666,63.973876046719596,645.7485714285714,595.9100714285714
2021-05-12,671.9,684.91,581.4,594.65,2813834.8185,-0.12215140580923467,0.061395456329022075,53.619369932087125,637.6842857142857,598.3394666666667
2021-05-13,594.2,633.5,526.6,571.1,5485323.7047,-0.04040867150243701,0.06212348871354355,46.65026938393066,628.6999999999999,601.4756047619047
2021-05-14,571.1,615.0,566.0,602.61,2187570.2996,0.0537058956437493,0.0673096614957658,47.698984981398986,625.6014285714285,605.0981904761904
2021-05-15,602.61,611.31,560.0,563.41,2259793.5825,-0.06726261665104098,0.06834854713479233,44.00542361390649,613.7885714285715,608.2609523809524
2021-05-16,563.42,606.78,534.88,564.32,2939528.1774,0.0016138618242163146,0.06647789166840293,43.90202487583309,599.8714285714286,611.0857142857143
2021-05-17,564.66,564.66,483.0,512.07,4029118.3527,-0.09716013204339065,0.07198503152186968,32.508208605176776,582.8671428571428,609.9780952380953
2021-05-18,512.06,534.0,490.0,507.88,2720596.4374,-0.00821613524276065,0.06094023274133225,37.52091741313122,559.4342857142857,607.0780952380952
2021-05-19,507.9,516.5,280.0,334.8,11497731.3774,-0.4167118605862704,0.15548863162129303,20.58440592217842,522.3128571428572,596.2219047619047
2021-05-20,334.8,423.83,284.27,391.17,8116861.4224,0.15560890948817027,0.17996484895242706,28.954758190327624,496.60857142857145,586.2919047619048
2021-05-21,391.37,415.71,274.0,326.01,8827845.3858,-0.18221419236062075,0.17850432575403674,26.4149153185635,457.0942857142857,572.1661904761905
2021-05-22,326.23,335.82,284.55,299.76,5303046.012,-0.08394590125743795,0.17829624371380745,22.80707264219089,419.43,556.9166666666666
2021-05-23,299.75,313.45,211.7,260.72,8801148.1832,-0.13953511995612564,0.17412181035970026,19.629820362909342,376.0585714285714,539.7233333333334
2021-05-24,260.72,350.0,257.4,345.64,7794003.641,0.2819507364438923,0.2291558150246193,30.02379286214135,352.2828571428572,523.984761904762
2021-05-25,345.64,378.12,306.61,343.18,7638986.0132,-0.007142680115723509,0.2291935960834807,25.691044886489692,328.75428571428574,511.3123809523809
2021-05-26,343.18,388.28,336.21,379.16,5336916.0722,0.09970318872736596,0.16892277223396668,33.02880904752155,335.09142857142854,498.3628571428572
2021-05-27,379.16,387.56,340.0,369.67,4275801.5014,-0.025347563810685782,0.1577935843396593,33.77683993492373,332.02,485.77619047619044
2021-05-28,369.83,373.68,312.3,328.82,5253443.3619,-0.11710022719142424,0.14739367079811436,28.27580734745696,332.42142857142863,471.7057142857143
2021-05-29,328.86,347.0,295.22,305.04,3764083.2923,-0.07506757303342255,0.1465745316095402,28.985082881915645,333.17571428571426,455.46476190476193
2021-05-30,305.18,338.32,291.06,325.57,3739673.1138,0.06513457674201051,0.13333649706753015,31.181524395050047,342.44,439.45666666666665
2021-05-31,325.55,356.0,307.55,353.33,4110136.8744,0.08182497213991989,0.08251314363302183,36.98553766438198,343.5385714285714,426.2295238095238
2021-06-01,353.37,364.4,339.48,362.39,3652280.6916,0.0253185155378845,0.08275053323647223,38.166349454231934,346.28285714285715,411.49047619047616
2021-06-02,362.36,419.43,350.43,401.54,4377024.6685,0.10258617485630918,0.08328970569340281,56.94051580698836,349.48,402.2947619047619
2021-06-03,401.52,433.0,391.32,428.48,4214469.415,0.06493690767737545,0.08421553448864384,54.13297294902188,357.88142857142856,395.50333333333333
2021-06-04,428.46,429.5,365.0,390.7,4926793.4499,-0.0923040604417829,0.07770387392668211,57.62871765843534,366.72142857142853,385.41238095238094
2021-06-05,390.68,426.0,373.8,390.08,3977579.347,-0.0015881557681182341,0.06608505916749337,61.3364795662215,378.87,377.1585714285714
2021-06-06,390.05,400.29,381.5,393.73,1862065.4318,0.00931354890610139,0.06522329174712076,68.32245089125823,388.60714285714283,369.0352380952381
2021-06-07,393.82,407.42,353.53,357.96,3028938.8445,-0.09524414688435066,0.07420499907336894,51.96290867376203,389.26857142857136,361.69666666666666
2021-06-08,357.94,366.33,319.18,352.5,4986849.8512,-0.01537062606233404,0.07365273759617692,51.470866738210965,387.85571428571427,354.29761904761904
2021-06-09,352.5,378.77,333.56,375.54,3494285.669,0.06331436791234175,0.06519501485495936,49.4043701461103,384.14142857142855,356.2376190476191
2021-06-10,375.56,377.55,344.13,351.94,2417974.6499,-0.06490428364104965,0.05860365075054385,47.21217648353722,373.20714285714286,354.3695238095238
2021-06-11,351.96,366.28,340.84,345.75,2215352.723,-0.017744735978747865,0.05131441802656889,52.98768220802598,366.7857142857143,355.3095238095238
2021-06-12,345.76,348.88,325.3,343.7,2074837.0012,-0.005946786689079457,0.05111577814691012,57.38914373088684,360.16,357.40190476190475
2021-06-13,343.68,369.0,330.48,365.8,1958071.3656,0.06231755210097714,0.05914571466461509,57.64334840597332,356.17,362.4057142857143
2021-06-14,365.81,377.33,355.07,370.19,1978613.2384,0.011929651392073904,0.04595710288884815,53.51542952460384,357.9171428571429,363.57476190476194
2021-06-15,370.2,379.58,363.23,366.48,1545190.4369,-0.01007243777035245,0.045611885017888106,50.8722542119855,359.9142857142857,364.6842857142857
2021-06-16,366.48,366.77,343.35,347.22,1531522.2062,-0.05398536476468425,0.04228129998341736,37.34153616703953,355.86857142857144,363.16333333333336
2021-06-17,347.22,362.47,345.85,352.85,1239146.5273,0.016084452633036775,0.035706358919451606,30.432082794307902,355.99857142857144,362.362380952381
2021-06-18,352.84,357.12,327.22,337.16,1583897.2791,-0.04548544231755785,0.039400182517247605,34.35966347277403,354.7714285714286,362.75952380952384
2021-06-19,337.21,345.0,331.11,334.01,1067456.2119,-0.009386662481017006,0.039455829452256924,33.85917439115667,353.38714285714286,364.13904761904763
2021-06-20,334.03,340.57,310.13,339.08,1618406.0051,0.015065135091940343,0.02880679778312392,34.39552281423104,349.57000000000005,364.78238095238095
2021-06-21,339.09,342.0,268.57,270.76,3729539.0167,-0.225003248099798,0.0839730266060662,29.004141384956185,335.3657142857143,360.8504761904762
2021-06-22,270.76,291.5,225.42,262.1,5570573.4851,-0.03250670931104606,0.08285255000829278,28.56397609788486,320.45428571428573,356.07476190476194
2021-06-23,262.1,309.75,251.41,296.25,3319089.777,0.12247758211998014,0.10466308137182306,32.13947830787944,313.17285714285714,351.0609523809524
2021-06-24,296.17,316.49,281.5,308.62,2635799.196,0.04090705419371781,0.10659794790396282,39.72193223877763,306.8542857142857,345.35333333333335
2021-06-25,308.6,314.84,275.24,280.81,2711888.8709,-0.09443246258990144,0.11016050116212105,36.02599414701326,298.80428571428575,340.1204761904762
2021-06-26,280.89,290.33,264.26,279.65,2263064.3633,-0.004139462785560404,0.11031113661212065,36.16451375988249,291.0385714285714,334.8619047619048
2021-06-27,279.58,291.7,269.72,290.87,1539903.0268,0.03933761069272121,0.11216021517840363,33.01600253864636,284.15142857142854,329.9638095238095
2021-06-28,290.89,299.96,283.55,290.0,1884580.1557,-0.002995508979798451,0.06776018254473612,31.52899986179574,286.9,326.72761904761904
2021-06-29,290.0,315.6,289.19,300.79,2126079.3416,0.03653142386169746,0.06556360997750528,35.34686593798796,292.4271428571428,324.2652380952381
2021-06-30,300.79,304.88,281.53,303.71,2061866.47,0.00966095189821636,0.0474411127542608,39.5313026322121,293.49285714285713,320.84476190476187
2021-07-01,303.75,304.0,281.0,287.43,1388151.0265,-0.05509394640954189,0.048702253426571855,35.0270072324453,290.4657142857143,317.77285714285716
2021-07-02,287.49,290.74,276.4,287.17,1003331.2269,-0.0009049774373291173,0.03153289735533852,37.68901147613653,291.37428571428575,314.98333333333335
2021-07-03,287.17,303.21,282.77,298.13,1016731.5662,0.03745525809687284,0.03375989491801711,41.49117814456459,294.0142857142857,312.8133333333334
2021-07-04,298.18,314.91,292.58,307.62,1309414.0255,0.03133562203322888,0.032685395032499745,42.692557837034286,296.40714285714284,310.04285714285714
2021-07-05,307.63,307.68,291.0,302.02,1403218.2408,-0.018372014676021186,0.034036172972095644,60.246492723220136,298.1242857142857,306.7966666666666
2021-07-06,302.04,322.5,301.8,319.92,2066912.3595,0.057577724190919895,0.037912017791143664,67.86994684138953,300.85714285714283,304.57952380952383
2021-07-07,319.91,340.0,318.23,327.51,1779058.2937,0.02344762442172482,0.0383196079739976,61.55894098506138,304.25714285714287,303.6409523809524
2021-07-08,327.51,328.21,304.4,310.14,1644090.8501,-0.05449478052428494,0.038148231765711846,50.542005420054195,307.5014285714286,301.60714285714283
2021-07-09,310.08,319.69,301.43,317.09,1106411.786,0.022161836817909952,0.03795802513443554,65.19772117962465,311.7757142857143,300.65142857142854
2021-07-10,317.09,321.44,310.57,316.12,818970.9225,-0.0030637569171382494,0.03688770394103794,65.30166988335992,314.3457142857143,299.7995238095238
2021-07-11,316.12,326.82,312.21,322.16,799617.835,0.018926428206424168,0.03588463991476162,63.72488814808318,316.42285714285714,298.99380952380955
2021-07-12,322.17,334.37,308.57,316.12,1322836.6575,-0.01892642820642417,0.0359494893731165,60.96005370929843,318.4371428571429,301.15380952380957
2021-07-13,316.11,318.33,305.2,308.94,930032.3155,-0.02297480505066965,0.02912624020014016,53.52661185633924,316.86857142857144,303.3842857142857
2021-07-14,308.98,313.46,290.24,309.4,1430288.4026,0.0014878548528607454,0.026628429384553783,52.5156954637899,314.2814285714286,304.0104761904762
2021-07-15,309.33,324.33,301.32,316.11,2185210.8398,0.02145531614058032,0.018953478974707325,63.85239567233385,315.13428571428574,304.3671428571429
2021-07-16,316.12,323.5,301.5,302.88,1456105.4019,-0.04275356681853324,0.02325136402482539,56.74306807451282,313.1042857142857,305.41809523809525
2021-07-17,302.94,306.71,295.0,300.52,1030879.9611,-0.007822379960052897,0.023201965158875446,51.10760960237278,310.8757142857143,306.41190476190474
2021-07-18,300.56,309.18,298.7,302.1,815497.3527,0.005243780891666568,0.021113534668279654,47.239447889577924,308.01000000000005,306.94666666666666
2021-07-19,302.04,303.94,278.85,280.54,1318041.7074,-0.07404177110110102,0.032537955441401374,40.7365878902881,302.9271428571428,306.49619047619046
2021-07-20,280.54,283.6,254.52,264.44,1796600.5803,-0.05910193482614808,0.03628256417950508,25.69651305414405,296.57,304.7652380952381
2021-07-21,264.43,298.92,261.02,293.26,1740736.0226,0.10344520508355569,0.060059654371861046,37.3494865923026,294.2642857142857,304.26761904761906
2021-07-22,293.27,298.44,287.3,293.36,1173507.9432,0.0003409362141375357,0.058872555933724806,42.89585097375108,291.0142857142857,304.55
2021-07-23,293.39,301.5,281.01,299.27,1640999.5389,0.019945652192780487,0.05793994916935854,42.388518708354695,290.49857142857144,305.12619047619046
2021-07-24,299.29,307.79,295.43,301.56,1438901.3811,0.007622825387650054,0.05796260003874782,43.85031255279609,290.6471428571429,305.2895238095238
2021-07-25,301.53,304.44,292.34,302.56,1083557.277,0.0033106035666461836,0.057940796146370294,41.35344979707076,290.71285714285716,305.0485714285714
2021-07-26,302.56,328.0,301.0,304.0,2575554.2802,0.004748096496074253,0.04789239588242939,44.42707375390841,294.0642857142857,305.14285714285717
2021-07-27,304.0,318.41,297.61,313.48,1678708.0635,0.030707860778442175,0.036512511627355505,52.044308357348704,301.07,304.8361904761905
2021-07-28,313.47,318.68,308.0,313.8,1308249.13,0.0010202781142683631,0.011393621822085172,51.983769161406684,304.0042857142857,304.18333333333334
2021-07-29,313.84,320.31,308.6,317.03,998946.1839,0.010240566324503366,0.010631429475359272,50.428225656302345,307.38571428571424,304.5114285714286
2021-07-30,317.1,325.66,306.16,322.58,1297421.6445,0.01735476086560066,0.01031183942541707,59.87567675957489,310.71571428571434,304.77285714285716
2021-07-31,322.58,338.44,317.21,332.38,1393753.965,0.02992772521034065,0.012426442661212473,64.86284754618399,315.11857142857144,305.5471428571429
2021-08-01,332.38,347.8,328.99,332.59,1514514.2178,0.0006316074619343728,0.012841313987292474,64.40790095454113,319.4085714285714,306.0438095238095
2021-08-02,332.63,338.29,326.17,330.55,1018741.3098,-0.006152566381724273,0.014619942820068644,78.97786533781435,323.20142857142855,306.7309523809524
2021-08-03,330.53,334.73,317.02,323.43,1060806.3447,-0.02177522656045091,0.016711755747074637,88.15159746475233,324.6228571428571,307.4209523809524
2021-08-04,323.44,337.39,319.78,334.77,969671.4228,0.03446102164658327,0.02001629409490828,84.68995487213776,327.61857142857144,308.6290476190476
2021-08-05,334.78,340.17,323.37,337.91,1263649.4926,0.009335858971216514,0.020011685515054296,85.43025290281537,330.6014285714286,309.6671428571429
2021-08-06,337.92,347.14,331.12,342.39,1267498.9178,0.013170850396682107,0.019785663136268557,85.09114583333337,333.43142857142857,311.5485714285714
2021-08-07,342.39,359.74,340.34,356.18,1545801.188,0.03948578281424136,0.02174275398043715,87.44173293117635,336.83142857142855,314.19904761904763
2021-08-08,356.18,359.87,337.0,341.79,1275768.154,-0.04123970766972553,0.02919385135825879,72.72095447700687,338.1457142857143,316.0890476190476
2021-08-09,341.79,357.7,333.15,354.32,1284975.5132,0.03600394623680863,0.031063327338046207,75.82631903099983,341.5414285714286,319.60238095238094
2021-08-10,354.32,376.6,348.0,371.92,1660844.1918,0.048478317767386564,0.030459283052476516,77.68618533257535,348.4685714285714,324.7204761904762
2021-08-11,371.95,408.72,371.09,390.96,1911892.6875,0.0499264755795699,0.03219796759567334,81.04780299372285,356.4957142857143,329.37285714285713
2021-08-12,390.92,406.18,371.59,385.66,1835305.9382,-0.013649100670440315,0.03479197194612011,77.16298583076076,363.3171428571428,333.7680952380952
2021-08-13,385.69,411.46,382.91,410.76,1261827.2925,0.06305295003863524,0.038353284014419564,80.22347134631207,373.0842857142857,339.07714285714286
2021-08-14,410.74,418.8,400.0,408.67,1439286.5064,-0.0051011179284606144,0.03942927862692733,77.60729536078749,380.5828571428571,344.17761904761903
2021-08-15,408.66,415.16,395.88,414.05,1238115.4178,0.013078755078075495,0.029561652226495972,78.41495744383988,390.9057142857142,349.4866666666667
2021-08-16,414.05,437.0,410.79,415.72,1850324.1906,0.004025217240511801,0.030467249272068637,79.78596908442334,399.6771428571429,354.8066666666667
2021-08-17,415.72,435.77,398.77,401.8,1984029.275,-0.03405750433938693,0.034580198883700806,76.1634506242906,403.94571428571425,359.01238095238097
2021-08-18,401.86,412.36,385.47,396.15,1750539.5385,-0.01416152496958324,0.03085143836728813,71.30066629650196,404.6871428571429,362.93380952380954
2021-08-19,396.23,431.7,390.89,431.27,1852873.4714,0.08494141667054166,0.04277762189998443,76.51368851527889,411.20285714285717,368.3738095238095
2021-08-20,431.21,458.0,421.84,454.93,1691101.5102,0.05340921687977816,0.04113214864239546,78.82093833230897,417.5128571428572,374.67619047619047
2021-08-21,454.92,460.0,443.47,448.74,1426818.8978,-0.01369990552993965,0.04193874254940518,74.66425069281604,423.2371428571428,380.21714285714285
2021-08-22,448.74,458.34,437.77,448.68,1135535.8076,-0.0001337166546085439,0.04224979432133598,80.83780508914663,428.1842857142857,385.74523809523805
2021-08-23,448.69,509.71,445.89,499.06,2660809.0219,0.10641639022715067,0.05503178512296385,84.27258950558819,440.09000000000003,393.7695238095238
2021-08-24,499.06,504.2,461.12,471.62,2080297.6979,-0.05655275241915132,0.05959773190181095,72.55656108597285,450.0642857142857,400.8261904761905
2021-08-25,471.62,507.0,470.0,503.19,2242911.0333,0.0647942557897512,0.058884294405966355,74.0290326724618,465.3557142857143,408.8461904761905
2021-08-26,503.17,518.94,471.2,478.1,2229652.231,-0.051147916742715585,0.06172415235261122,68.24569714195485,472.0457142857143,415.5219047619047
2021-08-27,478.2,495.0,467.1,494.5,1549790.9246,0.03372723543070911,0.06009514901346403,67.11634371678522,477.6985714285714,422.7652380952381
2021-08-28,494.6,497.0,482.3,486.2,891854.5838,-0.016927089180743808,0.0603363008704453,65.45469042777975,483.05,428.95666666666665
2021-08-29,486.1,495.5,475.0,479.7,910773.939,-0.0134591533740048,0.06096970891503781,63.02837864655685,487.48142857142864,435.5238095238095
2021-08-30,479.7,480.9,457.0,460.3,1125497.9612,-0.041282457684822464,0.04543914092864797,58.26535152773658,481.9442857142857,440.57047619047614
2021-08-31,460.2,477.8,448.2,463.9,1477345.5552,0.007790560934502168,0.041121013099747014,61.971776681061066,480.84142857142854,444.95047619047614
2021-09-01,463.9,490.0,455.1,489.4,1320635.94,0.053511139250873224,0.038164947355482016,66.6989004691809,478.87142857142857,449.6380952380952
2021-09-02,489.5,504.7,478.0,483.7,1245680.6988,-0.01171527117963377,0.032535757642489116,60.49481564514193,479.6714285714285,454.3066666666667
2021-09-03,483.6,495.0,473.0,488.5,1094104.742,0.009874591653899995,0.029747596089241293,57.26843632269519,478.8142857142857,458.00857142857143
2021-09-04,488.4,509.9,485.2,497.7,1248261.6277,0.018658014381671074,0.029761075339846548,60.46422159528085,480.4571428571429,462.2480952380953
2021-09-05,497.8,505.2,488.4,504.8,878406.045,0.01416482536249491,0.02898362533393669,61.64411984397046,484.0428571428571,466.56952380952384
2021-09-06,504.9,509.0,486.9,496.1,1121398.978,-0.017384791920000146,0.02312457100641805,49.25740090316107,489.1571428571429,470.39714285714285
2021-09-07,496.1,504.8,369.0,418.7,3358688.1229,-0.16962284628190566,0.07213389067747919,39.38457835192169,482.7,471.20190476190476
2021-09-08,418.7,425.5,382.3,415.0,2058507.11,-0.008876152794399373,0.06589359640891923,30.08265956005239,472.07142857142856,472.0995238095238
2021-09-09,415.2,436.1,403.4,421.3,1543293.221,0.015066648754272641,0.06745481055141592,35.982230997038485,463.1571428571429,471.62476190476195
2021-09-10,421.3,439.4,393.2,401.4,1528906.751,-0.04838673262273321,0.06678399499911247,27.413876758854926,450.7142857142857,469.0757142857143
2021-09-11,401.4,415.3,399.3,405.1,922767.055,0.009175513846407145,0.06576699110818293,29.87593052109183,437.4857142857142,466.9976190476191
2021-09-12,405.0,421.5,397.4,416.3,981402.883,0.027272203992284857,0.0673811571245115,34.626576139670235,424.84285714285716,465.4557142857143
2021-09-13,416.4,419.7,383.0,399.1,1531654.719,-0.04219414214624155,0.06741065386749098,35.0,410.9857142857143,460.6957142857143
2021-09-14,399.1,414.7,395.7,414.3,930635.792,0.03737833702866787,0.03325800956045509,38.497217068645654,410.35714285714283,457.96619047619043
2021-09-15,414.3,438.0,409.6,431.3,1182055.631,0.04021355457044122,0.036466489949695154,35.972959922742646,412.6857142857143,454.54285714285714
2021-09-16,431.2,435.0,415.6,424.3,1037049.02,-0.016363151445518268,0.03702344976304413,35.7485604606526,413.1142857142857,451.9809523809524
2021-09-17,424.2,426.0,400.4,406.6,844137.727,-0.042610851014032884,0.03578255719154845,31.495707184816993,413.85714285714283,447.7952380952381
2021-09-18,406.8,420.0,401.5,410.7,733479.739,0.01003311976826648,0.035813318902369606,29.879740980573544,414.65714285714284,444.20000000000005
2021-09-19,410.8,419.0,402.8,408.6,743095.721,-0.005126338578991145,0.03404703396491874,27.225378787878782,413.5571428571429,440.81428571428563
2021-09-20,408.5,410.1,353.7,364.1,1865673.9401,-0.11530812720213396,0.05372329859703101,23.279352226720647,408.5571428571429,436.2333333333333
2021-09-21,364.1,376.0,336.8,344.4,1577059.1261,-0.055624782627812126,0.05056279847017135,30.375066032752244,398.57142857142856,430.54285714285714
2021-09-22,344.4,379.9,342.3,379.0,1085212.972,0.09573243252885077,0.06503588357174944,41.82561307901908,391.09999999999997,425.2857142857143
2021-09-23,378.9,384.6,369.0,383.5,992215.176,0.011803415724884421,0.06605114410682139,41.34615384615385,385.2714285714286,420.5142857142857
2021-09-24,383.5,385.3,333.6,355.0,1718950.219,-0.07722183133189509,0.06970550305572928,39.779735682819386,377.90000000000003,414.15714285714284
2021-09-25,355.0,360.8,343.2,349.6,916797.617,-0.015328145694035336,0.06857133319192873,37.86620026235243,369.1714285714285,407.10476190476186
2021-09-26,349.6,353.0,320.0,344.0,1538759.1618,-0.016147986407982103,0.06821786648534502,33.79650380995069,359.9428571428571,399.447619047619
2021-09-27,344.0,357.6,335.0,335.5,956544.069,-0.025019700961661912,0.055568270669966516,35.16791044776119,355.85714285714283,391.79999999999995
2021-09-28,335.5,344.6,330.0,333.0,922077.227,-0.007479466431292624,0.052094463902071265,29.84630639563707,354.2285714285714,387.7190476190476
2021-09-29,332.9,375.4,331.2,367.7,1696420.045,0.09912489832678247,0.05318995644466436,35.505925250683674,352.61428571428576,385.4666666666667
2021-09-30,367.7,388.8,366.4,387.5,1163674.206,0.05244846048617542,0.05730336553120089,42.07579672695951,353.1857142857143,383.85714285714283
2021-10-01,387.5,423.4,381.5,421.5,1440336.041,0.08410392864850838,0.05262452124996736,52.99798792756539,362.6857142857143,384.81428571428575
2021-10-02,421.4,438.2,410.6,427.1,1039006.518,0.01319840040551071,0.0500659367193105,53.28000000000001,373.75714285714287,385.8619047619047
2021-10-03,427.0,437.2,421.5,430.5,820910.792,0.00792914602036459,0.04722548441765407,54.35734182252287,386.11428571428576,386.53809523809525
2021-10-04,430.5,430.9,410.9,426.3,974423.359,-0.009804000096620856,0.04442860119332013,64.73933649289098,399.08571428571435,387.8333333333333
2021-10-05,426.4,444.0,424.0,442.1,883699.828,0.036392777061032895,0.040485686696702446,73.58763882182521,414.67142857142863,389.15714285714284
2021-10-06,442.0,442.8,414.7,434.9,1245088.683,-0.01641998122860492,0.03588594665488145,65.55370061213132,424.2714285714286,389.3285714285714
2021-10-07,434.9,450.0,423.6,438.5,1159098.7447,0.008243692208645067,0.033874009636247655,65.38031319910513,431.5571428571429,390.00476190476195
2021-10-08,438.5,441.6,415.7,419.2,1505999.188,-0.04501167880540539,0.02587460228021439,68.92688679245282,431.2285714285714,390.6047619047619
2021-10-09,419.3,426.0,416.0,421.9,632123.526,0.006420186123460568,0.025386450633909933,71.65967645296583,430.4857142857143,391.1380952380952
2021-10-10,421.9,422.3,402.0,404.1,729380.963,-0.04310594704586484,0.029187265609631682,66.7783361250698,426.7142857142857,390.9238095238095
2021-10-11,404.0,424.0,399.8,413.1,759924.884,0.02202732231829091,0.03144113842689739,71.60356347438753,424.82857142857137,393.25714285714287
2021-10-12,413.2,444.5,392.2,444.2,1966630.183,0.07258521705760816,0.040852530626345314,76.70509125840537,425.12857142857143,398.00952380952384
2021-10-13,444.1,471.8,432.3,470.8,3383303.439,0.05815846392579458,0.04514943339836743,75.76211894052975,430.2571428571428,402.3809523809524
2021-10-14,470.7,482.8,461.2,472.7,1431305.925,0.004027562413069003,0.04522554157321809,73.38090010976948,435.14285714285717,406.6285714285715
2021-10-15,472.7,478.0,450.8,474.5,1508188.787,0.0038006802507919023,0.03845500418986935,67.66666666666667,443.04285714285714,412.31904761904764
2021-10-16,474.5,484.7,423.0,465.8,1040477.571,-0.01850526059974191,0.040758747173763196,62.638798171129984,449.3142857142857,417.85238095238094
2021-10-17,465.8,472.4,454.2,470.9,890609.849,0.010889399799268097,0.0323638098455061,63.04909560723514,458.85714285714283,423.8952380952381
2021-10-18,471.0,487.6,466.4,484.9,1091006.031,0.029296926861797728,0.03248667282621026,67.8007290400972,469.11428571428576,431.0095238095238
2021-10-19,485.0,497.6,480.3,488.1,912494.969,0.006577618781795369,0.024175701356013813,65.13157894736842,475.38571428571424,438.3952380952381
2021-10-20,488.1,505.9,481.3,501.3,946412.94,0.026684421376355984,0.016033463522301825,71.01265822784812,479.7428571428572,444.7571428571429
2021-10-21,501.3,504.9,466.0,470.9,1851835.929,-0.06255896701994888,0.03162448204475951,58.76623376623376,479.4857142857142,448.72857142857146
2021-10-22,470.9,498.0,470.7,479.3,1118876.638,0.01768094891607672,0.03236877368201387,67.28004600345027,480.1714285714285,451.4809523809524
2021-10-23,479.3,485.7,472.6,485.5,521970.795,0.012852581565793999,0.03130100847813898,67.92559188275087,482.9857142857143,454.26190476190476
2021-10-24,485.5,486.5,467.8,475.8,590939.031,-0.020181689862522254,0.03265234664006956,71.17542823390431,483.6857142857143,456.41904761904766
2021-10-25,475.8,488.6,474.7,485.1,632116.761,0.019357457382313547,0.03143442922517493,71.22641509433961,483.7142857142857,459.21904761904756
2021-10-26,485.1,489.8,473.5,478.1,702610.184,-0.014535139619113199,0.03171633229241661,61.64948453608248,482.2857142857143,460.93333333333334
2021-10-27,478.2,486.4,435.3,448.7,1370950.214,-0.06346540265012009,0.03572387838460947,42.54888739042481,474.77142857142854,461.5904761904762
2021-10-28,448.7,494.8,446.4,491.9,1523900.006,0.09192093081935654,0.04774317762724237,55.0632911392405,477.7714285714286,464.1333333333333
2021-10-29,492.0,533.61,487.6,530.3,1411851.4394,0.07516744034179022,0.05450579424164464,62.33421750663129,485.0571428571429,469.4238095238095
2021-10-30,530.3,540.5,510.2,528.3,1095033.1264,-0.0037785799728142166,0.0549474668141701,64.23690205011388,491.1714285714285,474.4904761904762
2021-10-31,528.4,535.0,508.9,524.6,1018991.819,-0.007028236737496669,0.05387519271775856,62.31086657496562,498.14285714285717,480.2285714285714
2021-11-01,524.6,551.9,511.0,551.3,1274272.0851,0.0496430581628645,0.05557133678633217,64.3847487001733,507.59999999999997,486.8095238095238
2021-11-02,551.3,564.0,537.4,554.4,1153919.1399,0.005607322280055546,0.05409105156429598,64.36931079323796,518.5,492.0571428571428
2021-11-03,554.4,570.1,537.5,568.4,1262766.5996,0.024938948347252146,0.039354685725634164,64.49244060475161,535.6,496.7047619047619
2021-11-04,568.4,568.9,543.6,558.7,1052950.033,-0.017212739757842335,0.03369353944798348,70.82542694497157,545.1428571428571,500.79999999999995
2021-11-05,558.8,616.9,554.1,607.3,1989945.5433,0.08341024643842634,0.03607643780851219,75.49800796812751,556.1428571428571,507.1238095238094
2021-11-06,607.3,637.8,595.1,637.7,1366385.957,0.04884505041769643,0.03593169785366658,77.65261627906979,571.7714285714286,515.3095238095239
2021-11-07,637.7,669.3,630.5,649.6,1476373.2487,0.018488835526242295,0.03310042566668008,81.32660418168712,589.6285714285715,523.8190476190476
2021-11-08,649.5,655.7,631.0,653.5,1290096.384,0.005985744216808349,0.03301210423894807,80.95588235294119,604.2285714285715,531.8476190476191
2021-11-09,653.6,656.7,631.9,635.0,879119.398,-0.028717534171584944,0.03836570590779686,77.6719576719577,615.7428571428571,538.8428571428572
2021-11-10,635.0,662.9,573.0,614.1,1814654.086,-0.03346721755733807,0.043026108176236026,80.0727272727273,622.2714285714286,544.2142857142857
2021-11-11,614.2,635.2,605.7,628.4,1019740.949,0.023019125046112563,0.04127333055823475,77.73262901259653,632.2285714285715,551.7142857142857
2021-11-12,628.4,634.5,602.7,626.9,1012909.088,-0.002389868101543306,0.02915393325504529,73.0879541108987,635.0285714285714,558.7428571428571
2021-11-13,626.8,655.0,619.6,649.5,900107.757,0.03541579783073153,0.026026473466879675,76.3707571801567,636.7142857142857,566.552380952381
2021-11-14,649.5,661.0,634.5,650.8,933689.139,0.0019995392342285136,0.025079747592498456,77.74846086191734,636.8857142857142,574.8857142857142
2021-11-15,650.7,659.5,630.3,633.8,953989.634,-0.026468928088062327,0.02678736920213788,68.94809370693616,634.0714285714286,581.9666666666667
2021-11-16,633.9,635.2,573.7,588.7,2200954.903,-0.0738167312226046,0.037068891965615865,56.60377358490569,627.4571428571428,587.2333333333333
2021-11-17,588.8,592.6,553.7,578.0,1453408.555,-0.018342847361838256,0.03595251066583972,51.87207488299532,622.3,593.3904761904762
2021-11-18,577.9,588.2,510.0,531.8,1750338.428,-0.08330638986345816,0.0422494468134438,45.40798907476953,608.5,595.2904761904762
2021-11-19,531.9,585.5,523.9,581.0,1300787.958,0.0884832780429919,0.060121495212926694,45.51959114139694,601.9428571428572,597.704761904762
2021-11-20,581.0,604.8,572.6,604.3,1119517.131,0.039320006515601504,0.060638257067702886,44.1689944134078,595.4857142857143,601.3238095238095
2021-11-21,604.4,605.2,579.6,584.0,970133.807,-0.03416978053928571,0.06095525286177863,38.87381275440976,585.9428571428571,604.152380952381
2021-11-22,584.0,585.5,553.8,559.3,1141002.755,-0.04321498100068481,0.061781805145318,35.076045627376416,575.3,604.5333333333333
2021-11-23,559.4,605.0,557.9,591.1,1202541.917,0.05529920600278164,0.06156637888732815,43.326238978412896,575.6428571428571,606.2809523809524
2021-11-24,591.1,594.3,576.8,590.3,1079667.803,-0.0013543255836802584,0.06102855932431778,46.146373056994804,577.4,607.3238095238096
2021-11-25,590.4,650.0,587.4,639.1,1536194.042,0.07943005440959254,0.053156549470513084,51.55840372851734,592.7285714285715,611.1523809523809
2021-11-26,639.1,657.9,564.2,587.3,2413553.439,-0.08452517412776235,0.05927060789784472,44.96951219512195,593.6285714285714,610.2
2021-11-27,587.2,621.3,582.6,599.9,1183849.36,0.021227212130573596,0.0577228275124083,43.534932221063606,593.0,608.4
2021-11-28,599.9,612.9,571.6,611.3,1281130.351,0.018824862375632207,0.05610673675516877,44.98348996697994,596.8999999999999,606.5761904761904
2021-11-29,611.4,629.0,601.6,623.4,1090520.864,0.01960053029855705,0.05167333680918179,48.662551440329224,606.0571428571428,605.1428571428571
2021-11-30,623.5,635.0,602.6,622.5,1380656.205,-0.0014447389943739687,0.04875791554398287,54.90423679628554,610.5428571428572,604.547619047619
2021-12-01,622.5,649.8,618.2,627.5,1384101.087,0.00800004266707637,0.048606135298112724,57.303039244614915,615.8571428571429,605.1857142857143
2021-12-02,627.5,630.9,605.5,619.9,1104596.881,-0.012185496298065299,0.03745066348864532,64.66866466866466,613.1142857142858,604.7809523809524
2021-12-03,619.9,628.0,574.0,595.0,1250950.167,-0.04099676916224394,0.022583998483141233,52.53623188405797,614.2142857142857,603.2619047619048
2021-12-04,595.1,596.0,489.2,568.6,2611783.647,-0.04538420632873028,0.02671886575573917,43.604442852024384,609.7428571428571,599.4095238095238
2021-12-05,568.5,582.0,539.9,557.8,1258393.72,-0.019176724023510925,0.024182095231926513,45.14094955489614,602.1,594.9809523809524
2021-12-06,557.7,593.0,533.0,587.5,2005928.932,0.0518757708249256,0.032942669334441496,55.1347414420976,596.9714285714286,592.7761904761904
2021-12-07,587.5,594.1,572.2,578.7,1017363.943,-0.015092037438520832,0.032861123545110164,47.53577106518284,590.7142857142857,592.3
2021-12-08,578.7,607.6,567.0,607.2,1113215.449,0.04807401750162701,0.03943808960267803,53.02542069459364,587.8142857142858,593.6904761904761
2021-12-09,607.3,617.0,567.7,570.2,1096635.012,-0.06287104960284857,0.04526445071364857,37.121495327102814,580.7142857142857,595.5190476190476
2021-12-10,570.2,595.1,550.2,552.4,1083121.564,-0.03171475494343465,0.04439901696909913,42.52676659528908,574.6285714285715,594.1571428571428
2021-12-11,552.5,572.7,542.0,564.5,950448.474,0.021667962054579635,0.04285311461203641,42.40343347639486,574.0428571428572,592.2619047619048
2021-12-12,564.6,574.8,559.3,570.3,544940.336,0.01022215457277628,0.04221452878600422,40.98504837291118,575.8285714285714,591.6095238095238
2021-12-13,570.3,572.2,511.1,521.0,1037150.705,-0.09041249640912621,0.048621695614964044,30.65003779289495,566.3285714285714,589.7857142857143
2021-12-14,521.0,535.8,509.7,528.1,1263782.101,0.01353561795952069,0.050008888250650474,32.5701624815362,559.1,586.7857142857143
2021-12-15,528.0,546.7,501.6,541.1,1147515.305,0.024318444935802094,0.045796583139786844,34.50502152080344,549.6571428571428,584.4428571428571
2021-12-16,541.1,545.3,524.8,526.2,735504.682,-0.02792273604249713,0.041607747974808096,33.62460678084588,543.3714285714285,579.0666666666667
2021-12-17,526.2,535.8,511.0,525.5,921732.763,-0.0013311782891865993,0.040719427659441206,36.73157693776251,539.5285714285715,576.1238095238095
2021-12-18,525.5,537.8,515.0,533.9,580436.098,0.015858365189134742,0.04008892431377537,42.88642886428864,535.157142857143,572.9809523809524
2021-12-19,533.9,544.4,527.1,529.8,540256.684,-0.007708978668171298,0.03929845324628256,44.09780775716695,529.3714285714285,569.1
2021-12-20,529.8,534.8,505.6,524.0,727454.212,-0.011007892516927065,0.018181635622355075,35.11486169714017,529.8,564.3666666666667
2021-12-21,524.0,535.7,509.8,528.3,686439.708,0.008172619849227802,0.017662101694561203,37.9310344827586,529.8285714285714,559.8809523809524
2021-12-22,528.4,545.0,527.2,533.6,721787.109,0.009982190431144006,0.015011918398906613,30.172413793103445,528.7571428571429,555.4095238095239
2021-12-23,533.6,552.6,524.3,549.0,844421.954,0.028451946908116525,0.013861104038121186,43.536585365853654,532.0142857142857,552.0333333333333
2021-12-24,549.0,554.4,537.4,542.1,665688.415,-0.012647955243238123,0.01543715326232646,46.63618549967343,534.3857142857142,549.5142857142857
2021-12-25,542.1,550.5,539.1,547.4,455399.793,0.009729310340286124,0.01484419647225317,44.15584415584414,536.3142857142858,548.504761904762
2021-12-26,547.4,549.3,535.6,546.4,536338.775,-0.0018284883499983778,0.014254360876117094,41.5547703180212,538.6857142857143,547.9619047619047
2021-12-27,546.5,572.0,543.1,563.7,803473.155,0.031170886830949207,0.015511418999051535,69.49771689497719,544.3571428571429,546.8285714285714
2021-12-28,563.7,563.7,528.4,534.2,1002556.271,-0.0537518944116688,0.02889752272346275,52.31235784685369,545.1999999999999,544.7095238095238
2021-12-29,534.2,540.5,510.3,514.5,740117.867,-0.03757474540175632,0.03201673675602347,40.4040404040404,542.4714285714286,540.2952380952381
2021-12-30,514.5,527.8,508.3,518.5,639166.717,0.007744472395477762,0.029223209896329806,46.98512137823021,538.1142857142858,537.8333333333334
2021-12-31,518.6,528.3,506.0,511.4,677844.749,-0.013787964812495813,0.029255512452738115,44.74272930648768,533.7285714285714,535.8809523809524
2022-01-01,511.5,527.9,511.4,527.3,446171.541,0.0306175836793378,0.032310176736414536,47.66949152542372,530.8571428571429,534.1095238095238
2022-01-02,527.4,533.9,518.0,531.0,404475.541,0.006992374705514876,0.03264047203203485,50.42492917847027,528.657142857143,532.2380952380952
2022-01-03,531.0,532.8,510.0,511.9,663841.021,-0.036632727778401354,0.030419644798900424,46.08414239482201,521.2571428571429,531.804761904762
2022-01-04,511.9,520.0,502.0,506.9,687436.638,-0.009815547985233925,0.024810881960285015,43.10567010309279,517.3571428571429,530.7952380952381
2022-01-05,506.9,516.0,457.0,474.1,985152.004,-0.06689547557023087,0.03213087899619567,33.71647509578544,511.58571428571435,527.604761904762
2022-01-06,474.2,481.3,458.8,472.6,986669.9,-0.003168905155265239,0.03128476859475159,27.369668246445514,505.02857142857147,525.0523809523809
2022-01-07,472.6,473.9,437.5,448.1,1331260.03,-0.05323294296071009,0.03475908321971368,24.785407725321903,495.9857142857143,521.3666666666666
2022-01-08,448.1,459.7,415.0,429.9,1062788.589,-0.04146379828986157,0.027590564507802184,20.52182639237334,482.07142857142856,516.4142857142857
2022-01-09,429.8,444.5,427.0,438.7,688777.347,0.020263184669932564,0.030763347141240734,23.998068565910216,468.88571428571424,512.0761904761905
2022-01-10,438.8,445.5,405.6,424.7,1221504.738,-0.03243277085294279,0.030590963268323616,15.897939156035335,456.42857142857144,507.347619047619
2022-01-11,424.8,467.7,421.3,463.6,1266092.819,0.08763907414637134,0.053294978776898344,33.442776735459674,450.2428571428572,504.2666666666667
2022-01-12,463.6,489.9,456.6,487.8,836124.928,0.05088337431622317,0.051928331194139525,43.86770785484613,452.2,502.08571428571435
2022-01-13,487.8,489.8,466.5,475.2,908052.937,-0.026169717733384834,0.05317542226693225,40.43305346884667,452.57142857142856,498.57142857142856
2022-01-14,475.1,492.3,467.6,490.0,797022.181,0.03066962305623712,0.04819309921916486,45.427350427350426,458.5571428571429,496.0904761904762
2022-01-15,489.9,500.9,485.0,494.5,548626.203,0.00914175995809451,0.04211388715988699,42.63252470799641,467.7857142857143,493.57142857142856
2022-01-16,494.5,506.0,488.6,498.6,507042.332,0.008257020026690712,0.04234519634419149,42.735426008968616,476.34285714285716,491.29523809523806
2022-01-17,498.6,499.1,466.9,475.2,757806.035,-0.04806840304102245,0.045742433567364994,41.926968763748356,483.5571428571428,487.0809523809524
2022-01-18,475.1,479.6,457.2,471.4,707501.577,-0.008028777546404438,0.03342058040709088,42.149491375497576,484.6714285714285,484.0904761904762
2022-01-19,471.5,473.1,453.7,461.9,585750.3,-0.02035857306547108,0.026272684379679365,46.992110453648905,480.9714285714286,481.58571428571423
2022-01-20,461.9,478.7,438.2,440.2,1137854.894,-0.04811924834419834,0.029891922478346284,42.73542600896861,475.97142857142853,477.85714285714283
2022-01-21,440.2,444.6,373.7,383.9,1891179.594,-0.13684706708560937,0.05078889249565323,37.40188383045527,460.8142857142857,471.7857142857143
2022-01-22,383.8,389.6,336.3,358.3,2635609.386,-0.06901147769584376,0.04801840530611416,36.34630053394356,441.35714285714283,463.73809523809524
2022-01-23,358.3,389.0,356.3,383.9,1297043.923,0.06901147769584373,0.06270856255171184,40.179211469534046,424.97142857142853,456.7333333333333
2022-01-24,384.0,384.0,336.0,371.3,1900214.42,-0.033371740823717536,0.06253552592995326,40.38184438040346,410.12857142857143,450.0380952380953
2022-01-25,371.2,389.5,357.4,385.1,1006111.155,0.03649267963782888,0.06780694480061905,34.455445544554465,397.8,444.23809523809524
2022-01-26,385.1,402.4,366.4,375.1,1073520.172,-0.02631038373302161,0.06771945002991678,26.353336130927403,385.40000000000003,439.5238095238095
2022-01-27,375.1,393.8,360.0,389.9,962060.888,0.0386976389007099,0.07162880823850681,32.26611226611226,378.2142857142857,435.58571428571435
2022-01-28,389.9,395.9,375.8,385.9,752320.615,-0.010312027444978562,0.0487558221397985,27.340008707009133,378.5,432.62380952380954
2022-01-29,385.9,397.3,380.7,389.3,534573.782,0.008771986072837041,0.03785353823447412,26.99037620297463,382.92857142857144,430.6904761904762
2022-01-30,389.4,389.6,372.2,377.2,536436.123,-0.03157470385710763,0.03101369454680994,24.344885883347416,381.9714285714286,427.76190476190476
2022-01-31,377.2,385.4,365.2,374.3,620113.734,-0.007717935848919129,0.02814256011301428,26.654326700601572,382.40000000000003,425.36190476190467
2022-02-01,374.4,388.4,373.7,384.2,555347.277,0.026105635424072994,0.02617339542417253,30.378037803780373,382.2714285714286,421.5809523809524
2022-02-02,384.1,386.1,366.1,366.9,572340.04,-0.04607391897321989,0.03019888992370563,29.347826086956516,381.1,415.8238095238095
2022-02-03,367.1,372.4,359.6,372.3,495715.227,0.014610649517434854,0.025667110030922934,34.11324286382779,378.5857142857143,410.9238095238095
2022-02-04,372.2,399.7,369.5,399.5,849825.828,0.07051378432765813,0.038626582642997086,54.22535211267606,380.5285714285714,406.6142857142857
2022-02-05,399.6,431.0,396.3,413.7,1031046.87,0.03492730826103643,0.04028748448925013,65.99307159353349,384.0142857142857,402.7666666666667
2022-02-06,413.8,422.5,407.0,419.9,542631.176,0.01487551422278165,0.0361658006450417,61.703511053316,390.11428571428576,399.0190476190476
2022-02-07,419.9,439.0,413.3,433.5,758247.667,0.031875208530449034,0.03504083863052242,70.09043927648578,398.57142857142856,397.03333333333336
2022-02-08,433.5,445.4,406.2,407.8,1148555.321,-0.06111493808024168,0.046535022749404326,56.808638272345526,401.9428571428571,394.00476190476195
2022-02-09,407.9,427.7,407.1,422.9,633880.431,0.03635888633808793,0.04045046570325121,63.9115250291036,409.9428571428571,392.14761904761906
2022-02-10,422.9,434.9,410.0,414.7,956240.339,-0.01958037722610723,0.04322034550010504,57.50605326876513,416.0,390.93333333333334
2022-02-11,414.7,418.9,390.5,400.0,700843.2,-0.03609082014435364,0.03915768539783789,54.00795906765208,416.07142857142856,391.69999999999993
2022-02-12,400.0,407.1,393.3,403.6,521080.237,0.008959741371472022,0.036453750018370056,54.060193072118125,414.6285714285714,393.85714285714283
2022-02-13,403.6,407.8,394.7,397.9,388657.052,-0.014223571046571097,0.03565534833151191,56.09899823217443,411.4857142857143,394.5238095238095
2022-02-14,398.0,404.5,390.6,403.4,472210.318,0.013727908087228473,0.03284856960731678,58.44457341845617,407.18571428571425,396.052380952381
2022-02-15,403.4,443.0,402.7,432.4,1184143.99,0.06942246024494181,0.036074675250216806,62.5914315569488,410.7,398.3047619047619
2022-02-16,432.4,433.5,422.2,427.3,606252.493,-0.011864743115073904,0.034404277841213575,66.85267857142858,411.32857142857137,400.7904761904762
2022-02-17,427.3,431.1,400.0,402.4,661874.717,-0.060039723864449876,0.04124945051658782,57.574232511323586,409.57142857142856,401.3857142857143
2022-02-18,402.4,411.0,392.2,399.2,611936.679,-0.007984074348220531,0.03894276532350387,49.914138523182594,409.45714285714286,402.0190476190476
2022-02-19,399.2,406.4,393.0,399.8,410279.304,0.0015018776289907531,0.0387491955132045,45.68590937306022,408.91428571428565,402.5190476190476
2022-02-20,399.8,400.0,375.0,380.6,624148.525,-0.04921546720425049,0.04273826822350939,38.71338311315338,406.4428571428571,402.68095238095236
2022-02-21,380.7,393.7,355.0,356.6,1219652.481,-0.06513424943300913,0.04676772472752254,29.159891598916005,399.75714285714287,401.83809523809526
2022-02-22,356.7,375.4,348.7,374.3,940456.822,0.048442909481343256,0.04051443681689601,40.5099150141643,391.45714285714286,401.3666666666666
2022-02-23,374.3,384.2,365.3,365.6,698692.661,-0.02351777533038834,0.04033405512167496,33.15696649029984,382.64285714285717,401.3047619047619
2022-02-24,365.6,371.3,323.5,361.2,1949035.935,-0.012108018037164629,0.03676569218497918,33.9146121467228,376.75714285714287,400.77619047619044
2022-02-25,361.2,377.2,356.8,375.0,783242.16,0.03749420442758043,0.04195319014373909,42.442563482466745,373.30000000000007,399.60952380952375
2022-02-26,375.0,386.1,370.5,373.7,548687.941,-0.0034726894789726664,0.04178876696668879,40.83384426732066,369.57142857142856,397.7047619047619
2022-02-27,373.7,381.2,358.1,360.1,677364.949,-0.03707156583660855,0.040089731772736656,38.947368421052644,366.64285714285717,394.85714285714283
2022-02-28,360.1,397.2,355.8,395.6,773064.48,0.09402182909372753,0.046797096143398366,48.05970149253733,372.2142857142857,393.052380952381
2022-03-01,395.7,424.9,390.4,408.7,1403695.832,0.03257779082167448,0.0452565143433713,43.598055105348465,377.12857142857143,393.0952380952381
2022-03-02,408.7,415.7,403.8,409.3,788499.443,0.0014669929281256688,0.04285860002055954,45.01661129568107,383.3714285714286,392.447619047619
2022-03-03,409.3,413.2,397.4,402.6,577002.325,-0.01650487029266616,0.04337057966516776,50.061576354679815,389.2857142857143,391.8714285714285
2022-03-04,402.6,403.5,372.0,374.2,756176.61,-0.07315309936570197,0.053092787609257716,43.336886993603414,389.1714285714285,390.64285714285717
2022-03-05,374.1,387.3,367.2,384.7,453970.242,0.027673395918260263,0.05407902203150775,46.177215189873415,390.7428571428572,389.74285714285713
2022-03-06,384.8,387.3,371.6,375.0,489079.158,-0.02553778378783859,0.05277391558375277,48.51063829787233,392.8714285714286,388.65238095238095
2022-03-07,375.0,385.9,362.8,380.6,949294.91,0.01482292889163843,0.03676844472833067,57.075471698113205,390.7285714285714,387.5666666666667
2022-03-08,380.6,388.7,375.3,381.4,647492.047,0.0020997383042694736,0.03312929397467322,52.32481990831695,386.8285714285715,385.1380952380952
2022-03-09,381.4,402.7,381.0,393.2,1012850.747,0.03046969510669291,0.036433164543675275,58.85750962772784,384.5285714285714,383.51428571428573
2022-03-10,393.2,394.5,363.0,372.0,791332.984,-0.05542453399986495,0.04103065509716327,53.128621089223635,380.15714285714284,382.06666666666666
2022-03-11,372.1,380.0,364.7,371.9,510174.586,-0.00026885334212228514,0.030651390954102634,49.024543738200116,379.8285714285715,380.7666666666667
2022-03-12,371.9,379.2,371.1,372.4,402475.646,0.0013435444718876187,0.028070198666405186,49.58886780518659,378.07142857142856,379.46190476190475
2022-03-13,372.4,377.2,360.1,361.4,424762.642,-0.029983167244783848,0.028665695608652786,50.418006430868154,376.1285714285714,378.54761904761904
2022-03-14,361.4,373.9,359.5,373.4,467814.984,0.03266485294949417,0.03141242262276679,41.59090909090907,375.09999999999997,379.34761904761905
2022-03-15,373.4,374.7,361.7,371.7,440890.823,-0.004563153804415777,0.031342610236499355,34.660033167495854,373.7142857142857,379.2238095238095
2022-03-16,371.7,386.6,367.8,385.4,668878.615,0.03619467867705951,0.03243779703821717,41.062079281974555,372.59999999999997,380.1666666666667
2022-03-17,385.3,393.5,381.7,391.8,569457.408,0.01646974953017446,0.02304277328416364,45.95202398800599,375.42857142857144,381.6238095238095
2022-03-18,391.9,400.0,384.0,397.2,553763.586,0.013688426660577107,0.022870979136725356,60.416666666666664,379.0428571428571,382.68095238095236
2022-03-19,397.2,406.4,394.9,399.9,459996.613,0.006774583681755121,0.022643025213928285,57.407407407407405,382.97142857142853,383.92857142857144
2022-03-20,399.9,400.8,386.2,390.8,398984.429,-0.023018595684144896,0.02064947494067709,57.7450980392157,387.17142857142863,385.3904761904762
2022-03-21,390.8,399.5,384.8,396.0,541479.78,0.013218291085852797,0.018469171204805127,57.57874015748031,390.40000000000003,385.4095238095238
2022-03-22,396.0,410.0,394.8,404.3,609034.607,0.020742965392244746,0.017980275842142186,60.49495875343723,395.0571428571429,385.2
2022-03-23,404.3,411.7,397.9,408.4,535891.79,0.010089909643785323,0.014498157586842373,57.49506903353057,398.34285714285716,385.15714285714284
2022-03-24,408.4,416.6,405.0,414.2,598366.115,0.014101862670973337,0.014301539254034013,74.53488372093024,401.5428571428571,385.7095238095238
2022-03-25,414.2,421.5,405.5,410.3,609691.876,-0.00946034951334337,0.015386655536377128,71.38084632516708,403.4142857142857,387.42857142857144
2022-03-26,410.3,416.4,407.5,415.8,280157.687,0.013315775975772156,0.01573294714021865,72.89029535864984,405.6857142857143,388.9095238095238
2022-03-27,415.9,431.6,411.7,430.5,490998.1,0.03474294844387284,0.0131800429463627,85.07614213197975,411.35714285714283,391.552380952381
2022-03-28,430.6,441.0,427.6,430.2,719102.183,-0.0006971070341558323,0.0142889716191746,82.71889400921664,416.24285714285713,393.91428571428565
2022-03-29,430.2,441.6,429.4,434.2,629773.894,0.009255040610561744,0.013744513319271299,85.07295173961845,420.5142857142857,396.42857142857144
2022-03-30,434.2,449.3,425.5,442.1,768982.427,0.018030843388006163,0.014058741740117547,84.0336134453782,425.3285714285715,398.75714285714287
2022-03-31,442.1,452.3,423.9,428.9,957924.695,-0.03031230930936285,0.020937283530471525,70.58823529411764,427.42857142857144,401.46666666666664
2022-04-01,428.9,448.2,412.8,447.7,971822.655,0.042899573724085066,0.02404064520465249,74.39613526570048,432.7714285714286,405.0761904761905
2022-04-02,447.8,454.2,435.7,437.2,827864.885,-0.02373260894453632,0.027631387224788858,66.75651392632525,435.82857142857137,408.16190476190474
2022-04-03,437.3,455.7,432.2,450.4,676230.892,0.029745320523097172,0.026853819598640607,75.82322357019062,438.6714285714285,412.4
2022-04-04,450.4,450.5,433.4,447.6,736637.271,-0.006236100387710334,0.027179343181003165,72.83185840707965,441.15714285714284,415.93333333333334
2022-04-05,447.6,460.0,444.1,444.7,761168.725,-0.006500078921119427,0.027483075995336444,68.77323420074347,442.6571428571429,419.4095238095238
2022-04-06,444.7,448.6,418.3,420.1,928930.806,-0.05690711934131436,0.03453159803660674,54.566744730679176,439.5142857142857,421.0619047619048
2022-04-07,420.1,450.0,416.2,436.0,717661.036,0.037149465173697854,0.03639946851425666,57.887120115774245,440.52857142857147,423.1666666666667
2022-04-08,436.1,442.0,418.4,421.5,684600.074,-0.03382246590712416,0.033595931662564825,53.76344086021505,436.7857142857143,424.3238095238096
2022-04-09,421.5,428.2,419.6,426.6,356426.659,0.012027028595340206,0.03363276614289489,53.6388140161725,435.2714285714286,425.5952380952381
2022-04-10,426.6,429.5,417.0,418.1,386650.883,-0.020126167674730893,0.03055656035572991,45.63994374120957,430.65714285714284,426.8952380952381
2022-04-11,418.1,419.7,391.2,394.6,856354.224,-0.057848044774004376,0.03519430743985744,39.23821039903265,423.08571428571435,426.8285714285714
2022-04-12,394.6,417.1,392.4,413.6,729790.918,0.047026729605704344,0.043048768980223584,44.29046563192906,418.6428571428572,427.2714285714286
2022-04-13,413.7,424.6,410.3,423.4,630077.277,0.023418035506545355,0.03909672125865416,44.87109160724079,419.11428571428576,427.9857142857143
2022-04-14,423.4,426.9,411.3,414.7,464220.208,-0.020761991448429128,0.03622306005196684,46.006749156355454,416.07142857142856,428.00952380952384
2022-04-15,414.7,420.0,412.5,417.3,331730.773,0.006250020345171326,0.034428239852833706,40.59405940594059,415.4714285714286,428.34285714285716
2022-04-16,417.3,419.0,411.6,417.3,237289.02,0.0,0.03394136166579421,43.414956982131045,414.14285714285717,428.41428571428565
2022-04-17,417.3,418.2,405.5,406.6,302390.726,-0.025975486403260677,0.03449646190275123,35.262449528936756,412.5,427.27619047619044
2022-04-18,406.7,418.0,396.2,416.8,628747.772,0.024776589244910774,0.026110900163359214,40.12820512820512,415.6714285714285,426.63809523809533
2022-04-19,416.9,424.7,414.6,422.3,567586.931,0.013109471500740788,0.02007106668070322,42.938209331651954,416.9142857142857,426.07142857142856
2022-04-20,422.3,431.4,414.9,418.4,677255.09,-0.009278049189184834,0.01824147552017859,49.38361131254531,416.19999999999993,424.9428571428571
2022-04-21,418.4,426.0,401.2,404.9,771718.154,-0.03279778971259775,0.020734825433935046,38.52398523985239,414.8,423.79999999999995
2022-04-22,404.9,413.9,403.3,406.6,563521.049,0.0041897781561308816,0.020588854371155624,43.92828035859822,413.2714285714286,421.8428571428571
2022-04-23,406.6,408.1,397.3,401.1,339347.45,-0.01361912841823909,0.02082191828477519,39.642567018684,410.9571428571429,420.12380952380954
2022-04-24,401.2,405.5,397.1,398.8,322889.805,-0.005750734688323929,0.01884154042807216,41.74508126603935,409.84285714285716,417.6666666666667
2022-04-25,398.8,405.7,382.3,404.3,849798.678,0.013697138559042013,0.016456515294290732,54.90394337714862,408.0571428571429,415.6047619047619
2022-04-26,404.4,407.5,380.8,385.9,629808.812,-0.04657890810315223,0.02079424234385205,35.91047812817904,402.85714285714283,412.8047619047619
2022-04-27,386.0,394.8,383.3,391.3,567371.495,0.013896260672793816,0.023171563904847807,32.90734824281154,398.9857142857143,411.4333333333333
2022-04-28,391.4,408.6,388.5,407.1,946336.334,0.03958432629256641,0.026923169751765723,46.23762376237626,399.30000000000007,410.0571428571428
2022-04-29,407.2,410.7,389.7,393.0,694888.526,-0.035249243639671995,0.030035956249014773,39.20000000000001,397.35714285714283,408.70000000000005
2022-04-30,393.0,399.9,376.3,377.1,574905.822,-0.04129920760494975,0.03305194896927628,34.34579439252339,393.92857142857144,406.34285714285716
2022-05-01,377.1,391.4,375.5,389.9,564144.673,0.03337989172424011,0.03675779206623902,43.601532567049794,392.6571428571429,405.0
2022-05-02,389.9,392.6,382.1,389.5,454918.112,-0.001026430677748632,0.036042427886220155,38.690969345484675,390.54285714285714,404.75714285714287
2022-05-03,389.5,392.3,379.8,383.9,388317.42,-0.014481763304050974,0.0316998783139884,34.10596026490067,390.2571428571428,403.3428571428571
2022-05-04,383.9,403.1,382.7,402.6,599066.682,0.0475614111989392,0.03648367067680273,44.174041297935126,391.8714285714286,402.35238095238094
2022-05-05,402.6,413.6,370.7,378.4,1224114.512,-0.06199167602796797,0.04003053461790087,40.94326725905674,387.77142857142854,400.62380952380954
2022-05-06,378.5,383.3,370.6,379.1,702441.419,0.0018481853445660472,0.03863039987312701,40.536820371644886,385.7857142857143,398.8047619047619
2022-05-07,379.1,380.6,360.1,365.5,554852.531,-0.03653374333245607,0.03792255626928769,38.39634941329857,384.1285714285714,396.33809523809526
2022-05-08,365.5,367.0,349.5,355.9,785184.087,-0.026616486673686317,0.03457633333343352,36.65214685749845,379.2714285714286,393.9238095238095
2022-05-09,355.9,359.3,295.4,296.1,2137566.8702,-0.18395255740860125,0.0724128171702663,24.837209302325604,365.92857142857144,388.1761904761905
2022-05-10,296.1,332.8,289.0,319.1,2160654.1754,0.07480729817665226,0.08436377780712306,34.79052823315121,356.67142857142863,383.26190476190476
2022-05-11,319.1,323.0,260.8,271.5,3387753.9826,-0.16154239391020783,0.09059588016267045,27.119938884644768,337.9428571428572,376.2666666666667
2022-05-12,271.4,285.0,218.8,269.0,4499625.6033,-0.009250759772150998,0.09222053029866455,22.213279678068417,322.31428571428575,369.79523809523806
2022-05-13,269.0,313.5,265.4,290.6,1912387.361,0.07723637153434341,0.10289803199750706,30.000000000000014,309.6714285714285,364.2714285714286
2022-05-14,290.7,299.5,272.1,296.9,1092874.023,0.0214476306335315,0.10533849463115158,33.72564935064935,299.87142857142857,359.3095238095238
2022-05-15,296.9,312.6,285.7,312.4,774709.231,0.050889036195816806,0.1096991894048864,34.44399839421919,293.65714285714284,355.1952380952381
2022-05-16,312.4,312.5,290.3,297.2,967622.834,-0.049879105121926774,0.08493013429132237,32.51231527093596,293.8142857142857,350.0952380952381
2022-05-17,297.3,310.7,295.8,306.2,702265.607,0.029833170379979287,0.07992845463959061,35.465768799102136,291.9714285714286,346.3
2022-05-18,306.2,308.6,286.8,287.7,731091.091,-0.0623202126660811,0.05145003379295675,28.491201797079754,294.2857142857143,341.3666666666667
2022-05-19,287.8,308.9,286.8,307.1,685238.844,0.0652551568892746,0.054815661361057796,36.40869233701869,299.7285714285714,336.6047619047619
2022-05-20,307.1,316.1,294.1,302.2,918118.177,-0.016084377608137652,0.049344919731951924,35.572232645403375,301.38571428571424,332.2809523809524
2022-05-21,302.3,314.2,299.3,312.4,470778.483,0.03319536812689158,0.050166996084269964,39.908779931584945,303.59999999999997,329.2
2022-05-22,312.5,323.7,311.5,319.4,640675.573,0.022159817815381268,0.047084204196169106,42.99424184261037,304.59999999999997,325.84285714285716
2022-05-23,319.3,337.0,315.3,317.2,1016212.871,-0.006911746020219111,0.04148412606632483,55.199605717102,307.45714285714286,322.40000000000003
2022-05-24,317.1,330.4,312.1,328.3,1087140.698,0.034395334746854106,0.041894216533752256,52.408376963350776,310.61428571428576,319.752380952381
2022-05-25,328.3,337.9,324.0,325.7,1057736.755,-0.007951112225359236,0.029454263251364673,68.56164383561642,316.04285714285714,316.09047619047624
2022-05-26,325.7,331.8,296.7,303.0,1539437.598,-0.07224390677281863,0.03728069997164144,60.2286401925391,315.45714285714286,312.5
2022-05-27,303.0,309.8,290.6,301.6,1460549.008,-0.004631169375568102,0.03680372942664635,53.76712328767123,315.37142857142857,308.80952380952374
2022-05-28,301.5,310.5,296.9,307.5,601654.504,0.01937345111277156,0.03503651525936831,53.6401098901099,314.6714285714285,306.04761904761904
2022-05-29,307.6,308.2,298.6,305.8,519507.747,-0.005543793751610602,0.03334227351065274,47.496206373292885,312.7285714285714,303.66190476190474
2022-05-30,305.9,324.0,303.9,321.8,1006928.231,0.05099894106332089,0.03971614218633386,59.276018099547514,313.3857142857143,304.88571428571424
2022-05-31,321.8,324.8,313.5,320.9,701746.39,-0.0028006864424716996,0.03706840173477319,55.90361445783132,312.32857142857137,304.97142857142853
2022-06-01,321.0,324.5,297.6,300.4,817984.609,-0.06601462822583151,0.044119668899034285,55.019762845849804,308.7142857142857,306.34761904761905
2022-06-02,300.5,309.2,298.2,308.3,477670.4,0.02595841500212504,0.036571988348130836,50.52173913043477,309.4714285714286,308.2190476190476
2022-06-03,308.4,310.3,293.3,298.6,468996.677,-0.03196844978701459,0.03884644104095899,48.49749582637731,309.04285714285714,308.59999999999997
2022-06-04,298.6,302.9,294.8,301.3,293533.108,0.009001561031165553,0.038111636507685766,45.05788067675869,308.15714285714284,308.8095238095238
2022-06-05,301.4,302.5,295.0,299.1,269695.901,-0.007328480500353211,0.03813815412817374,40.55813953488375,307.2,308.1761904761905
2022-06-06,299.1,312.3,288.0,295.1,758590.86,-0.013463683687008586,0.0297372973375217,39.89021043000917,303.3857142857143,308.07619047619045
2022-06-07,295.1,295.9,273.5,290.3,969784.619,-0.01639941091830956,0.029450486051471554,31.553398058252426,299.0142857142857,307.31904761904764
2022-06-08,290.3,294.6,283.9,288.5,509510.455,-0.006219785082429999,0.01864608221214205,31.80039138943249,297.31428571428575,307.35714285714283
2022-06-09,288.5,293.4,286.3,289.9,335495.073,0.004840949979455474,0.013711743542714016,41.90358467243509,294.6857142857143,306.5380952380952
2022-06-10,289.9,298.9,283.2,286.4,817523.364,-0.012146600841119288,0.009539476333661262,40.843373493975875,292.9428571428571,305.7857142857143
2022-06-11,286.4,290.6,265.2,269.9,584351.456,-0.059337915062531534,0.020429833470013505,29.914529914529908,288.45714285714286,303.76190476190476
2022-06-12,269.9,272.0,251.1,254.8,827755.035,-0.057572596325950604,0.025247566822872963,26.16822429906543,282.12857142857143,300.68571428571425
2022-06-13,254.8,257.8,213.2,223.0,2377589.4089,-0.1333071522378895,0.0480860101323129,9.77198697068404,271.8285714285714,296.2
2022-06-14,222.9,231.4,204.1,223.0,1922025.0844,0.0,0.049797667382100605,9.844134536505337,262.2142857142857,291.18571428571425
2022-06-15,223.1,234.7,198.4,233.6,2105397.5515,0.046438479493953196,0.0585500323261588,20.17857142857143,254.3714285714286,286.8
2022-06-16,233.6,237.2,207.7,210.2,975592.873,-0.10555079251122129,0.06229974140071412,11.529411764705856,242.98571428571427,282.3809523809524
2022-06-17,210.3,222.1,207.7,215.8,690834.308,0.02629259438118371,0.0672692141192771,16.45056726094002,232.90000000000003,278.2952380952381
2022-06-18,215.8,219.0,183.4,197.0,1404690.4959,-0.0911483240860459,0.06978647892029087,12.61648745519713,222.4857142857143,273.03333333333336
2022-06-19,197.0,217.0,189.7,215.1,1102166.171,0.08789930753569583,0.08533814284859143,22.97297297297297,216.81428571428572,268.7142857142857
2022-06-20,215.1,219.8,204.8,216.5,880400.844,0.006487511168860225,0.07064015474381884,24.280104712041876,215.8857142857143,263.7
2022-06-21,216.5,228.4,213.1,220.1,829003.565,0.016491441089871432,0.07107822672700238,26.84696569920844,215.47142857142856,258.90000000000003
2022-06-22,220.2,221.0,211.2,214.4,690466.465,-0.026238559335768966,0.06809092367429527,26.173633440514465,212.72857142857143,254.80476190476188
2022-06-23,214.4,231.7,214.0,228.9,783796.952,0.06544179776187407,0.05912292138772102,31.909845788849353,215.40000000000003,251.02380952380952
2022-06-24,229.0,243.3,228.3,240.2,707275.387,0.04818668268736209,0.06055599376196609,36.904761904761905,218.88571428571427,248.24285714285716
2022-06-25,240.3,242.1,229.7,239.7,490948.31,-0.0020837682055445464,0.04049568103449989,40.586034912718205,224.98571428571427,245.3095238095238
2022-06-26,239.7,245.2,233.2,233.9,456762.547,-0.024494467850205287,0.03466131897112286,43.08405029781601,227.67142857142858,242.20476190476188
2022-06-27,234.0,241.0,230.0,233.8,483616.798,-0.0004276245521652586,0.03494103501269168,54.52261306532664,230.14285714285714,239.28571428571428
2022-06-28,233.9,242.8,225.9,226.9,632626.779,-0.029956657252171965,0.03799713041614055,51.5439429928741,231.11428571428573,236.26666666666668
2022-06-29,227.0,229.8,215.4,219.7,711780.691,-0.032246412395231634,0.038861149924677624,44.34499593165175,231.87142857142857,232.9904761904762
2022-06-30,219.7,220.3,205.4,219.6,791526.898,-0.0004552697551889003,0.0277432598025249,54.71887550200803,230.54285714285714,229.6428571428571
2022-07-01,219.6,226.8,213.5,216.9,816261.885,-0.012371291802546829,0.014187272690585293,50.56876938986556,227.21428571428572,226.33333333333334
2022-07-02,216.9,219.7,213.8,218.3,342712.099,0.006433845723069494,0.015719808356531067,63.43001261034049,224.15714285714287,223.87619047619052
2022-07-03,218.4,220.1,213.9,219.2,361103.065,0.004114291517962104,0.016057751898659912,53.3011272141707,222.05714285714285,222.1809523809524
2022-07-04,219.2,232.2,214.8,231.5,514662.946,0.054595318452428446,0.02919902043900721,60.27397260273973,221.72857142857143,222.5857142857143
2022-07-05,231.6,236.6,222.9,230.8,684927.621,-0.003028338892344175,0.026456687814843647,57.631954350927266,222.28571428571428,222.95714285714288
2022-07-06,230.8,240.0,229.0,238.6,644951.713,0.033236975029871184,0.023569651152505613,66.75900277008311,224.9857142857143,223.19523809523807
2022-07-07,238.6,243.8,230.0,241.4,488193.225,0.01166679899961538,0.022957434096539338,60.330578512396706,228.1,224.6809523809524
2022-07-08,241.4,247.7,237.0,240.7,643936.034,-0.002903963874404889,0.021404148338689165,50.501002004008015,231.5,225.86666666666665
2022-07-09,240.7,245.0,240.4,243.3,267778.165,0.010743905000450802,0.021181740799694943,53.46153846153848,235.07142857142858,228.07142857142858
2022-07-10,243.3,243.5,231.7,234.7,396712.237,-0.035987146932499166,0.0288175210941252,50.72992700729926,237.28571428571428,229.00476190476192
2022-07-11,234.7,235.0,225.1,225.6,419335.067,-0.039544583233074,0.026259864287349947,43.57366771159874,236.44285714285715,229.43809523809523
2022-07-12,225.7,228.3,220.2,220.6,410220.066,-0.022412412804501753,0.02718446824299486,44.91114701130855,234.98571428571427,229.46190476190475
2022-07-13,220.6,231.3,216.4,230.5,714589.61,0.04389975561730119,0.029938618558873024,58.359133126934985,233.82857142857142,230.22857142857143
2022-07-14,230.5,240.0,227.1,238.5,577524.874,0.034118447891692744,0.03305404475814691,63.03448275862069,233.41428571428568,230.68571428571425
2022-07-15,238.6,242.7,235.4,238.5,446513.822,0.0,0.03305502818184999,65.47277936962749,233.1,230.6047619047619
2022-07-16,238.6,251.5,233.9,249.8,423399.994,0.046291287363081524,0.0376297773504521,69.76160602258469,234.0285714285714,231.0857142857143
2022-07-17,249.8,256.1,246.4,247.8,436448.547,-0.008038628496435173,0.03401818671310925,67.6980198019802,235.90000000000003,231.74761904761908
2022-07-18,247.8,265.6,247.6,264.1,747067.029,0.06370585010804458,0.03243677792553139,69.22169811320754,241.4,233.1904761904762
2022-07-19,264.1,274.8,255.8,268.6,946386.94,0.01689546478605069,0.02615881411174387,71.33182844243791,248.2571428571429,235.17619047619047
2022-07-20,268.6,272.0,256.4,258.2,771496.808,-0.039488805676595184,0.03520189153544866,60.7456140350877,252.21428571428572,237.0095238095238
2022-07-21,258.3,266.0,250.7,265.6,545140.272,0.02825693918973684,0.03477204304090102,62.6304801670146,256.0857142857143,239.20000000000005
2022-07-22,265.6,271.4,261.1,262.4,508542.317,-0.012121360532344963,0.03594725171890351,61.03763987792469,259.5,241.36666666666665
2022-07-23,262.5,272.6,252.7,259.2,488326.247,-0.01227009259181436,0.03383509908819269,58.03842264914052,260.84285714285716,243.3142857142857
2022-07-24,259.2,266.2,257.1,261.4,333902.611,0.008451836712001816,0.03332368416807887,64.4324324324324,262.7857142857143,245.32380952380953
2022-07-25,261.4,262.7,243.8,244.6,458768.533,-0.06642757793704947,0.033126838717197855,59.481037924151686,260.0,245.94761904761904
2022-07-26,244.7,249.6,239.6,249.4,365533.647,0.01943380999286417,0.033494400214450694,64.39999999999998,257.25714285714287,246.83333333333334
2022-07-27,249.5,272.0,247.5,271.6,656773.695,0.085272362438605,0.04630215238831258,68.29919857524487,259.1714285714286,248.4047619047619
2022-07-28,271.6,280.8,263.6,277.2,669832.4,0.020408871631207033,0.045800392869722165,67.60691537761599,260.8285714285714,250.10952380952378
2022-07-29,277.2,302.0,274.8,293.6,1077799.221,0.05747902942461238,0.04864987232647125,71.81314330958035,265.2857142857143,252.62857142857143
2022-07-30,293.6,300.2,285.1,287.8,683111.103,-0.019952502287093058,0.049474872041951126,65.72847682119203,269.37142857142857,254.74761904761903
2022-07-31,287.8,297.1,282.1,283.4,564727.273,-0.01540646719668753,0.050801341372188245,64.44805194805193,272.5142857142857,257.06666666666666
2022-08-01,283.5,290.5,277.9,283.2,493847.804,-0.0007059654370153107,0.03859644652260063,58.91690009337065,278.0285714285714,259.8095238095238
2022-08-02,283.3,291.1,274.2,283.8,627814.081,0.0021164029063776937,0.03925786514013513,57.364341085271306,282.9428571428572,262.81904761904764
2022-08-03,283.8,305.7,278.2,297.5,685924.62,0.04714446025974223,0.029995053924937492,68.4507042253521,286.64285714285717,266.0095238095238
2022-08-04,297.6,313.4,297.2,311.8,808604.152,0.04694773163799166,0.032645890899929135,70.37037037037035,291.5857142857143,269.5
2022-08-05,311.9,321.5,308.1,315.9,641807.573,0.013063751184363176,0.02730132017389709,73.40332458442694,294.7714285714286,273.18571428571425
2022-08-06,315.9,322.9,312.6,315.2,394288.536,-0.0022183498243153873,0.024708729733992827,75.04472271914132,298.68571428571425,276.3
2022-08-07,315.3,325.9,308.2,322.8,415090.183,0.023825578412069823,0.021424945296468392,76.19453924914677,304.3142857142857,279.8714285714285
2022-08-08,322.7,334.0,320.8,324.9,580206.607,0.0064845062792607145,0.020497571661429098,89.17073170731706,310.2714285714286,282.7666666666667
2022-08-09,324.9,328.3,312.4,324.4,500589.395,-0.0015401204337967482,0.02105703597433657,88.18737270875762,316.07142857142856,285.4238095238095
2022-08-10,324.5,336.8,313.6,328.8,831222.11,0.01347234094076712,0.017047340940046455,85.57213930348257,320.54285714285714,288.7857142857143
2022-08-11,328.8,334.7,322.0,323.6,549578.328,-0.01594147799768815,0.013077818455888925,79.0,322.2285714285714,291.54761904761904
2022-08-12,323.5,328.1,317.7,327.9,384848.843,0.013200498666265742,0.013091432201513261,75.25773195876286,323.9428571428571,294.6666666666667
2022-08-13,327.9,333.0,322.8,324.3,405066.252,-0.011039670537330216,0.014306860079086098,77.7777777777778,325.2428571428572,297.7666666666667
2022-08-14,324.3,331.0,315.8,317.6,378353.918,-0.02087628394029157,0.013990022903163002,75.14705882352948,324.5,300.4428571428571
2022-08-15,317.6,327.4,313.6,319.5,455916.278,0.00596454444460872,0.013936762758752684,76.0401721664276,323.7285714285714,304.0095238095238
2022-08-16,319.4,322.4,312.0,316.1,370975.919,-0.010698654596017336,0.014269138967370745,72.27586206896558,322.54285714285714,307.18571428571425
2022-08-17,316.0,324.0,304.2,306.9,504236.732,-0.029536657595881678,0.014887412431083814,56.91176470588235,319.4142857142857,308.8666666666667
2022-08-18,306.8,311.0,295.8,298.1,409051.886,-0.02909296094166455,0.016524581369478788,39.03999999999998,315.7714285714286,309.8619047619048
2022-08-19,298.1,298.2,276.2,279.1,870296.511,-0.06585886014174927,0.022563092284254908,26.22739018087853,308.8,309.1714285714286
2022-08-20,279.0,289.4,277.0,283.7,513021.106,0.016347201272529158,0.026937108747336843,30.627306273062686,303.0,308.9761904761905
2022-08-21,283.8,304.2,283.4,301.9,528156.209,0.062178494897987456,0.04076859360830535,38.62894450489658,300.75714285714287,309.85714285714283
2022-08-22,301.9,304.9,288.8,300.0,638895.985,-0.006313362056592033,0.04036783676326844,36.42311886586694,297.9714285714286,310.65714285714284
2022-08-23,300.0,301.7,293.8,299.3,403374.952,-0.0023360597975477754,0.04043275384548931,36.34385201305766,295.57142857142856,311.3952380952381
2022-08-24,299.3,300.5,294.3,296.4,344126.265,-0.009736521436721551,0.03933653071203445,32.07964601769906,294.07142857142856,311.34285714285716
2022-08-25,296.4,307.5,296.0,301.2,398617.06,0.016064602503806622,0.03841371890256518,37.55555555555551,294.5142857142857,310.83809523809526
2022-08-26,301.2,302.3,277.2,279.6,594770.355,-0.07441448556608325,0.04096470276636999,27.493010251630935,294.5857142857143,309.1095238095238
2022-08-27,279.6,284.8,273.3,277.9,412732.716,-0.006098673611197299,0.04036935470078204,27.98861480075898,293.75714285714287,307.3333333333333
2022-08-28,277.9,284.1,275.6,276.5,312819.026,-0.00505051578606848,0.028562818605726785,29.470529470529442,290.12857142857143,305.1285714285715
2022-08-29,276.5,286.7,272.3,285.9,481690.832,0.03343127836587665,0.0335289059964261,34.38661710037172,288.1142857142857,303.27142857142854
2022-08-30,285.9,292.0,276.1,281.6,436765.765,-0.015154475044378642,0.033589540862606036,34.101382488479246,285.5857142857143,301.23333333333335
2022-08-31,281.7,290.0,277.7,279.2,388909.545,-0.00855925339567006,0.033586482265248796,36.38151425762044,283.12857142857143,298.87142857142857
2022-09-01,279.3,280.3,270.7,278.3,415193.212,-0.0032287023563722225,0.03198424045944634,39.445628997867786,279.85714285714283,296.7142857142857
2022-09-02,278.3,283.4,273.7,277.5,321409.948,-0.0028787353453559278,0.01577900927457588,48.94179894179893,279.5571428571429,294.31428571428575
2022-09-03,277.4,278.8,274.2,277.8,148504.883,0.0010804971337541789,0.015630832889583217,45.86255259467042,279.54285714285714,292.09999999999997
2022-09-04,277.8,280.6,275.0,279.1,193440.808,0.004668710222033215,0.015544192020685623,29.044117647058854,279.9142857142857,290.2666666666667
2022-09-05,279.1,282.0,273.4,276.9,258958.149,-0.007913710365360526,0.006596299352340988,28.88482632541134,278.62857142857143,288.23809523809524
2022-09-06,276.9,286.3,261.0,262.5,640922.531,-0.05340534814523762,0.01968483328190937,23.099415204678365,275.90000000000003,285.68571428571425
2022-09-07,262.5,280.4,258.6,278.9,431827.218,0.06060221260176472,0.03323877516563764,39.31623931623932,275.85714285714283,284.352380952381
2022-09-08,279.0,282.9,275.4,280.5,385559.749,0.005720430329307797,0.03327287111128275,36.84879288437103,276.1714285714285,283.51428571428573
2022-09-09,280.6,295.9,280.0,293.4,541869.409,0.04496314074613026,0.03701641848439845,59.85714285714282,278.4428571428571,284.1952380952381
2022-09-10,293.4,298.6,290.3,296.7,328332.542,0.011184661587894789,0.03690029171636083,63.12849162011174,281.14285714285717,284.8142857142857
2022-09-11,296.7,298.1,289.7,295.3,261093.945,-0.004729738546899039,0.037270383361462836,63.12849162011174,283.45714285714286,284.5
2022-09-12,295.3,300.0,290.8,294.1,408686.168,-0.004071943189927587,0.03702342325128446,56.46687697160887,285.9142857142857,284.2190476190476
2022-09-13,294.1,298.6,275.4,277.4,578322.33,-0.058459337679218286,0.03845589981949495,47.22955145118731,288.04285714285714,283.17619047619047
2022-09-14,277.5,282.8,273.3,279.3,424974.985,0.006825965070399891,0.030774041236783622,50.06640106241702,288.1,282.3619047619048
2022-09-15,279.4,280.5,266.3,271.1,520635.261,-0.029798716446511185,0.032587840923793666,45.641646489104126,286.75714285714287,280.92857142857144
2022-09-16,271.1,276.6,268.5,274.9,311737.818,0.013919638666580043,0.026153002792314046,48.48130841121495,284.1142857142857,280.70476190476194
2022-09-17,274.9,279.9,274.7,279.1,189707.951,0.015162745371076711,0.026709719333752085,50.72625698324023,281.59999999999997,280.76190476190476
2022-09-18,279.1,280.3,263.1,266.2,327883.908,-0.047322234581265304,0.030260395926529043,43.620178041543014,277.4428571428571,280.27142857142854
2022-09-19,266.3,273.0,256.7,271.9,508029.19,0.021186445677413752,0.03312597145464163,47.60994263862332,274.2714285714286,279.6047619047619
2022-09-20,272.0,273.7,265.2,266.3,335455.454,-0.02081085881853835,0.026587391434980446,51.98329853862214,272.68571428571425,278.87619047619046
2022-09-21,266.3,276.4,260.3,264.0,535775.821,-0.008674389673570473,0.025996188054501452,40.88127294981643,270.5,278.15238095238095
2022-09-22,264.0,276.7,263.5,275.3,339390.821,0.04191230900224561,0.02984163449750682,47.15536105032824,271.1,278.0095238095238
2022-09-23,275.4,277.9,268.3,276.7,363390.805,0.00507247464431843,0.029447104345520766,39.549436795995014,271.35714285714283,277.97142857142853
2022-09-24,276.7,285.0,274.2,274.4,324988.432,-0.008346990941150143,0.028888970728201513,35.868187579214194,270.6857142857143,277.8095238095238
2022-09-25,274.4,280.0,270.9,274.3,220895.598,-0.000364497908172513,0.021138536063537352,36.46907216494846,271.84285714285716,277.5809523809524
2022-09-26,274.3,276.9,270.8,276.1,267919.665,0.0065407209925513,0.01987346376666375,38.49104859335039,272.4428571428571,277.54285714285714
2022-09-27,276.1,286.6,269.2,272.3,406749.835,-0.01385871925639482,0.018669704059794526,46.094946401225144,273.3,278.00952380952384
2022-09-28,272.3,283.7,266.3,281.6,357981.397,0.03358322460417352,0.02089586616482202,51.581843191196704,275.81428571428575,278.1380952380952
2022-09-29,281.6,285.6,277.1,284.1,301167.344,0.008838664576254835,0.015247410412431309,59.701492537313435,277.07142857142856,278.3095238095238
2022-09-30,284.2,289.8,280.5,284.8,391981.587,0.0024608906776783803,0.015262868007026484,57.74647887323946,278.22857142857146,277.90000000000003
2022-10-01,284.9,285.4,277.7,282.9,196754.497,-0.006693701230299265,0.015049055064000687,53.08441558441554,279.4428571428572,277.24285714285713
2022-10-02,282.9,287.9,279.4,284.7,200690.251,0.006342515976470501,0.01491114382031255,68.31683168316832,280.92857142857144,276.73809523809524
2022-10-03,284.7,289.1,283.1,286.9,275974.883,0.007697728703327139,0.014933375285237614,65.95744680851064,282.4714285714286,276.3952380952381
2022-10-04,287.0,298.2,286.3,296.2,321841.165,0.03190117884637926,0.015071218976445097,79.48717948717945,285.88571428571424,277.2904761904762
2022-10-05,296.3,296.4,289.2,294.2,221018.685,-0.006775093666361247,0.01302778046977242,79.96031746031743,287.68571428571425,278.0
2022-10-06,294.2,298.1,278.6,287.0,450036.833,-0.024777592407716053,0.01738354419972482,62.63498920086392,288.09999999999997,278.75714285714287
2022-10-07,286.9,287.0,279.1,282.3,354485.961,-0.016511880500177465,0.018633935495979744,55.645161290322605,287.74285714285713,279.1095238095238
2022-10-08,282.2,282.7,275.4,276.4,183653.119,-0.02112124336592893,0.020077192358655745,51.8796992481203,286.81428571428575,278.9809523809524
2022-10-09,276.3,279.4,275.1,278.2,171008.247,0.006491187595827681,0.020089193337882463,53.55191256830598,285.88571428571424,279.55238095238093
2022-10-10,278.2,279.2,271.3,271.5,216924.869,-0.02437814011535237,0.020808055993805093,46.153846153846146,283.68571428571425,279.5333333333333
2022-10-11,271.5,274.0,267.2,271.4,222137.683,-0.00036839197322140546,0.01240205418274737,49.19786096256682,280.14285714285717,279.7761904761905
2022-10-12,271.3,272.9,269.2,270.9,167816.904,-0.0018439983097193683,0.012910492689885436,38.689217758985166,276.8142857142857,280.1047619047619
2022-10-13,270.9,273.7,256.8,271.6,540797.212,0.002580646593491713,0.012455535825311769,36.2637362637363,274.6142857142857,279.92857142857144
2022-10-14,271.6,276.8,267.6,269.4,298386.918,-0.008133131708277647,0.011876786231245134,33.617021276595764,272.7714285714286,279.5809523809524
2022-10-15,269.4,271.4,267.4,268.2,144084.716,-0.004464293128685381,0.010026083295932858,34.125269978401775,271.59999999999997,279.2857142857143
2022-10-16,268.2,273.9,267.9,272.5,185597.074,0.015905643255720563,0.012126651224540484,37.500000000000036,270.7857142857143,279.2
2022-10-17,272.4,275.9,269.8,275.6,187187.58,0.011311925036204927,0.008613260107754317,38.63179074446688,271.37142857142857,279.17619047619047
2022-10-18,275.7,276.0,270.1,273.1,195691.117,-0.009112510659844131,0.009613832461637738,23.076923076923208,271.6142857142857,279.2142857142857
2022-10-19,273.2,273.9,270.3,272.0,153657.96,-0.004035962183662117,0.00975250020636107,23.571428571428697,271.7714285714286,278.75714285714287
2022-10-20,271.9,273.4,267.3,269.0,166135.496,-0.011090686694158173,0.010615547781478269,26.190476190476303,271.4,278.03809523809525
2022-10-21,269.0,271.2,263.4,270.1,195432.212,0.004080881196730808,0.010319082737741167,32.16374269005861,271.50000000000006,277.3380952380952
2022-10-22,270.1,271.1,268.4,270.4,84044.883,0.001110083370238961,0.010096460519276668,39.510489510489556,271.81428571428575,276.74285714285713
2022-10-23,270.5,276.8,268.7,276.0,134390.843,0.02049852154834097,0.011292307234995535,46.60493827160497,272.31428571428575,276.3285714285715
2022-10-24,275.9,277.4,271.6,274.1,154182.094,-0.006907862408409835,0.01083104366324294,54.710144927536255,272.1,275.7190476190476
2022-10-25,274.2,289.9,272.0,284.2,387523.125,0.03618521235425999,0.016870620890565267,67.02127659574467,273.6857142857143,275.147619047619
2022-10-26,284.2,292.0,284.1,290.2,316408.936,0.02089212478708728,0.017104443906897575,72.38979118329463,276.2857142857143,274.95714285714286
2022-10-27,290.3,293.3,284.7,286.7,315734.808,-0.012133967560763266,0.017314504989025647,66.44880174291933,278.81428571428575,274.9428571428572
2022-10-28,286.8,301.1,285.7,297.9,416648.243,0.03832148682991233,0.020247317879300217,75.95628415300547,282.7857142857143,275.68571428571425
2022-10-29,297.9,308.4,295.6,304.4,553646.125,0.021584766268294128,0.019542329013726427,80.06644518272425,287.64285714285717,277.0190476190476
2022-10-30,304.5,318.8,302.3,313.5,538624.403,0.029456734085444653,0.020101055854847494,81.53846153846155,293.0,278.70000000000005
2022-10-31,313.6,337.9,306.5,325.7,1047801.477,0.03817735220921246,0.017807496325190863,83.80566801619432,300.37142857142857,281.2809523809524
2022-11-01,325.8,334.6,317.4,323.9,550045.706,-0.005541886104904235,0.020131253771307967,84.60490463215257,306.04285714285714,283.7809523809524
2022-11-02,323.8,330.0,315.3,320.2,561329.564,-0.011489025614669293,0.023047263939473324,81.7105263157895,310.3285714285715,286.12857142857143
2022-11-03,320.2,338.7,318.0,329.5,622354.86,0.028630553379947684,0.020315682720858104,86.75577156743623,316.4428571428571,288.88571428571424
2022-11-04,329.6,358.9,328.3,354.6,751709.582,0.07341403969754556,0.028362065988378413,89.74600188146756,324.5428571428571,292.9428571428572
2022-11-05,354.7,361.3,346.1,349.2,411760.064,-0.015345569674660421,0.03224801875893744,85.36804308797127,330.9428571428571,296.8
2022-11-06,349.1,356.0,337.7,337.9,390974.879,-0.03289483024520287,0.037292967799198204,76.43040136635352,334.42857142857144,299.9142857142857
2022-11-07,337.8,344.4,326.4,337.0,740465.512,-0.0026670633678824896,0.03542723367142738,77.08871662360033,336.0428571428571,302.8380952380952
2022-11-08,337.0,398.3,298.0,327.4,3103916.384,-0.02890026541532725,0.037604787291804324,68.68512110726641,336.54285714285714,305.4238095238095
2022-11-09,327.4,333.1,260.2,267.3,1901075.899,-0.20281104179216114,0.0864517165512524,43.252799057159706,328.9857142857143,305.2
2022-11-10,267.1,313.0,263.2,304.0,1411238.91,0.1286560782613483,0.10352725241711438,54.26318383440119,325.34285714285716,306.8666666666667
2022-11-11,304.1,306.0,279.0,290.4,695145.641,-0.0457684184555807,0.09681633580162284,48.17340477350219,316.1714285714285,307.8333333333333
2022-11-12,290.4,294.5,271.6,282.8,545359.355,-0.026519348928223205,0.09665464913388119,44.76744186046513,306.6857142857143,308.4238095238095
2022-11-13,282.9,286.5,273.2,276.4,442278.921,-0.022890842128902977,0.09668089831881528,40.893470790378004,297.9,308.4428571428571
2022-11-14,276.4,292.0,268.0,279.0,818725.897,0.009362689927850863,0.09732553682235512,37.970118495620824,289.6142857142857,308.67619047619047
2022-11-15,279.0,282.4,273.2,277.0,445565.664,-0.007194275634027085,0.09759961592665256,37.93103448275863,282.4142857142857,308.3333333333333
2022-11-16,277.0,280.2,268.8,271.8,402896.799,-0.018951004470295095,0.05821389046966925,37.64044943820226,283.0571428571428,307.45714285714286
2022-11-17,271.9,273.5,262.9,267.9,367805.83,-0.014452725166480357,0.017061302595679353,33.82352941176471,277.90000000000003,306.5619047619047
2022-11-18,268.0,274.8,267.7,274.1,277946.366,0.022879226758177235,0.018172592852064854,26.53061224489798,275.57142857142856,305.42857142857144
2022-11-19,274.1,274.6,268.9,272.6,194104.28,-0.0054874840463078845,0.016290220285269635,27.147971360381888,274.11428571428576,303.91428571428577
2022-11-20,272.6,273.8,261.8,264.2,306587.581,-0.031299127174207464,0.01802555096120882,27.6259866423801,272.37142857142857,301.5666666666667
2022-11-21,264.2,265.3,250.0,253.9,581026.19,-0.03976590337759208,0.020267917925412552,26.134405514072384,268.7857142857143,298.147619047619
2022-11-22,254.0,267.8,252.0,266.7,357164.445,0.0491839424773357,0.03134881581160728,32.8821206993796,267.3142857142857,295.4238095238095
2022-11-23,266.8,301.8,264.8,298.8,1224050.689,0.1136500220706938,0.05381671370063877,60.549229738780966,271.1714285714286,294.4047619047619
2022-11-24,298.9,304.1,293.9,300.2,550792.655,0.004674465940699176,0.052631686599632625,48.33333333333333,275.7857142857143,293.0095238095238
2022-11-25,300.3,306.6,294.1,300.8,465733.483,0.0019966728763232953,0.052785711446776344,55.14851485148516,279.6,290.447619047619
2022-11-26,300.8,317.8,299.9,311.4,569578.773,0.03463266732421314,0.052586189959726685,63.749999999999964,285.1428571428571,288.64761904761906
2022-11-27,311.4,316.7,306.3,307.6,310095.845,-0.012278021768408896,0.0499801215819332,65.3846153846154,291.34285714285716,287.20476190476194
2022-11-28,307.7,309.6,286.6,293.5,603763.83,-0.0469225983633378,0.05149782927487286,56.42161204605846,297.0,285.1333333333333
2022-11-29,293.5,305.3,289.0,295.4,422502.385,0.006452730829128226,0.05007229917286274,58.15602836879431,301.1,283.6095238095238
2022-11-30,295.4,305.5,292.5,300.6,467009.694,0.017450107221594836,0.025556244585942606,62.7659574468085,301.35714285714283,285.1952380952381
2022-12-01,300.6,302.0,290.0,292.3,798867.735,-0.027999805201673927,0.027641822568957686,60.409556313993185,300.22857142857146,284.6380952380952
2022-12-02,292.3,293.9,285.4,293.4,364102.285,0.003756193591681072,0.027711335859303018,58.608385370205156,299.1714285714285,284.7809523809524
2022-12-03,293.4,294.4,289.0,290.4,234377.055,-0.010277582758240296,0.022007448025412803,57.834507042253506,296.1714285714285,285.14285714285717
2022-12-04,290.4,292.8,287.4,291.8,244356.783,0.004809353138044324,0.022647660640997703,62.9455909943715,293.9142857142857,285.8761904761905
2022-12-05,291.8,297.2,286.1,288.4,294958.79,-0.011720230677891397,0.015091212451595226,67.30190571715144,293.18571428571425,286.32380952380953
2022-12-06,288.5,290.8,286.5,290.2,247911.347,0.006221935039293459,0.015068617409641626,63.24689966178128,292.4428571428571,286.95238095238096
2022-12-07,290.2,290.9,281.1,284.2,361435.528,-0.020892124787087164,0.013476993650102513,38.33865814696484,290.09999999999997,287.54285714285714
2022-12-08,284.2,292.0,282.4,290.4,281655.085,0.021581067287640657,0.014230786456634793,42.729970326409486,289.8285714285714,288.61428571428576
2022-12-09,290.4,292.0,284.4,286.0,308418.725,-0.015267472130788308,0.014982948709611772,39.606741573033695,288.7714285714286,289.18095238095236
2022-12-10,286.1,289.9,285.7,288.2,148922.633,0.007662872745569097,0.01519310923261404,31.528662420382176,288.45714285714286,289.9238095238095
2022-12-11,288.2,291.4,283.3,284.4,206340.146,-0.013272985636335893,0.015556495269500991,31.528662420382148,287.4,290.88571428571424
2022-12-12,284.5,285.8,271.7,276.1,507509.835,-0.02961857899297691,0.018324851320657542,34.73684210526318,285.64285714285717,291.9428571428572
2022-12-13,276.1,282.0,255.6,272.2,1309642.684,-0.014226028718743148,0.017626211118701697,30.33898305084749,283.07142857142856,292.20476190476194
2022-12-14,272.2,278.4,265.5,267.7,580082.911,-0.016670139691058825,0.017225021822751877,21.783876500857602,280.7142857142857,290.7238095238095
2022-12-15,267.7,268.1,256.5,258.8,350889.164,-0.033811387899561236,0.013371273838853642,21.561969439728344,276.2,288.752380952381
2022-12-16,258.9,264.7,224.7,231.2,876900.031,-0.11277242582852318,0.03870763672572691,13.583138173302117,268.37142857142857,285.43809523809523
2022-12-17,231.2,245.0,220.0,242.1,788798.493,0.046067727145790424,0.046862406866244474,24.115755627009662,261.7857142857143,282.1380952380952
2022-12-18,242.1,254.6,239.5,251.0,526139.427,0.036102075187771115,0.05230417401230501,29.76190476190476,257.0142857142857,279.4428571428572
2022-12-19,251.1,253.3,236.8,240.4,408787.202,-0.043148736470731405,0.05305628501510528,27.777777777777786,251.91428571428574,276.9142857142857
2022-12-20,240.3,253.5,239.1,251.4,320509.026,0.044741093495094496,0.05848816302600516,33.44709897610922,248.94285714285715,274.81904761904764
2022-12-21,251.4,251.5,245.2,246.2,195051.385,-0.02090108240579401,0.05857403119603909,33.67697594501719,245.87142857142857,272.22857142857146
2022-12-22,246.2,248.3,240.1,245.8,246104.196,-0.0016260166184185602,0.057831436899641465,29.83725135623871,244.01428571428573,270.01428571428573
2022-12-23,245.9,248.7,243.7,246.2,175280.013,0.0016260166184185348,0.03456109370133467,31.332082551594738,246.15714285714284,267.7666666666667
2022-12-24,246.2,246.3,243.4,244.5,96773.731,-0.0069289048354263996,0.03066809016940804,29.406220546654097,246.5,265.5809523809524
2022-12-25,244.6,245.8,241.4,243.2,125016.877,-0.0053311588229147805,0.02658252311589764,30.11583011583012,245.3857142857143,263.26666666666665
2022-12-26,243.2,244.9,242.0,244.3,117117.968,0.004512828171682971,0.020427548280243176,33.50622406639003,245.94285714285712,261.1666666666667
2022-12-27,244.3,248.9,242.1,246.7,196642.12,0.009776045271616211,0.0098626431524201,36.56480505795574,245.27142857142854,259.0952380952381
2022-12-28,246.7,247.4,241.5,244.5,208632.342,-0.008957714620384303,0.0067210817015692,37.47300215982722,245.02857142857144,257.20476190476194
2022-12-29,244.6,246.9,243.3,246.3,161959.266,0.007334996211565471,0.007398924283177389,42.69005847953216,245.09999999999997,255.1047619047619
2022-12-30,246.3,246.7,242.7,245.8,128406.533,-0.002032107994557796,0.007418021244768979,62.50000000000002,245.04285714285717,253.1904761904762
2022-12-31,245.8,248.0,244.8,246.3,134141.311,0.002032107994557811,0.006818768900355615,54.375000000000014,245.3,251.19523809523807
2023-01-01,246.3,246.7,243.4,244.4,109450.117,-0.007744077829051978,0.007242791697184141,41.951219512195124,245.4714285714286,249.2904761904762
2023-01-02,244.5,247.9,240.7,245.2,173452.9,0.003267976764616013,0.00714832740763311,57.69230769230767,245.6,247.8190476190476
2023-01-03,245.3,247.0,244.4,246.1,115059.991,0.0036637533349538013,0.006130907631911498,37.44075829383882,245.51428571428573,246.5761904761905
2023-01-04,246.2,261.0,245.6,258.9,370055.082,0.05070392936048166,0.01936140007331556,72.12543554006972,247.57142857142858,246.15714285714287
2023-01-05,258.9,259.2,255.2,256.7,145297.963,-0.008533798880397162,0.020378478395714997,67.86885245901638,249.05714285714288,246.05714285714285
2023-01-06,256.7,260.7,254.2,259.9,199497.076,0.012388853770349848,0.020169836939306303,70.57057057057058,251.07142857142853,247.42380952380955
2023-01-07,259.9,263.9,259.4,261.3,115152.77,0.005372230879122466,0.02004511886893148,75.45454545454547,253.21428571428572,248.3380952380952
2023-01-08,261.3,276.5,260.1,274.9,237308.89,0.05073822264463318,0.02397501996975977,84.9889624724062,257.57142857142856,249.47619047619048
2023-01-09,274.9,283.5,271.3,272.6,437828.428,-0.0084018759087676,0.025434154267568822,80.43010752688181,261.4857142857143,251.0095238095238
2023-01-10,272.6,278.8,270.2,277.1,259938.562,0.016372932606500457,0.024927545476304203,81.27572016460914,265.9142857142857,252.23333333333332
2023-01-11,277.2,287.7,274.1,284.8,266107.304,0.02740872766888793,0.02089962255178223,87.24584103512022,269.6142857142857,254.07142857142858
2023-01-12,284.9,288.6,278.5,287.7,391553.641,0.010131091019681394,0.018674182223355262,87.50000000000006,274.04285714285714,256.06666666666666
2023-01-13,287.8,296.0,284.9,293.7,313541.811,0.020640567647072137,0.01864751303620647,89.45634266886333,278.87142857142857,258.3285714285714
2023-01-14,293.7,314.4,293.1,305.1,706402.087,0.0380807535180497,0.019201791938590285,91.06145251396654,285.12857142857143,261.2142857142857
2023-01-15,305.2,306.1,291.8,302.2,288696.868,-0.009550541883984912,0.01769779685013917,89.80716253443528,289.0285714285714,264.0238095238095
2023-01-16,302.2,308.1,293.1,299.0,350990.993,-0.010645476447952783,0.018174988694775244,85.8666666666667,292.8,266.62857142857143
2023-01-17,299.0,305.8,294.9,299.4,279993.876,0.0013368985948413769,0.018621282469016696,85.77181208053695,295.9857142857143,269.1380952380952
2023-01-18,299.4,305.3,281.1,286.7,621064.665,-0.04334409909620378,0.02600492614384277,68.68279569892476,296.25714285714287,271.14761904761906
2023-01-19,286.7,295.5,286.1,294.6,215522.146,0.027182131139205944,0.02774839127003411,73.65792759051189,297.24285714285713,273.447619047619
2023-01-20,294.6,305.4,286.6,305.1,423829.136,0.03502108769409402,0.029702307626646354,75.85812356979409,298.87142857142857,276.27142857142854
2023-01-21,305.1,309.9,298.4,299.0,508000.024,-0.02019601833193758,0.027080105814303288,70.46688382193268,298.0,278.7809523809524
2023-01-22,299.1,311.4,298.5,303.0,388815.192,0.013289232118682706,0.027515612490688606,67.03030303030305,298.11428571428576,281.57142857142856
2023-01-23,303.1,307.8,300.8,305.1,301946.005,0.0069067862132548225,0.02714087063360762,69.74483596597811,298.9857142857143,284.4238095238095
2023-01-24,305.2,323.5,299.2,300.3,629758.279,-0.015857616733339443,0.02806664482719657,64.04358353510895,299.11428571428576,287.0047619047619
2023-01-25,300.3,314.0,293.4,306.9,447238.539,0.02173998663640582,0.021053056249165977,63.558282208588935,302.0,289.2904761904762
2023-01-26,306.9,309.5,301.6,304.7,342344.705,-0.007194275634027085,0.020298529935888328,60.519801980198004,303.4428571428571,291.5761904761905
2023-01-27,304.8,310.5,298.8,308.0,271326.79,0.01077209698191104,0.015870770901501286,59.154929577464785,303.85714285714283,293.8666666666667
2023-01-28,308.0,313.6,303.6,306.1,229517.8,-0.006187937022207522,0.013390324115661515,50.72886297376094,304.87142857142857,296.0
2023-01-29,306.2,320.5,304.8,317.2,430698.673,0.035620643809325954,0.018014126415658416,59.765625000000014,306.90000000000003,298.01428571428573
2023-01-30,317.1,320.8,302.0,307.2,413716.212,-0.03203348848717582,0.0231604198096988,54.90430622009569,307.2,299.6619047619048
2023-01-31,307.2,314.4,305.3,312.0,278061.958,0.015504186535965254,0.02238069579202992,57.15909090909092,308.87142857142857,301.32380952380953
2023-02-01,312.1,319.4,305.6,317.0,390978.523,0.015898586067798204,0.02177317476999174,68.8667496886675,310.3142857142857,302.85714285714283
2023-02-02,317.1,334.4,316.3,323.5,587655.881,0.020297340063674733,0.02176520984376382,68.31432192648921,313.0,304.56190476190477
2023-02-03,323.5,335.5,318.3,332.2,579577.162,0.026538083238239314,0.022823137319180925,67.57457846952008,316.45714285714286,306.3952380952381
2023-02-04,332.3,334.1,327.0,330.4,212109.626,-0.005433155532371495,0.022731070745245288,71.56593406593406,319.92857142857144,307.59999999999997
2023-02-05,330.4,337.8,324.0,327.8,396514.711,-0.007900375337093604,0.020708762358946874,67.36694677871151,321.4428571428571,308.81904761904764
2023-02-06,327.8,331.5,320.7,324.3,290965.0,-0.010734652996457057,0.015260875895302775,63.1868131868132,323.88571428571424,310.0238095238095
2023-02-07,324.4,333.7,323.2,333.0,265904.833,0.026473476667171585,0.016687662732476585,71.31681877444592,326.88571428571424,311.62380952380954
2023-02-08,333.1,335.8,323.6,328.2,286865.867,-0.01451931132445338,0.01854206925065949,64.218958611482,328.4857142857143,313.59999999999997
2023-02-09,328.2,329.3,302.0,306.2,564612.572,-0.06938469543240713,0.03216054688704869,50.791974656810986,326.0142857142857,314.15238095238095
2023-02-10,306.2,309.2,302.5,305.8,295784.976,-0.0013071897286213775,0.028737961463055888,48.80174291938998,322.24285714285713,314.18571428571425
2023-02-11,305.9,311.4,305.1,310.4,154488.761,0.014930494814101547,0.030471744983297102,52.27513227513225,319.38571428571424,314.72857142857146
2023-02-12,310.5,321.0,306.0,312.6,291500.27,0.007062629678312745,0.03107408727959731,47.313084112149554,317.2142857142857,315.18571428571425
2023-02-13,312.6,315.7,282.8,294.3,1065985.594,-0.06032476274794922,0.037178425046307084,43.130990415335475,312.92857142857144,314.6714285714286
2023-02-14,294.3,301.7,289.8,296.2,494698.654,0.006435246594271295,0.03420739520201803,41.3186813186813,307.6714285714285,314.4761904761905
2023-02-15,296.2,317.7,294.0,317.4,465921.943,0.06912790625861016,0.0472369198809183,50.186567164179095,306.12857142857143,314.9761904761905
2023-02-16,317.5,327.8,303.9,304.4,858141.89,-0.04182018210477791,0.041788410946451006,41.60070360598064,305.87142857142857,314.96190476190475
2023-02-17,304.4,317.5,302.8,313.0,508736.193,0.027860564552622483,0.04316581823451921,41.54929577464789,306.9,315.2
2023-02-18,313.0,319.2,312.9,316.5,282485.39,0.01112005104407764,0.04301884258511348,43.97224631396358,307.7714285714286,315.6952380952381
2023-02-19,316.6,318.9,310.3,311.5,336004.274,-0.015923903356723022,0.043511964973658585,43.07561597281223,307.6142857142857,315.4238095238095
2023-02-20,311.5,319.8,308.0,315.4,514483.797,0.012442336301430193,0.03462256974548765,46.232006773920396,310.62857142857143,315.8142857142857
2023-02-21,315.5,317.4,309.3,311.5,385161.297,-0.01244233630143007,0.03565643407583824,40.51191526919683,312.8142857142857,315.79047619047617
2023-02-22,311.5,312.9,303.2,312.4,368344.986,0.002885079738022934,0.023037268579934687,42.778793418647155,312.09999999999997,315.57142857142856
2023-02-23,312.5,315.3,305.8,308.3,300641.241,-0.013211083073426158,0.016445689223050255,51.147540983606575,312.65714285714284,314.847619047619
2023-02-24,308.3,312.1,298.6,302.3,328726.4,-0.019653433106692316,0.013435797556673491,48.1977342945417,311.12857142857143,313.4238095238095
2023-02-25,302.3,303.0,295.5,302.4,178538.408,0.00033074251996535986,0.011801997503369679,45.68034557235421,309.1142857142857,312.09047619047624
2023-02-26,302.5,309.8,300.7,308.7,151419.166,0.020619287202735825,0.014676253638672901,47.983453981385715,308.7142857142857,311.18095238095236
2023-02-27,308.7,309.4,300.5,304.6,234405.821,-0.013370491047052107,0.01387163830976642,56.24242424242426,307.1714285714285,310.24285714285713
2023-02-28,304.7,305.7,300.0,301.4,186649.192,-0.010561154268666455,0.013720312302249797,53.10262529832936,305.7285714285714,308.73809523809524
2023-03-01,301.5,306.4,300.5,302.7,200883.893,0.004303929835277869,0.01386095411999008,38.497652582159624,304.34285714285716,307.5238095238095
2023-03-02,302.6,303.8,295.8,299.8,200964.842,-0.009626630359175575,0.013548452641419337,45.724907063197044,303.12857142857143,307.2190476190476
2023-03-03,299.8,300.0,286.6,290.4,266627.564,-0.03185630271785639,0.016386892601282416,29.304029304029243,301.42857142857144,306.48571428571427
2023-03-04,290.5,291.5,285.8,289.6,127846.865,-0.0027586224390795284,0.016237147972902467,24.08477842003849,299.59999999999997,305.49523809523805
2023-03-05,289.6,292.8,287.4,288.7,128456.559,-0.0031125738426720146,0.01149411263242106,26.150627615062703,296.7428571428572,304.35714285714283
2023-03-06,288.8,289.7,283.3,287.8,205220.757,-0.003122292215621835,0.011581518479576149,19.19642857142854,294.34285714285716,304.04761904761904
2023-03-07,287.9,290.5,283.4,289.3,200611.357,0.0051984175288220785,0.012518326319615511,23.8207547169811,292.6142857142857,303.7190476190476
2023-03-08,289.3,294.3,285.1,287.1,260938.374,-0.007633624855071095,0.011689667742173908,21.052631578947384,290.3857142857143,302.27619047619044
2023-03-09,287.1,291.4,271.2,277.1,318996.851,-0.03545213525808556,0.015802808182250015,18.548387096774178,287.14285714285717,300.9761904761905
2023-03-10,277.1,278.1,265.0,277.4,404292.972,0.0010820560117982953,0.013358645807725117,21.640091116173025,285.2857142857143,299.2809523809524
2023-03-11,277.5,281.8,270.5,276.0,370350.207,-0.005059642163581158,0.013278079818827924,20.796460176991133,283.34285714285716,297.35238095238094
2023-03-12,276.0,288.8,273.2,288.1,316243.117,0.04290677637333296,0.023162621964705202,29.80392156862746,283.25714285714287,296.23809523809524
2023-03-13,288.1,314.1,286.1,307.9,991752.464,0.06646741283997182,0.034099749402073595,52.47376311844074,286.12857142857143,295.8809523809524
2023-03-14,307.9,319.5,302.0,308.4,703702.208,0.001622586758719844,0.034204073729428075,55.468750000000014,288.85714285714283,295.73333333333335
2023-03-15,308.5,312.7,300.0,306.3,413251.773,-0.006832627850444725,0.034139911416364216,52.77777777777781,291.6,295.4428571428571
2023-03-16,306.3,332.8,302.8,329.4,1251303.89,0.07270780390481033,0.03500254732034747,67.41176470588238,299.07142857142856,296.44761904761907
2023-03-17,329.4,340.0,325.0,338.9,726737.468,0.028432260869465747,0.033417496603518546,78.49588719153944,307.85714285714283,298.1904761904762
2023-03-18,339.0,346.3,328.0,331.0,662698.511,-0.02358670323594265,0.03706313283539388,72.45119305856836,315.7142857142857,299.55238095238093
2023-03-19,331.1,341.7,330.3,336.7,401972.619,0.01707395078996577,0.036374147412444775,74.74226804123717,322.65714285714284,300.88571428571424
2023-03-20,336.7,339.1,331.3,332.5,511504.522,-0.012552466071119973,0.03241790719853103,72.28315054835498,326.1714285714285,302.2142857142857
2023-03-21,332.5,339.9,327.1,334.4,477443.689,0.005698021114637575,0.03225803266399117,72.39324726911622,329.88571428571424,303.7857142857143
2023-03-22,334.5,339.5,316.0,321.1,1286215.777,-0.04058528011507821,0.03755389881799374,65.20572450805014,332.0,304.66190476190474
2023-03-23,321.2,332.1,318.9,329.4,383094.591,0.025520216648071647,0.02628283372641239,73.75113533151685,332.0,306.07142857142856
2023-03-24,329.4,330.0,316.9,322.1,307030.002,-0.02241076140638663,0.024046085272669007,69.08625106746378,329.59999999999997,307.5809523809524
2023-03-25,322.1,324.9,319.0,322.4,317118.332,0.000930954295320007,0.023036577509744555,70.00000000000006,328.37142857142857,309.14285714285717
2023-03-26,322.4,329.5,321.7,328.6,204700.193,0.01904819497069463,0.02334419946810875,68.39237057220714,327.2142857142857,311.04285714285714
2023-03-27,328.6,329.8,305.9,310.6,578039.555,-0.05633529488858099,0.030841923610691293,51.24653739612191,324.0857142857143,312.12857142857143
2023-03-28,310.6,315.8,306.8,313.2,329398.424,0.008336053402061266,0.031077129425007493,52.17391304347828,321.0571428571429,313.26666666666665
2023-03-29,313.3,319.9,312.4,313.7,327282.226,0.0015951510799844051,0.027944185427407616,53.400735294117645,320.0,314.5333333333333
2023-03-30,313.8,320.8,309.1,316.4,496156.738,0.008570120696866215,0.02566928326693076,42.64705882352939,318.14285714285717,316.4047619047619
2023-03-31,316.4,319.8,311.8,316.9,266270.064,0.001579030803376232,0.024655957397539105,36.14609571788409,317.4,318.2857142857143
2023-04-01,317.0,319.0,313.0,314.9,185904.183,-0.006331138589896148,0.024648900184192104,39.047619047619,316.3285714285715,320.1380952380953
2023-04-02,314.9,316.2,310.7,313.7,149805.667,-0.003818012910346423,0.022615189015197726,33.33333333333327,314.19999999999993,321.35714285714283
2023-04-03,313.8,314.1,299.5,308.8,450976.973,-0.0157432970460113,0.008618398597886025,32.99856527977039,313.9428571428571,321.40000000000003
2023-04-04,308.8,312.7,308.2,310.8,305980.475,0.006455800342871293,0.008308840107962553,33.09455587392547,313.59999999999997,321.5142857142857
2023-04-05,310.8,316.8,310.2,313.9,320350.363,0.009924845354415344,0.009296721019156694,43.95973154362411,313.6285714285714,321.8761904761905
2023-04-06,314.0,315.2,310.6,312.3,232647.147,-0.005110199558874822,0.008631305441426465,33.837429111531165,313.04285714285714,321.06190476190477
2023-04-07,312.3,312.8,309.7,310.3,179863.362,-0.006424692834698326,0.008629428218673945,37.60504201680667,312.09999999999997,319.7
2023-04-08,310.4,312.7,310.1,310.5,165372.944,0.0006443299191988014,0.008584180069094435,37.47368421052631,311.4714285714286,318.7238095238095
2023-04-09,310.6,313.7,309.5,312.8,163948.725,0.00738010729762268,0.009211623353555189,31.88073394495406,311.34285714285716,317.5857142857143
2023-04-10,312.8,318.7,311.5,318.5,271539.24,0.018058466341062042,0.008678570708464903,62.619808306709295,312.7285714285714,316.9190476190476
2023-04-11,318.6,333.0,317.8,322.3,661117.672,0.01186031380917412,0.009119248492740073,64.00000000000009,314.37142857142857,316.34285714285716
2023-04-12,322.3,323.3,316.7,319.9,354216.724,-0.007474341865919896,0.009947355805551547,59.01162790697675,315.2285714285714,316.2857142857143
2023-04-13,319.9,325.1,317.7,324.7,348151.945,0.014893232153328008,0.010198188787014582,61.36986301369866,317.0,316.06190476190477
2023-04-14,324.6,335.5,323.2,328.9,679955.061,0.012852074086210934,0.008947803028684254,64.92537313432838,319.65714285714284,316.3857142857143
2023-04-15,328.8,336.0,326.9,333.0,418311.143,0.012388736785432671,0.008350648423937472,71.39479905437358,322.87142857142857,316.8904761904762
2023-04-16,333.1,350.0,330.1,347.7,632598.777,0.04319754903337188,0.01489276842599366,80.46594982078855,327.85714285714283,317.8
2023-04-17,347.7,350.0,337.5,340.0,556356.468,-0.02239442140360862,0.02039178179377282,76.62116040955632,330.92857142857144,319.2
2023-04-18,340.0,346.7,337.0,343.1,391677.437,0.009076332254197102,0.020361375525449872,77.05192629815747,333.90000000000003,320.62380952380954
2023-04-19,343.1,343.7,320.1,322.4,537444.082,-0.06222893923193091,0.03379883367657113,55.498059508408794,334.2571428571428,321.03809523809525
2023-04-20,322.5,326.8,315.3,318.1,367453.933,-0.013427211877374633,0.0335684862366272,53.62500000000001,333.3142857142857,321.1190476190476
2023-04-21,318.0,334.6,315.3,321.2,910773.894,0.009698183317508139,0.03334169670699419,56.7200986436498,332.2142857142857,321.32380952380953
2023-04-22,321.3,333.1,319.9,332.2,381882.032,0.03367321510658781,0.035892809728396466,61.80631120783459,332.09999999999997,322.147619047619
2023-04-23,332.2,332.5,327.4,330.7,384622.154,-0.004525577191447453,0.030348152243405868,59.8243688254665,329.67142857142863,322.95714285714286
2023-04-24,330.6,334.0,327.7,331.2,442775.294,0.0015108025233574302,0.029686073296211722,57.39231664726425,328.4142857142857,324.0238095238095
2023-04-25,331.2,340.0,328.6,338.4,436704.883,0.021506205220963463,0.030926719616469735,59.014557670772646,327.74285714285713,325.33809523809526
2023-04-26,338.4,345.0,321.5,330.6,679551.584,-0.0233194423451443,0.019778731672798273,55.64941921858503,328.91428571428565,326.1333333333333
2023-04-27,330.6,336.6,328.2,330.9,482850.957,0.0009070295406426232,0.018418767086330248,53.43680709534368,330.74285714285713,327.0190476190476
2023-04-28,330.9,330.9,318.7,324.1,991210.156,-0.020764104780064626,0.02075006775931163,47.4137931034483,331.15714285714284,327.6761904761905
