date,open,high,low,close,volume,log_return,volatility_7,RSI_14,MA_7,MA_21
2017-09-06,4366.49,4662.87,4335.26,4619.77,807.363726,0.05639001794781342,0.06347259985743041,61.292108741471104,4518.1957142857145,4342.407142857143
2017-09-07,4619.77,4788.59,4438.19,4691.61,500.429975,0.015430886827327768,0.062039333195810044,58.90351209891528,4513.441428571428,4361.765714285714
2017-09-08,4691.66,4735.39,4028.93,4282.8,1132.255046,-0.09116880582997182,0.06926026835596488,50.04269442072532,4434.568571428571,4370.071904761905
2017-09-09,4282.8,4426.62,4150.06,4258.81,658.782952,-0.005617222767149364,0.06388700750683673,48.39529957265133,4404.092857142858,4375.730476190477
2017-09-10,4258.81,4283.0,3801.0,4130.37,660.373275,-0.03062278719696231,0.06403287893288256,46.47902783222265,4349.9914285714285,4377.829523809523
2017-09-11,4153.62,4334.43,4098.91,4208.47,699.989065,0.018732169875663014,0.05309468821338615,46.508803410097094,4365.471428571429,4386.994761904762
2017-09-12,4208.6,4394.59,4040.8,4163.72,879.630319,-0.010690255757263747,0.04626235982264921,41.158330481810076,4336.507142857144,4392.886190476191
2017-09-13,4159.72,4165.38,3760.0,3944.69,913.462545,-0.054038534727658016,0.03945329264252922,38.18363420271227,4240.067142857143,4384.823333333334
2017-09-14,3944.0,3993.0,3165.13,3189.02,1665.021543,-0.21265671116187077,0.078099592231509,25.767200275166516,4025.4114285714286,4331.157142857142
2017-09-15,3188.01,3856.0,2817.0,3700.0,1968.866492,0.14861916008344211,0.10693345901156173,34.104679337245614,3942.154285714286,4303.505714285714
2017-09-16,3674.01,3950.0,3470.66,3714.95,1297.563953,0.004032399478769413,0.10722505603170389,38.25016371158209,3864.46,4273.863333333334
2017-09-17,3685.23,3748.21,3499.02,3699.99,682.17121,-0.0040351021851244145,0.10723702897543233,37.358561317438244,3802.977142857143,4244.814761904762
2017-09-18,3690.0,4123.2,3690.0,4035.01,1030.006455,0.08667866308976352,0.11375237985705614,48.9587998208688,3778.197142857143,4228.068095238095
2017-09-19,4060.0,4089.97,3830.91,3910.04,902.332129,-0.0314611759096125,0.11416488596855474,42.35411969271076,3741.9571428571426,4195.809047619048
2017-09-20,3910.04,4046.08,3820.0,3900.0,720.935076,-0.0025710509883738984,0.11242340710187075,36.87293684229723,3735.5728571428576,4164.611904761905
2017-09-21,3889.99,3910.0,3567.0,3609.99,1001.654084,-0.0772715508777504,0.07572365484531929,31.727663427621536,3795.7114285714283,4111.521428571428
2017-09-22,3592.84,3750.0,3505.55,3595.87,838.966425,-0.00391903758114883,0.049010173590757364,36.60970826851928,3780.835714285714,4052.519523809524
2017-09-23,3595.88,3817.19,3542.91,3780.0,752.792791,0.049938044954794855,0.0531709531305929,41.21504346517832,3790.128571428571,4019.5604761904765
2017-09-24,3779.54,3789.99,3622.76,3660.02,661.63639,-0.032255397752277336,0.054792371415339845,41.343389614644195,3784.4185714285713,3979.129047619048
2017-09-25,3660.02,3979.87,3653.69,3920.75,727.994713,0.06881435015317797,0.05022353254144682,45.03818110328557,3768.095714285714,3970.5880952380953
2017-09-26,3928.0,3976.99,3850.05,3882.35,526.727987,-0.009842321638232036,0.04890833479100973,45.137038150840475,3764.1399999999994,3947.5347619047616
2017-09-27,3882.36,4249.94,3872.81,4193.0,628.170966,0.0769758277944606,0.05705024954580236,54.159839979092744,3805.997142857142,3927.2123809523805
2017-09-28,4192.11,4300.0,4101.0,4174.5,849.785325,-0.004421877536707491,0.04341872556706475,71.92450076531519,3886.641428571428,3902.588095238095
2017-09-29,4178.98,4263.86,3952.01,4174.69,1602.309565,4.551339711578413e-05,0.04306765705639637,63.666829816025086,3969.3300000000004,3897.4399999999996
2017-09-30,4175.0,4380.0,4138.1,4378.51,720.353183,0.047668379815676086,0.04282416838164045,67.23067015663301,4054.8314285714287,3903.1400000000003
2017-10-01,4378.49,4406.52,4240.04,4378.48,726.963685,-6.851669352290323e-06,0.03755037262252663,67.75603347657004,4157.4685714285715,3914.954761904762
2017-10-02,4400.0,4561.63,4360.0,4380.0,655.756974,0.00034709219299696467,0.03306906250743167,60.93754953743919,4223.075714285714,3923.1228571428574
2017-10-03,4380.0,4467.33,4180.8,4310.0,1082.323563,-0.01611082027269837,0.03395298858522612,63.138254539720904,4284.168571428571,3930.0885714285714
2017-10-04,4314.9,4373.0,4142.0,4208.59,868.465101,-0.023810229383153164,0.02279059747863652,59.56281104934025,4286.395714285714,3942.655238095238
2017-10-05,4208.59,4355.0,4110.0,4292.43,779.138638,0.01972533141091709,0.02372446378176517,74.24608475684278,4303.242857142856,3995.1985714285715
2017-10-06,4318.99,4417.0,4292.0,4369.0,506.529176,0.017681143825878376,0.024169262337243383,76.30105390639349,4331.001428571429,4027.055714285715
2017-10-07,4369.0,4479.5,4312.56,4423.0,297.5975,0.012284048916890836,0.016656403031695355,73.99898480188705,4337.357142857143,4060.772380952381
2017-10-08,4425.0,4658.0,4425.0,4640.0,518.462004,0.04789616735197424,0.02412631966744153,84.10619074798488,4374.717142857143,4105.5347619047625
2017-10-09,4640.0,4889.98,4550.0,4786.95,646.463145,0.031179099162572426,0.025224482719681758,82.73917513304303,4432.852857142857,4141.341428571429
2017-10-10,4786.95,4960.0,4680.59,4783.06,1043.221773,-0.00081295635307388,0.022865524379726786,84.95540877232473,4500.432857142858,4182.9138095238095
2017-10-11,4783.06,4881.61,4710.0,4821.43,753.429396,0.007990055511815492,0.01603757732479933,80.92393390349281,4587.981428571429,4226.791428571429
2017-10-12,4821.43,5439.99,4810.16,5430.0,1276.701482,0.1188685693863661,0.04088371478702964,89.08390197738706,4750.4914285714285,4313.458571428571
2017-10-13,5439.99,5846.17,5379.84,5649.98,1879.82762,0.03971287138323145,0.04029929774496136,90.39787507872614,4933.488571428571,4411.2733333333335
2017-10-14,5650.0,5900.0,5580.01,5869.99,970.759046,0.03820092493196572,0.03884315983860407,90.48226519157068,5140.2014285714295,4510.796666666666
2017-10-15,5855.03,5922.3,5400.01,5709.99,1343.523375,-0.027635657908141067,0.04621591023915541,83.25266843480131,5293.057142857143,4608.414285714285
2017-10-16,5710.0,5788.91,5585.19,5760.02,1528.996462,0.008723674571093827,0.046866295288223565,83.6488476655841,5432.067142857143,4695.998571428571
2017-10-17,5760.0,5774.98,5508.63,5595.0,1429.869376,-0.029067605160105505,0.050666819249153644,79.94444548013647,5548.058571428572,4777.553333333334
2017-10-18,5595.0,5596.0,5037.95,5512.06,2317.804373,-0.014934922770701953,0.05246249964925002,80.63859494069587,5646.72,4840.365714285715
2017-10-19,5513.0,5710.0,5490.26,5683.9,1881.722107,0.030699197842710375,0.030518675527727274,81.40774748664889,5682.9914285714285,4912.241904761905
2017-10-20,5683.31,6110.0,5600.0,6010.01,1972.97722,0.05578879560334583,0.033854583372909176,83.29012338165546,5734.424285714286,4999.638095238096
2017-10-21,6013.72,6171.0,5850.03,6024.97,1664.307693,0.002486087671967378,0.0312831326077454,83.02118589915365,5756.564285714287,5078.040952380952
2017-10-22,6003.27,6060.0,5720.03,5950.02,1362.092216,-0.012517919214783185,0.029210629033228807,78.6829682696771,5790.854285714287,5152.8761904761905
2017-10-23,5975.0,6080.0,5621.03,5915.93,1812.557715,-0.0057458684370105635,0.029486723880747027,76.00425657373457,5813.127142857143,5226.015714285714
2017-10-24,5909.47,5925.0,5450.0,5477.03,2580.418767,-0.07708572922167396,0.04153534650719388,63.316025589365125,5796.274285714286,5281.588571428571
2017-10-25,5506.92,5704.96,5286.98,5689.99,2282.813205,0.03814550742970845,0.04378702761160536,65.61956005697103,5821.692857142858,5352.131428571429
2017-10-26,5670.1,5939.99,5650.0,5861.77,1972.965882,0.029743115095792694,0.043693216109865096,59.21180079963475,5847.102857142857,5426.861904761904
2017-10-27,5861.77,5980.0,5649.24,5768.83,1403.706416,-0.015982318768057224,0.03762452626067188,52.6809923619351,5812.648571428572,5493.520476190476
2017-10-28,5768.79,5850.02,5630.03,5719.64,1276.754412,-0.00856342064703692,0.03744782591579035,46.325236714881406,5769.03,5555.265238095238
2017-10-29,5709.98,6189.88,5648.01,6169.98,1804.778173,0.07578973007280727,0.04864763645532395,59.845465636437574,5800.452857142857,5628.121428571428
2017-10-30,6133.01,6248.68,6030.0,6120.5,1473.687043,-0.00805180388752671,0.048741714906242836,57.7174052665382,5829.677142857143,5691.6238095238095
2017-10-31,6120.52,6498.01,6100.0,6463.0,1511.774925,0.05444981374732836,0.03542093364794235,67.27033243400265,5970.53,5771.620952380952
2017-11-01,6463.0,6774.67,6338.02,6753.98,1675.615188,0.0440383544700602,0.035889860042241976,72.8208539444767,6122.528571428572,5863.647142857143
2017-11-02,6753.98,7300.0,6685.1,7019.98,2503.610803,0.03862840827999376,0.03626184846121907,73.72992135493999,6287.987142857142,5939.360476190476
2017-11-03,7010.31,7346.34,6923.0,7115.04,1891.497592,0.013450484420709972,0.03208055411504274,71.38108376900541,6480.302857142857,6009.125238095237
2017-11-04,7115.02,7480.99,6901.0,7357.09,1399.191767,0.033453620671027105,0.02723557636997423,73.69291624277004,6714.2242857142855,6079.939523809524
2017-11-05,7357.27,7590.25,7279.02,7345.01,1207.83233,-0.001643303027247447,0.023883611373389096,75.37868175450724,6882.085714285715,6157.797619047619
2017-11-06,7345.1,7401.0,6906.0,6960.12,1763.019261,-0.05382445551829412,0.037047962702919206,66.8463933659229,7002.0314285714285,6214.945238095238
2017-11-07,6981.72,7198.49,6901.0,7064.04,1440.259494,0.014820410222775445,0.0334698381603338,78.70680891551532,7087.894285714286,6284.899523809523
2017-11-08,7070.0,7770.02,6651.0,7303.0,2822.298802,0.03326809683818943,0.032004780145871874,78.9052279968604,7166.325714285714,6370.18238095238
2017-11-09,7303.01,7392.0,7015.0,7079.99,1913.398308,-0.03101272736272032,0.03285747482102328,71.43696769198282,7174.898571428572,6436.662857142857
2017-11-10,7079.0,7279.91,6255.01,6506.98,3254.704105,-0.0843970483801611,0.04525826378245993,61.111796885114124,7088.032857142857,6460.328095238095
2017-11-11,6503.0,6797.98,6100.0,6245.05,2754.156861,-0.04108629694447721,0.04115513765350678,57.433202893998946,6929.169999999999,6470.808095238095
2017-11-12,6245.05,6630.0,5325.01,5811.03,4968.483069,-0.0720313142483596,0.04348338078733542,44.89822023997339,6710.029999999999,6464.189523809524
2017-11-13,5839.94,6697.47,5699.99,6465.99,2621.243039,0.1067982970486001,0.06698112554903071,54.18941302866344,6639.4400000000005,6490.382857142858
2017-11-14,6465.99,6684.98,6311.07,6574.99,1254.292531,0.016716924399269445,0.06710443009650029,51.43950826120153,6569.575714285714,6542.666666666667
2017-11-15,6575.99,7298.0,6575.99,7240.06,1779.605845,0.09635643650597914,0.07737402303170662,55.69986585240012,6560.584285714285,6616.479523809524
2017-11-16,7240.14,7940.0,7076.0,7864.5,2331.95675,0.08272946804245676,0.08189008924166495,59.13508134302527,6672.657142857142,6711.8476190476185
2017-11-17,7876.98,7989.0,7451.0,7699.19,3982.395925,-0.0212438331774784,0.07199356580602269,56.2240951274866,6842.972857142857,6803.769523809524
2017-11-18,7680.01,7819.99,7422.0,7761.94,3954.266477,0.008117174429252947,0.06678978865662666,54.48502775100534,7059.671428571429,6901.021904761905
2017-11-19,7761.94,8123.15,7650.33,8038.0,3867.340444,0.034947993076674747,0.04918825412127184,57.252900678831054,7377.8099999999995,6989.975238095239
2017-11-20,8057.11,8319.99,7954.0,8212.0,3886.634348,0.02141620312967777,0.04171827878096833,63.70739569555277,7627.239999999999,7089.570476190476
2017-11-21,8212.49,8400.0,7801.0,8119.51,4544.474016,-0.01132669163150913,0.04489669563696557,61.585814301176065,7847.885714285714,7168.451904761904
2017-11-22,8091.09,8322.68,8091.09,8205.92,3545.00571,0.010586037483122231,0.03425758749917115,60.25472122404292,7985.865714285714,7237.5919047619045
2017-11-23,8233.03,8260.0,8000.0,8019.99,4093.952687,-0.02291867001344763,0.022015412976644215,60.766531206905235,8008.078571428572,7285.211428571429
2017-11-24,8019.97,8369.0,7850.0,8138.0,4411.789112,0.014607274584645523,0.019519156719844166,70.85500641881352,8070.765714285714,7333.923809523809
2017-11-25,8138.99,8734.78,8090.0,8700.01,4292.623682,0.06677972550566669,0.029605682768245958,79.15310916146927,8204.775714285714,7397.872380952382
2017-11-26,8700.04,9350.0,8604.72,9128.02,4147.380237,0.0480246285326826,0.03134029660530702,89.44618202142968,8360.492857142857,7482.777619047619
2017-11-27,9128.0,9654.28,9112.04,9650.0,4521.625707,0.05560911173304707,0.03444227592597818,89.10147931828061,8565.921428571428,7610.867142857142
2017-11-28,9650.0,9939.0,9570.5,9896.8,4917.210985,0.025253557215590052,0.030955458368715986,89.45826711044907,8819.820000000002,7745.760476190476
2017-11-29,9896.79,11300.03,8520.0,9687.88,13352.538715,-0.021335852849879648,0.03594523449244865,82.61046809054865,9031.528571428573,7859.326190476191
2017-11-30,9687.88,10900.0,8850.8,9838.96,9389.574329,0.015474394704952911,0.030096595259076084,80.10067809839742,9291.381428571429,7990.705714285715
2017-12-01,9837.0,10898.0,9380.0,10782.99,6134.923633,0.09161987809224754,0.037127177847799425,87.99205613924426,9669.237142857144,8194.325238095238
2017-12-02,10775.04,11190.0,10620.0,10890.01,4765.439757,0.009875962704287587,0.03656379404016829,88.1216257388337,9982.094285714285,8415.51380952381
2017-12-03,10902.69,11825.0,10500.0,11165.41,5346.636524,0.02497475129858656,0.0359202071187863,88.11971458451667,10273.15,8670.484285714287
2017-12-04,11165.41,11600.0,10802.0,11579.0,4663.424562,0.036372506113456396,0.03422137149909446,88.77531278214884,10548.721428571429,8913.960952380952
2017-12-05,11571.03,11853.0,11447.68,11699.99,5550.732055,0.010394874472354574,0.03473479234814451,90.96490304747172,10806.319999999998,9158.00857142857
2017-12-06,11699.99,13615.23,11665.58,13550.05,6707.946319,0.14680225025331167,0.05205030922202664,93.56274953821674,11358.058571428572,9458.484285714285
2017-12-07,13541.01,16649.96,13050.0,16599.0,7487.065695,0.20295221522828027,0.0755121936985497,97.6778539155371,12323.778571428571,9874.412857142856
2017-12-08,16599.0,17204.99,14015.0,15880.0,17589.013136,-0.04428199676509268,0.08703265357205783,90.33199136472373,13051.922857142856,10263.975238095238
2017-12-09,15880.01,16269.3,12535.0,14656.07,13918.758687,-0.08020587169774789,0.10048806216125465,79.02631250633543,13589.931428571426,10592.267142857143
2017-12-10,14664.01,15720.12,12368.0,14899.98,16553.037173,0.016505286547391564,0.10078381020888054,78.64308640823529,14123.441428571428,10919.028095238094
2017-12-11,14946.26,17470.0,14901.08,16587.97,11820.401762,0.10731786317757497,0.10373898963583744,80.85827105759198,14839.00857142857,11317.88380952381
2017-12-12,16587.97,16976.45,15875.0,16349.99,9436.802411,-0.014450448123928062,0.10577894084766126,78.72463355248222,15503.294285714286,11709.81142857143
2017-12-13,16349.99,16546.0,14666.56,16033.29,12416.328801,-0.019560099985029375,0.09825064502101583,77.97644398944327,15858.042857142858,12082.543333333333
2017-12-14,16030.34,16445.0,15450.0,16334.98,11616.867151,0.018641634950172414,0.059281283602503336,78.2650958469234,15820.325714285715,12478.495238095238
2017-12-15,16334.98,17991.0,16298.45,17539.83,9181.273947,0.07116547407737575,0.06166320520789681,78.74747065620836,16057.444285714286,12926.201428571429
2017-12-16,17516.81,19539.0,17190.01,19102.66,4202.628709,0.08535329760674149,0.05008007349878749,81.08998650047282,16692.67142857143,13421.565714285714
2017-12-17,19120.19,19798.68,18510.0,18860.02,9177.183434,-0.012783254721404172,0.053282047127198376,79.20131217120768,17258.391428571427,13884.994285714285
2017-12-18,18860.04,19300.0,17029.98,18856.25,10624.633071,-0.0001999137249021069,0.043022113894165916,78.50405278689321,17582.431428571428,14323.387142857144
2017-12-19,18856.25,18950.0,16300.0,17295.2,13210.74822,-0.08641541756711658,0.05810860635469184,69.6940237304959,17717.46142857143,14675.691904761903
2017-12-20,17295.2,17720.35,14777.66,16488.98,13450.496693,-0.04773672736985413,0.06123029061217658,61.16486634132406,17782.56,14999.55380952381
2017-12-21,16480.52,17309.5,14022.0,15492.64,20324.2173,-0.062327206544340534,0.06550296117309756,45.02038905742242,17662.225714285716,15268.776666666668
2017-12-22,15514.03,15699.34,10961.0,13326.61,36076.271175,-0.1506022841748821,0.07413936113284096,39.831935985625925,17060.337142857144,15389.901428571427
2017-12-23,13326.61,14950.0,12978.18,13300.0,13141.538875,-0.001998753041332951,0.05439431520212787,44.03065163783244,16231.385714285714,15504.66285714286
2017-12-24,13300.0,13819.99,11640.0,13500.0,28557.534988,0.014925650216675792,0.05854987172056984,43.81344622482258,15465.66857142857,15615.83380952381
2017-12-25,13500.0,14300.0,12708.0,13699.34,15748.207607,0.014657971046752266,0.06078812466176491,35.30116374331496,14728.967142857142,15716.80238095238
2017-12-26,13699.34,16050.0,13533.0,15689.01,15034.668104,0.13561281074873285,0.08786336454156149,47.1454705322455,14499.511428571428,15906.755714285715
2017-12-27,15709.98,16498.05,14200.15,15459.99,14959.864723,-0.014705070911332652,0.08662300459658324,47.505234959608565,14352.512857142856,15997.705238095237
2017-12-28,15459.97,15539.99,13150.0,14182.11,21717.858014,-0.08627408516599482,0.08949581915244034,41.36520605635216,14165.294285714286,15882.61523809524
2017-12-29,14199.14,14981.0,13850.0,14378.9,18072.008116,0.013780543072329307,0.06564639908404747,36.20667836717666,14315.621428571429,15811.134285714286
2017-12-30,14378.99,14398.85,11750.0,12440.01,19221.158039,-0.14484396306563954,0.08852424867495721,21.850138369562913,14192.765714285715,15705.60761904762
2017-12-31,12345.1,14050.11,12149.98,13716.36,11768.989718,0.09767138980616373,0.09741527168934012,30.01369292413095,14223.674285714285,15649.244761904763
2018-01-01,13715.65,13818.55,12750.0,13380.0,8609.915844,-0.024828226275312542,0.09772123117467127,29.25749305900132,14178.054285714286,15496.484285714285
2018-01-02,13382.16,15473.49,12890.02,14675.11,20078.092111,0.09239180672704118,0.08839675051985986,39.871785852066665,14033.211428571429,15416.728095238097
2018-01-03,14690.0,15307.56,14150.0,14919.51,15905.667639,0.01651689098613066,0.08887930410001228,43.65757440318635,13956.0,15363.690952380954
2018-01-04,14919.51,15280.0,13918.04,15059.54,21329.649574,0.00934192500328923,0.08135041180095133,48.11965114340493,14081.347142857145,15302.955714285714
2018-01-05,15059.56,17176.24,14600.0,16960.39,23251.491125,0.11886894796584493,0.09153066871624888,66.14826731133292,14450.131428571429,15275.363333333333
2018-01-06,16960.39,17143.13,16011.21,17069.79,18571.457508,0.006429609063577102,0.05615906758214084,66.63031615242159,15111.528571428573,15178.560000000001
2018-01-07,17069.79,17099.96,15610.0,16150.03,12493.125558,-0.05538832719388593,0.06183408089156605,60.99246298900351,15459.195714285715,15049.512857142856
2018-01-08,16218.85,16322.3,12812.0,14902.54,26600.609912,-0.08039023903033347,0.07180846533774916,54.59166539459625,15676.701428571429,14861.240952380953
2018-01-09,14902.54,15500.0,14011.05,14400.0,14315.004253,-0.034303461639791186,0.0647910326768482,44.45103561210758,15637.4,14723.374285714288
2018-01-10,14401.0,14955.66,13131.31,14907.09,17411.001655,0.03460873212019189,0.06603444591454649,47.67551169012877,15635.625714285716,14648.046190476189
2018-01-11,14940.0,14968.68,11400.0,13238.78,33554.723751,-0.11868653745400316,0.07936249584110448,46.16013357897711,15375.517142857143,14540.719523809523
2018-01-12,13238.76,14109.78,12500.0,13740.01,16417.162137,0.0371616133478326,0.059272823813240755,47.46226706631257,14915.462857142858,14560.405238095238
2018-01-13,13749.95,14580.0,13706.15,14210.0,12221.508528,0.03363392751303307,0.0628496364334652,57.95936831937662,14506.92142857143,14603.738571428572
2018-01-14,14210.0,14339.5,12569.2,13474.99,17017.894329,-0.05311056742925163,0.06267896588413562,48.85904796659346,14124.772857142858,14602.547619047618
2018-01-15,13477.98,14249.99,13147.79,13539.93,14652.094705,0.004807722923946996,0.05845730963361318,50.775895945624704,13930.114285714286,14594.956666666669
2018-01-16,13500.0,13542.93,9035.0,10900.0,63401.169175,-0.21688030836860656,0.09712520272006078,33.79916006993409,13430.114285714286,14366.908571428572
2018-01-17,10899.99,11680.99,9037.94,10988.79,72331.796646,0.008112873027980404,0.09421565930691769,32.903014781616235,12870.357142857143,14153.994285714285
2018-01-18,10972.59,11878.82,10435.33,10961.97,48464.434937,-0.0024436523697732144,0.08886049647288724,32.00001757137271,12545.098571428573,14000.654285714285
2018-01-19,10960.0,11795.0,10360.0,11474.98,34129.375421,0.045737003132394885,0.08994432601633529,22.55733512368539,12221.522857142858,13862.372380952382
2018-01-20,11474.98,13099.0,11412.45,12799.94,28768.857827,0.10927147038888521,0.10200051786880368,30.954953090446196,12020.085714285715,13879.511904761905
2018-01-21,12799.8,12799.8,10965.0,11530.0,41379.773426,-0.1044881491336175,0.10693495934680498,30.01725771082306,11742.230000000001,13775.399523809525
2018-01-22,11530.0,11926.35,9900.24,10760.05,43752.606791,-0.06911213271797718,0.10746398647699738,31.310686838992254,11345.104285714286,13650.64
2018-01-23,10760.05,11399.0,9905.0,10799.18,37473.922552,0.0036300037587387226,0.07047342164615203,33.04554999952916,11330.701428571429,13466.071904761902
2018-01-24,10799.14,11570.48,10500.0,11349.99,27158.587762,0.04974665754802564,0.0731104692711194,33.3200785533283,11382.301428571427,13296.094761904764
2018-01-25,11349.96,11794.05,10950.21,11175.27,20839.954183,-0.015513561588170759,0.07348685901225364,38.74763747882865,11412.772857142858,13111.129523809523
2018-01-26,11184.7,11643.0,10311.15,11089.0,33056.87196,-0.007749675310505253,0.07101162762569588,34.85876035351892,11357.632857142857,12831.539523809524
2018-01-27,11089.0,11650.0,10842.69,11491.0,18860.768345,0.03561049430441794,0.05490678405280422,34.34888122418343,11170.641428571427,12565.882857142857
2018-01-28,11499.98,12244.0,11408.0,11879.95,16887.339524,0.0332879848959367,0.04044256276885859,40.43766231586219,11220.634285714284,12362.545714285714
2018-01-29,11879.95,11975.02,11139.55,11251.0,14170.377538,-0.05439509158249847,0.03614618045394364,37.14695150507119,11290.77,12188.662857142856
2018-01-30,11250.11,11308.42,9900.0,10237.51,25554.372946,-0.09439858760924733,0.052621334580952264,45.44854962838994,11210.531428571428,11990.449047619048
2018-01-31,10230.0,10425.85,9700.0,10285.1,18015.956805,0.004637819975389339,0.0468717007989645,45.13797244282183,11058.404285714287,11770.354285714286
2018-02-01,10285.1,10335.0,8750.99,9224.52,33564.764311,-0.10883108990254975,0.05904021084315849,39.495910088448504,10779.725714285714,11579.199047619048
2018-02-02,9224.52,9250.0,8010.02,8873.03,49971.626975,-0.03884881716142667,0.058482069847926074,33.95607011122445,10463.158571428572,11347.438095238096
2018-02-03,8873.03,9473.01,8229.0,9199.96,28725.000735,0.03618279732835513,0.05859239045281183,24.68653316082579,10135.867142857143,11108.864761904762
2018-02-04,9199.96,9368.0,7930.0,8184.81,32014.308449,-0.1169191388606565,0.05830115605029415,25.603959154085246,9607.99,10856.951428571429
2018-02-05,8179.99,8382.8,6625.0,6939.99,63403.182579,-0.1649796637633145,0.07203585149632136,23.945419922301284,8992.131428571429,10542.668571428572
2018-02-06,6939.63,7878.0,6000.01,7652.14,100201.500307,0.0976850136855151,0.09399602372613242,30.34058396531691,8622.792857142858,10388.00857142857
2018-02-07,7655.02,8476.0,7150.01,7599.0,60778.460497,-0.006968687593351903,0.09314333320137905,25.01415490865587,8239.064285714285,10226.59
2018-02-08,7599.0,7844.0,7572.09,7784.02,1521.537318,0.024056254565828366,0.0910658564920699,27.441385852248317,8033.278571428572,10075.259047619047
2018-02-09,7789.9,8738.0,7789.9,8683.92,20482.910825,0.10940012537559372,0.10349660434689321,35.56402277987458,8006.262857142857,9942.351428571428
2018-02-10,8683.93,9065.78,8120.0,8533.98,49381.512653,-0.017417198432916687,0.1020809349164544,31.697305059358015,7911.122857142857,9739.210476190477
2018-02-11,8533.99,8549.0,7726.53,8063.88,45025.187952,-0.05666101093024384,0.09384249316263733,26.61506878695957,7893.847142857143,9574.157142857144
2018-02-12,8063.82,8989.0,8053.0,8903.0,41987.85049,0.09899346832562467,0.0665682684074913,35.9727436309804,8174.277142857143,9485.72619047619
2018-02-13,8903.0,8950.0,8351.0,8539.9,35454.972956,-0.04163900046148712,0.06572903317574141,39.003734925243194,8301.1,9378.141428571429
2018-02-14,8535.17,9489.6,8533.0,9449.99,40811.952867,0.1012643851739862,0.07194899946006317,45.13425927544389,8565.527142857143,9287.665238095238
2018-02-15,9449.98,10219.5,9301.5,10000.09,52427.596715,0.056580409649512595,0.07246345136452959,54.80464127963524,8882.108571428571,9231.704285714284
2018-02-16,10000.89,10323.37,9666.0,10159.98,38161.205974,0.015862380690915286,0.06485141096211211,58.166496392514695,9092.974285714286,9187.465238095238
2018-02-17,10156.07,11075.07,10050.0,11039.55,41882.108407,0.08302780550417584,0.06567340420711493,60.908268294100274,9450.912857142857,9165.967619047618
2018-02-18,11039.55,11274.0,10080.0,10383.43,61137.380728,-0.061273012835288285,0.06678081895510445,63.61701758688775,9782.277142857143,9094.704761904763
2018-02-19,10375.01,11250.0,10270.33,11153.0,40831.417131,0.07149725369905101,0.06317746519119913,77.7251602764481,10103.705714285714,9090.038095238097
2018-02-20,11147.11,11786.01,11100.59,11200.99,48153.354288,0.00429364723937341,0.05623546479716808,75.59149942670888,10483.861428571428,9135.918095238096
2018-02-21,11195.07,11304.03,10200.0,10437.6,68113.818754,-0.07058749628237194,0.061647297508681816,68.56774683080627,10624.948571428571,9143.18
2018-02-22,10439.02,10933.44,9679.0,9811.04,67060.166483,-0.0619063887400933,0.06428175439833762,62.53500118731944,10597.941428571428,9171.109523809524
2018-02-23,9815.55,10435.0,9570.19,10131.04,57202.70237,0.03209569611200183,0.06534811677868083,59.64034566466904,10593.807142857142,9231.014761904762
2018-02-24,10131.04,10496.97,9352.0,9694.51,40888.156299,-0.0440442324402057,0.05516371850586539,57.446808510638306,10401.658571428572,9254.564761904763
2018-02-25,9694.51,9847.0,9274.8,9590.0,28373.517586,-0.010838857005757338,0.05184933772067296,60.274771293226735,10288.31142857143,9321.478571428572
2018-02-26,9590.0,10444.32,9350.0,10324.0,34878.292756,0.07375039296102064,0.05245288858969293,59.7044016051531,10169.882857142858,9482.621904761905
2018-02-27,10321.0,10870.0,10121.0,10569.04,30705.385123,0.0234576908169124,0.053867279999584974,64.08467715066303,10079.604285714286,9621.521904761907
2018-02-28,10584.33,11098.0,10300.0,10326.76,30800.983782,-0.023190388304420374,0.04731244559480438,56.70769866346367,10063.77,9751.415238095238
2018-03-01,10325.64,11060.41,10240.0,10920.0,25092.55393,0.05585738594789953,0.04300480798552372,56.99158951098167,10222.192857142858,9900.747619047619
2018-03-02,10923.36,11200.0,10770.0,11039.0,23910.71009,0.010838486719455614,0.04236677799984708,56.72259781577902,10351.901428571427,10012.894285714287
2018-03-03,11038.99,11544.0,11015.01,11464.48,21287.15328,0.0378191028154963,0.03486915323956562,53.49235910324457,10604.754285714285,10152.441904761905
2018-03-04,11464.47,11565.0,11050.02,11515.0,17295.918653,0.004396973420937615,0.03274612224402553,60.32810586132808,10879.754285714285,10316.780952380952
2018-03-05,11515.0,11710.0,11415.01,11454.0,15144.231063,-0.005311519300982928,0.026652682063625175,53.15544056659552,11041.182857142858,10438.257142857143
2018-03-06,11455.0,11455.0,10555.48,10716.48,29515.572363,-0.06655627045932556,0.0401153827908062,45.56233937282357,11062.245714285715,10541.90380952381
2018-03-07,10716.48,10899.0,9389.31,9910.0,50647.67108,-0.07823839517044331,0.05003983503636422,45.20551928697093,11002.70857142857,10563.809047619048
2018-03-08,9910.0,10099.0,9060.0,9271.64,41109.473226,-0.06658406963285031,0.04610583959013764,45.10877844598073,10767.22857142857,10529.120952380952
2018-03-09,9267.07,9410.0,8329.0,9227.0,64112.291407,-0.004826310112627507,0.04452130372850847,41.371358759974036,10508.371428571427,10484.693333333333
2018-03-10,9230.0,9490.0,8667.07,8770.22,37180.012857,-0.05077207700814944,0.03507322492886862,41.21205206461488,10123.477142857142,10376.630000000001
2018-03-11,8770.22,9740.0,8450.0,9533.57,44325.973386,0.08345736243611354,0.056986795918293226,49.52320922522132,9840.415714285715,10336.160476190476
2018-03-12,9533.57,9888.88,8780.0,9131.34,42230.77793,-0.043106801293249175,0.056379312421984115,39.32440851283227,9508.607142857143,10239.890952380953
2018-03-13,9131.34,9474.0,8823.0,9150.0,40191.409358,0.002041426556296274,0.0554010952340126,36.76155043156688,9284.824285714287,10142.224761904761
2018-03-14,9151.92,9333.78,7900.28,8170.0,49708.094108,-0.1132849704155184,0.06241002661650453,32.3136950039854,9036.252857142857,10034.243809523809
2018-03-15,8184.01,8430.0,7650.0,8240.98,52291.022277,0.0086503600164496,0.06103703681708351,25.972914798206276,8889.015714285715,9959.479047619048
2018-03-16,8240.98,8611.64,7900.0,8260.0,38815.409893,0.0023053186445256128,0.0613296943880166,24.6210972745305,8750.872857142856,9870.381904761905
2018-03-17,8260.0,8348.62,7721.99,7824.8,33110.206329,-0.05412641053874062,0.06166055446741578,16.81994041650107,8615.812857142857,9781.348095238096
2018-03-18,7824.01,8317.4,7322.0,8189.99,59488.231711,0.04561449986886557,0.052424273871531354,21.33320458460429,8423.872857142856,9714.680952380952
2018-03-19,8189.0,8705.23,8088.4,8600.0,55297.084942,0.048849526396450536,0.057447061297736704,26.79078527491616,8347.967142857142,9632.585714285713
2018-03-20,8595.01,9050.0,8280.0,8909.98,44865.105835,0.03540979355182516,0.059809650859255874,34.21134510774566,8313.67857142857,9553.582857142857
2018-03-21,8909.96,9177.01,8750.6,8885.0,39972.405371,-0.002807535204672574,0.03590035115179567,39.62420384744644,8415.82142857143,9484.92761904762
2018-03-22,8884.82,9100.0,8465.1,8722.9,40617.556809,-0.01841271016713497,0.03772993184817882,43.85250676656689,8484.667142857143,9380.30380952381
2018-03-23,8720.0,8909.0,8269.0,8898.03,39991.007666,0.01987815248285389,0.037863027240343655,46.41926502249866,8575.814285714285,9278.352857142858
2018-03-24,8898.04,8999.95,8491.0,8546.86,35466.609572,-0.04026593988898665,0.03408624078730887,47.51158645276294,8678.965714285714,9139.418571428572
2018-03-25,8531.25,8669.85,8365.77,8470.15,29001.769316,-0.00901574596303241,0.03141970989327609,36.01263758233896,8718.988571428572,8994.425714285715
2018-03-26,8470.14,8514.89,7831.0,8134.23,44033.59566,-0.04046713461426167,0.028557575487127698,36.65198591718986,8652.45,8836.341428571428
2018-03-27,8134.22,8215.94,7730.0,7795.51,37427.64805,-0.042533156531052586,0.023595793344263094,33.298973394063296,8493.24,8697.247619047619
2018-03-28,7795.51,8109.0,7728.0,7949.3,26401.33167,0.019535947550118275,0.02737412812215841,46.58242745207347,8359.56857142857,8603.880952380952
2018-03-29,7949.3,7975.0,6941.11,7090.14,54620.915125,-0.11437878800473697,0.04631901416586077,35.675664910830776,8126.317142857143,8500.0
2018-03-30,7090.16,7292.43,6600.1,6840.23,65306.031976,-0.03588372967026073,0.040863925504968715,33.288841493701696,7832.345714285715,8386.344285714285
2018-03-31,6840.24,7223.36,6777.0,6923.91,36868.539087,0.012159282162465812,0.044893474914777326,38.439605281730806,7600.495714285714,8298.424761904762
2018-04-01,6922.0,7049.98,6430.0,6813.01,44071.430463,-0.016146619389951777,0.04441409145871916,31.096656928855424,7363.761428571429,8168.874285714285
2018-04-02,6813.01,7125.0,6765.0,7056.0,32123.560072,0.03504429913185516,0.05051193333619382,27.785067651950726,7209.728571428571,8070.0485714285705
2018-04-03,7063.97,7520.0,7011.01,7405.21,37787.331811,0.04830548782990234,0.05529465139951429,28.591184195175828,7153.971428571428,7986.963333333334
2018-04-04,7405.21,7427.52,6707.0,6796.1,42227.183804,-0.08583488829500112,0.0608255087962134,24.516286446260835,6989.228571428571,7921.539523809523
2018-04-05,6796.1,6902.0,6566.69,6770.76,39029.73146,-0.0037355776454287993,0.04534279884182589,25.36259320399624,6943.602857142857,7851.529047619047
2018-04-06,6770.0,6850.0,6500.0,6601.39,27455.01192,-0.025333107675319738,0.04437150057651679,20.97255294516151,6909.482857142857,7772.547619047619
2018-04-07,6601.39,7070.0,6586.28,6895.8,32269.578267,0.043632297701987996,0.04786613015307644,28.828329768517804,6905.467142857144,7728.309523809524
2018-04-08,6895.81,7109.13,6880.0,7018.0,21427.673165,0.017565746540392356,0.04773479610829211,31.593703973169127,6934.751428571429,7672.500476190477
2018-04-09,7011.04,7185.0,6611.0,6782.72,34078.297206,-0.03410007571887251,0.047450013919403504,32.42084561415375,6895.711428571429,7585.963333333334
2018-04-10,6781.55,6890.0,6656.0,6843.9,22326.728095,0.008979543142650856,0.04201483751100137,36.6591617061962,6815.524285714286,7487.578571428571
2018-04-11,6839.56,6990.0,6787.0,6953.79,23997.871177,0.015929090097948514,0.026739711441989614,35.869790469052944,6838.051428571429,7395.61619047619
2018-04-12,6953.78,8012.23,6743.2,7923.0,64861.595987,0.1304830873003545,0.05454173559466387,61.46343746214916,7002.657142857142,7357.5257142857145
2018-04-13,7922.99,8233.39,7732.0,7877.41,55044.523148,-0.005770752343539542,0.05213329843854985,65.12647446592541,7184.9457142857145,7308.924761904763
2018-04-14,7877.48,8186.0,7810.0,7999.01,31621.286357,0.015318614382607587,0.05156425372683242,65.50797973620135,7342.547142857143,7282.836666666665
2018-04-15,8004.0,8429.54,7999.02,8355.0,27946.720444,0.043542378025184125,0.052189990627114546,70.77386517647122,7533.547142857143,7277.353333333333
2018-04-16,8355.07,8419.0,7867.0,8064.92,36664.069715,-0.035336369924218125,0.05242453724881706,63.421986664750996,7716.7185714285715,7274.052857142858
2018-04-17,8064.92,8173.7,7825.4,7885.02,32152.603567,-0.022559035249717883,0.05528169059225744,56.68417313291448,7865.45,7278.315238095238
2018-04-18,7890.96,8236.43,7868.0,8173.0,26969.04457,0.03587128166057163,0.05553639613967946,71.06627254423168,8039.622857142857,7288.967619047618
2018-04-19,8173.99,8296.0,8080.0,8278.0,27113.847464,0.012765354792547949,0.02914537017279017,72.51170960187355,8090.337142857143,7345.532380952381
2018-04-20,8273.84,8930.0,8177.09,8856.98,39795.337485,0.06760445539741863,0.03639081098440487,80.01618187576685,8230.275714285714,7441.568095238095
2018-04-21,8852.12,9035.0,8565.0,8915.31,40872.229909,0.006564174841321903,0.03659779582407867,78.6763640907529,8361.175714285713,7536.396666666666
2018-04-22,8915.31,9020.67,8727.68,8787.02,29458.25348,-0.014494390964487373,0.03574844421316515,75.07612054545973,8422.892857142857,7630.397142857143
2018-04-23,8785.7,8985.0,8745.0,8934.01,25838.114709,0.01658970964796054,0.030444248753247048,81.27775144591033,8547.048571428571,7719.826190476191
2018-04-24,8934.0,9731.01,8922.0,9619.99,46268.790106,0.07397788292728111,0.032585295842141045,84.15624746235677,8794.901428571427,7825.291904761903
2018-04-25,9618.96,9759.82,8730.0,8869.99,81110.037589,-0.08116955625089858,0.052227329718343644,70.36811850541676,8894.471428571429,7924.048571428572
2018-04-26,8869.99,9307.48,8651.62,9266.0,43300.304245,0.04367811806931989,0.05362161504486179,66.25624588449472,9035.614285714286,8042.869523809524
2018-04-27,9267.03,9395.0,8889.0,8915.35,37241.347036,-0.038577276775288154,0.05160658651575798,61.699633435382296,9043.952857142856,8153.058095238094
2018-04-28,8915.35,9427.48,8870.0,9348.0,34759.62842,0.047387906457443105,0.054569932374818844,64.20937762675302,9105.765714285715,8269.829523809523
2018-04-29,9348.0,9570.51,9163.74,9419.0,38149.850035,0.0075665091640684835,0.05376830532986607,61.92333207824576,9196.048571428571,8384.162857142856
2018-04-30,9417.04,9458.64,9124.99,9246.01,35002.033875,-0.018536818726453352,0.05467381349981171,63.59215144714887,9240.62,8501.46238095238
2018-05-01,9246.01,9248.99,8800.49,9071.48,41018.463633,-0.019056680995625856,0.04564673296681581,63.67084698735764,9162.261428571428,8607.53761904762
2018-05-02,9071.48,9268.0,8970.2,9247.84,26123.543961,0.01925458462369398,0.032984218935093554,62.71169602815676,9216.24,8716.778095238094
2018-05-03,9247.81,9844.0,9168.4,9750.0,38768.388288,0.05287727426746115,0.034867001569725393,65.91378877904916,9285.382857142857,8803.778095238094
2018-05-04,9750.0,9830.04,9520.85,9713.99,28681.588879,-0.003700170528775011,0.029264857592988466,60.497556314996515,9399.474285714286,8891.234285714285
2018-05-05,9714.0,10020.0,9682.0,9864.0,24990.018345,0.015324651381062362,0.025056263445754155,61.365286333479496,9473.188571428573,8980.043333333333
2018-05-06,9863.99,9970.0,9417.03,9659.01,27690.351559,-0.02100060736155858,0.027302714561569363,60.257909385859456,9507.475714285714,9042.139047619048
2018-05-07,9661.02,9689.67,9181.0,9365.0,33787.640012,-0.03091182260443279,0.02930200707094646,54.900565113079466,9524.474285714285,9104.047619047618
2018-05-08,9365.0,9475.7,9060.54,9187.56,25533.831889,-0.019128940766176317,0.029310601748884696,44.44007292719367,9541.057142857142,9166.073333333334
2018-05-09,9178.0,9390.0,8965.0,9310.0,25673.524899,0.013238696159100179,0.028797792090694736,56.74603296282101,9549.937142857143,9220.21619047619
2018-05-10,9310.0,9395.12,8970.0,9002.2,25055.063718,-0.03362009937998716,0.020028779036720915,45.84310314398811,9443.108571428571,9254.701904761905
2018-05-11,9002.21,9016.8,8341.0,8400.0,48227.048061,-0.0692372860597206,0.029095304718548973,42.47574162162478,9255.395714285714,9232.940952380954
2018-05-12,8405.94,8646.88,8153.0,8465.94,40241.32081,0.007819349052131747,0.027646029083959217,35.57726267871861,9055.672857142858,9211.542380952382
2018-05-13,8475.44,8763.36,8298.0,8679.71,25632.869362,0.02493706307447925,0.032841091748136556,38.45093965288301,8915.772857142856,9206.432380952381
2018-05-14,8679.71,8879.99,8277.0,8663.34,37389.666533,-0.0018877884641445746,0.03236615226432691,40.42929931702381,8815.535714285714,9193.543333333333
2018-05-15,8663.37,8859.99,8401.3,8462.0,28126.956136,-0.023514777213858397,0.03258859061155799,40.07633090620157,8711.884285714286,9138.400952380953
2018-05-16,8462.0,8488.0,8083.01,8330.0,31130.718908,-0.01572209611912437,0.030668928386268758,34.836509740688854,8571.884285714286,9112.687142857143
2018-05-17,8330.0,8464.0,7979.0,8041.46,25439.844799,-0.03525279743391407,0.030832022671421547,19.62984293565978,8434.635714285714,9054.375714285714
2018-05-18,8038.82,8273.21,7911.9,8239.81,23476.158251,0.024366626658270284,0.023346029426279048,25.225531056735676,8411.751428571428,9022.207142857142
2018-05-19,8238.01,8390.8,8095.73,8233.49,17193.424276,-0.0007673022782413454,0.022919782960522977,21.2077654678952,8378.544285714286,8969.135238095238
2018-05-20,8233.49,8609.0,8163.9,8526.98,19957.057109,0.03502527114150157,0.0252405755982391,30.61599104112655,8356.725714285714,8926.658095238095
2018-05-21,8526.97,8595.31,8305.0,8381.24,21516.596486,-0.01723937935867626,0.025834789214234103,32.25374674392256,8316.425714285713,8885.478571428572
2018-05-22,8386.89,8400.18,7935.11,7977.11,23710.902858,-0.04941968442854542,0.030422285605260932,29.815269991295438,8247.155714285715,8833.365714285714
2018-05-23,7977.12,8031.9,7425.0,7501.95,42910.666774,-0.061413203731023915,0.036535158170551564,23.023439714724773,8128.862857142856,8750.228095238095
2018-05-24,7501.95,7730.73,7266.99,7575.01,37845.446595,0.009691684778452453,0.03632260884079094,27.102018027153022,8062.227142857142,8646.657142857142
2018-05-25,7578.99,7649.55,7308.15,7457.0,26739.95664,-0.015701482964916948,0.03330504629017977,32.08736351824693,7950.397142857143,8539.181428571428
2018-05-26,7456.99,7620.0,7300.0,7333.96,19464.086071,-0.016637572977028725,0.03276928757910105,28.95415941576306,7821.892857142857,8418.703333333335
2018-05-27,7334.0,7400.0,7231.11,7338.99,18706.945515,0.0006856153939101124,0.025537825559395187,22.975675043739756,7652.179999999999,8308.22619047619
2018-05-28,7338.99,7437.0,7058.02,7099.0,27219.438963,-0.03324730192129037,0.025814895567809876,21.075734043339978,7469.002857142857,8200.32142857143
2018-05-29,7099.0,7540.0,7032.95,7461.29,39407.21183,0.049774392461102136,0.03496146032610373,32.53651641275326,7395.314285714286,8118.1180952380955
2018-05-30,7467.98,7569.0,7260.5,7375.96,32041.583623,-0.011502258272255131,0.026745527627230772,33.07527461610512,7377.315714285714,8026.020952380953
2018-05-31,7382.07,7699.0,7327.51,7485.01,30776.063102,0.014676290629947557,0.027184480502774003,39.45714080007881,7364.458571428571,7953.773809523809
2018-06-01,7485.01,7608.55,7355.54,7521.01,28259.124078,0.0047980835777630265,0.02652179197120631,35.48840364364624,7373.602857142857,7911.917142857142
2018-06-02,7521.01,7697.33,7437.0,7640.03,26720.690219,0.015701092418484074,0.025696226622074634,38.54032301667606,7417.327142857143,7872.588095238094
2018-06-03,7636.81,7786.69,7600.0,7714.26,27505.158951,0.009669034297781922,0.025620064362953884,32.8545871869304,7470.937142857144,7826.614285714286
2018-06-04,7714.26,7760.52,7446.5,7487.0,32258.835115,-0.02990238092152404,0.024758289596062615,31.762114537444944,7526.365714285715,7770.598095238095
2018-06-05,7487.0,7679.49,7358.0,7625.0,31722.973384,0.01826413924492724,0.017659595806163622,41.94429573501353,7549.7528571428575,7730.740952380952
2018-06-06,7626.64,7699.0,7467.05,7658.84,27229.991898,0.004428213760099597,0.016449081340348504,54.497606283863206,7590.164285714286,7698.780952380952
2018-06-07,7658.79,7765.0,7620.0,7691.08,25062.227202,0.004200679535544633,0.015930317623814326,53.407149524754445,7619.602857142857,7682.096190476192
2018-06-08,7691.08,7703.5,7531.0,7603.44,23396.804671,-0.011460439324659283,0.01692812372337746,54.376673680183615,7631.378571428571,7651.7928571428565
2018-06-09,7603.44,7683.98,7450.0,7491.73,19339.885176,-0.014801030973022017,0.01660320436663813,54.747446784181776,7610.192857142857,7616.4709523809515
2018-06-10,7491.73,7491.73,6622.81,6764.99,52342.020032,-0.1020389620663794,0.039925280485948886,37.958075641746454,7474.5828571428565,7532.566666666667
2018-06-11,6765.0,6922.0,6610.0,6872.0,34552.162303,0.015694401256895668,0.04149292832385311,44.95636253754955,7386.725714285713,7460.698095238094
2018-06-12,6872.0,6890.51,6435.0,6530.0,36722.211191,-0.05104824139361455,0.04126860600067986,29.11971373095912,7230.297142857142,7391.788095238095
2018-06-13,6530.0,6627.6,6118.68,6292.78,46185.5181,-0.03700399883342598,0.03976574265152068,27.262842365111084,7035.145714285715,7334.20857142857
2018-06-14,6292.78,6720.0,6260.0,6635.98,44478.130837,0.05310341400496915,0.04948656327230714,33.773044711422685,6884.417142857143,7289.492857142857
2018-06-15,6638.67,6666.66,6362.31,6388.9,30018.329905,-0.03794424886387517,0.049640753824611854,29.978176210300674,6710.911428571429,7238.630952380952
2018-06-16,6380.01,6560.0,6320.86,6483.98,22277.241147,0.014772409756933736,0.05184912119814064,29.380183715330432,6566.947142857142,7198.155714285714
2018-06-17,6482.5,6589.03,6422.0,6449.61,19847.247688,-0.005314855489628235,0.03742134288207144,27.117779249400186,6521.892857142857,7155.804285714285
2018-06-18,6444.06,6794.38,6380.0,6712.46,31821.434995,0.03994583692225749,0.04082130885357732,36.16388827358538,6499.101428571428,7137.39761904762
2018-06-19,6711.39,6841.74,6653.0,6741.21,24311.421143,0.004273933248472515,0.03498734174108124,33.57102757525848,6529.274285714286,7103.108095238094
2018-06-20,6740.0,6817.23,6551.81,6761.51,26359.752452,0.003006803857909355,0.029977314709518546,33.23493473931224,6596.2357142857145,7073.848571428572
2018-06-21,6763.21,6795.0,6672.57,6718.84,25428.854048,-0.006330717304896108,0.023548867128544378,31.905889184179387,6608.072857142857,7037.364285714286
2018-06-22,6717.69,6733.97,5918.94,6045.0,52157.370833,-0.10568403652030066,0.04590077809914535,26.19117458338681,6558.944285714286,6967.078095238096
2018-06-23,6045.92,6260.0,6008.48,6149.98,26622.788589,0.01721734571386217,0.046110915025424,29.459384156590914,6511.2300000000005,6896.123333333333
2018-06-24,6149.98,6259.8,5750.0,6136.97,47445.998955,-0.0021176947675519654,0.04615261876856351,37.69726841041233,6466.567142857143,6821.0142857142855
2018-06-25,6137.95,6350.0,6061.97,6252.0,39164.515306,0.01857027754616394,0.0431293292416794,37.89242221857693,6400.787142857143,6762.204761904762
2018-06-26,6252.0,6272.54,6035.0,6070.78,19377.240484,-0.029414314919623725,0.04313087511062731,40.43132188698116,6305.011428571429,6688.194285714285
2018-06-27,6065.89,6190.43,5971.0,6133.73,19225.671098,0.010315950128999891,0.04372287258839568,46.42637271775421,6215.328571428572,6615.57
2018-06-28,6134.73,6173.01,5827.0,5853.98,30585.266026,-0.04668127597212111,0.04519072428507255,31.91388976261402,6091.777142857142,6528.089047619049
2018-06-29,5851.01,6300.0,5780.0,6197.92,33911.287278,0.05709198009628982,0.03407558803316857,45.77242179268088,6113.622857142856,6461.159523809524
2018-06-30,6197.92,6528.99,6186.03,6390.07,37919.61284,0.03053147105325548,0.0353134789748254,48.006842657090345,6147.921428571428,6408.699523809524
2018-07-01,6391.08,6441.06,6251.0,6356.81,27562.965974,-0.005218543750520015,0.03544374579132496,48.02947296895572,6179.327142857143,6389.26238095238
2018-07-02,6360.82,6685.0,6271.62,6615.29,36230.452264,0.039856957168599896,0.03764414213924383,47.93284347304421,6231.225714285714,6377.038095238095
2018-07-03,6615.29,6679.35,6463.01,6513.86,38657.781691,-0.01545142191173791,0.03564372619352908,45.30852121947494,6294.522857142858,6376.269523809524
2018-07-04,6511.01,6784.92,6441.11,6586.98,23571.892777,0.01116275891798502,0.035646162371494296,46.475323426891165,6359.272857142857,6390.279047619047
2018-07-05,6585.53,6712.0,6453.33,6529.2,35071.972898,-0.00881054907261458,0.027526047037372027,46.19340489935525,6455.732857142857,6385.194285714285
2018-07-06,6529.2,6648.54,6425.0,6609.78,29397.094748,0.012265946107273903,0.020607844131146424,64.88080182117113,6514.570000000001,6395.712380952381
2018-07-07,6609.79,6818.16,6508.88,6756.98,23973.876886,0.022025674267196312,0.01935233043153991,65.64513634723441,6566.9857142857145,6408.712380952381
2018-07-08,6753.48,6780.0,6667.44,6712.1,24622.947794,-0.006664176929376997,0.019523558064983897,64.58410463695057,6617.741428571428,6421.2119047619035
2018-07-09,6712.1,6802.06,6612.24,6662.12,26732.40655,-0.0074741155247471025,0.013962617761379094,60.754594277083164,6624.431428571428,6418.814761904761
2018-07-10,6662.78,6681.0,6263.0,6296.91,38560.672702,-0.05637871533387015,0.025666894230587427,55.4079714546733,6593.438571428572,6397.657619047619
2018-07-11,6296.91,6406.0,6278.99,6378.07,28715.498487,0.01280650687076354,0.0258445947848339,55.79301253722285,6563.594285714285,6379.398571428571
2018-07-12,6378.07,6380.28,6070.0,6250.57,31306.663348,-0.020192884165139598,0.02650303083606478,60.134309822300146,6523.79,6357.1
2018-07-13,6251.4,6350.0,6110.0,6214.57,26375.325286,-0.005776124470448971,0.02525225539306781,50.504934100792724,6467.331428571429,6365.174761904763
2018-07-14,6214.57,6335.0,6178.0,6251.99,17783.071999,0.006003277950393231,0.022575993616476893,45.37884872824631,6395.1900000000005,6370.032380952381
2018-07-15,6250.9,6395.0,6225.4,6353.01,22979.211508,0.016028903272869762,0.024834893801887924,49.87834238295256,6343.891428571428,6380.32
2018-07-16,6354.15,6747.3,6330.4,6723.35,36204.87708,0.05665782588138391,0.03482049078616739,53.2283314013934,6352.638571428572,6402.765238095237
2018-07-17,6723.33,7468.99,6652.04,7317.44,52105.423459,0.08467399780455212,0.03664004108279682,68.547463855088,6498.428571428572,6462.129999999999
2018-07-18,7317.44,7588.08,7225.38,7381.9,59487.64345,0.008770518023086779,0.036830121988021755,68.42122338502611,6641.832857142857,6521.566666666667
2018-07-19,7381.88,7576.28,7270.0,7466.21,41218.256437,0.011356449556526297,0.0326604231850073,71.45022090973606,6815.495714285715,6598.339523809523
2018-07-20,7468.86,7700.0,7273.0,7337.53,46140.313447,-0.01738523387631885,0.03473545128732703,66.30081756075708,6975.918571428571,6652.606666666667
2018-07-21,7337.47,7458.47,7211.0,7398.78,28886.490291,0.008312848021666184,0.03454948661708182,64.95131155942786,7139.745714285714,6700.640476190475
2018-07-22,7399.25,7582.4,7335.5,7394.79,30270.21844,-0.0005394235599317676,0.03573839539809607,66.21275666022294,7288.571428571428,6750.068095238095
2018-07-23,7394.78,7833.0,7375.0,7721.01,41646.346671,0.0431694863012378,0.03385284726017223,72.23017655826843,7431.094285714285,6802.721428571428
2018-07-24,7721.65,8486.0,7696.0,8397.24,60121.163749,0.08395789593441796,0.033624319041374626,89.00088016726892,7585.351428571428,6892.40619047619
2018-07-25,8397.24,8491.77,8050.0,8175.64,48257.649124,-0.026744079248490246,0.03794375586412446,81.7243241526097,7698.742857142856,6968.056666666666
2018-07-26,8175.63,8315.69,7850.06,7920.0,43223.481682,-0.031767795354452955,0.041855434042051304,78.18792739552555,7763.57,7034.285238095239
2018-07-27,7920.0,8285.0,7805.0,8188.57,43671.005891,0.033348073619131544,0.04102467569074109,80.90343225353965,7885.147142857143,7109.465714285714
2018-07-28,8188.57,8246.54,8067.0,8225.04,26215.173839,0.004443880416028875,0.04116623963501735,80.89775029988695,8003.1842857142865,7179.373333333333
2018-07-29,8225.04,8294.51,8115.0,8211.0,25531.226185,-0.001708441134843017,0.041242673561341675,79.91075021974376,8119.785714285715,7250.749523809523
2018-07-30,8210.99,8273.0,7866.0,8173.92,39692.416542,-0.004526120762384564,0.03971652692141628,76.15873737209796,8184.487142857143,7322.740000000001
2018-07-31,8171.4,8180.0,7633.0,7730.93,48296.915587,-0.05571943212300709,0.028890353567151427,57.886425102897924,8089.300000000001,7391.026666666667
2018-08-01,7735.67,7750.0,7430.0,7604.58,42582.312932,-0.016478468479518643,0.028259629188790342,54.14918275931461,8007.720000000001,7449.431904761904
2018-08-02,7600.08,7709.46,7455.72,7525.71,37665.696684,-0.010425539018218475,0.026669580277150415,51.110911956026555,7951.392857142858,7510.152857142858
2018-08-03,7525.71,7540.0,7282.44,7418.78,44669.486047,-0.014310535167938794,0.01975038202126286,51.52942328036352,7841.422857142858,7567.496190476191
2018-08-04,7412.27,7494.81,6926.0,7009.84,36288.42601,-0.05669974692594556,0.02336956762860324,43.52612586220672,7667.822857142856,7603.584285714287
2018-08-05,7009.84,7089.87,6882.29,7024.19,32894.849782,0.002045029831224618,0.023970526563676656,43.85259498122271,7498.278571428571,7635.545238095238
2018-08-06,7024.19,7160.0,6821.0,6934.82,32760.191643,-0.012804807950119665,0.023137050960052207,35.84680802036415,7321.2642857142855,7645.615238095237
2018-08-07,6935.0,7150.46,6670.0,6720.06,45438.473501,-0.031458015064116024,0.01894003989648761,13.790825402856711,7176.854285714285,7617.168571428572
2018-08-08,6720.63,6721.54,6123.0,6285.0,59550.536319,-0.06693124102441655,0.025745376806812204,12.627005400447544,6988.342857142857,7564.935238095239
2018-08-09,6283.27,6622.81,6178.6,6529.79,51941.185111,0.0382089414640777,0.03568043464777325,22.400806807037327,6846.068571428571,7520.34380952381
2018-08-10,6529.79,6575.88,6026.39,6144.01,59034.974902,-0.06089716005807519,0.03860648260211884,11.215275933499782,6663.958571428571,7463.509523809525
2018-08-11,6148.13,6488.0,5971.0,6232.35,47133.418555,0.014275845289050121,0.038805812612222164,12.928766766506044,6552.888571428572,7407.965238095239
2018-08-12,6222.55,6472.3,6130.0,6308.33,38567.770712,0.012117513516414526,0.039794952295132725,15.400841580017357,6450.622857142857,7356.229047619047
2018-08-13,6308.56,6545.0,6145.04,6246.35,53895.828783,-0.009873689099789142,0.03984165867046067,15.262624842763884,6352.2699999999995,7286.007142857143
2018-08-14,6248.25,6250.33,5880.0,6188.08,50186.745091,-0.009372432278415936,0.039184345674514356,17.719696874594604,6276.272857142858,7180.809047619047
2018-08-15,6188.08,6609.0,6172.11,6267.16,68806.687026,0.012698440598051607,0.03126352914972188,21.453148345784385,6273.7242857142855,7089.929047619046
2018-08-16,6265.27,6480.0,6205.6,6311.75,48515.254618,0.007089674188074853,0.02674313630520594,23.703546455710438,6242.575714285714,7013.345714285713
2018-08-17,6316.0,6585.0,6285.4,6584.49,57851.610803,0.04230390778718328,0.017570015786898034,33.13904843514426,6305.501428571429,6936.960952380953
2018-08-18,6579.04,6620.0,6288.0,6387.96,53742.322172,-0.030301914856385295,0.022965999012321662,36.251448077042106,6327.731428571429,6849.480952380953
2018-08-19,6387.96,6541.0,6300.0,6477.53,45190.847994,0.013924296267447166,0.023088515742821277,38.30343540850036,6351.902857142857,6766.934761904762
2018-08-20,6477.53,6530.0,6220.0,6254.84,49435.55526,-0.03498370080450283,0.02715592265038239,36.236114259805035,6353.115714285714,6675.549999999999
2018-08-21,6251.0,6500.0,6235.08,6480.0,41569.947408,0.035364946308841766,0.029676649571868073,45.161173283452115,6394.818571428571,6615.981904761905
2018-08-22,6479.98,6882.54,6251.2,6360.89,77909.391359,-0.018552205695517878,0.030927919514893796,51.75297166695157,6408.208571428572,6556.758571428572
2018-08-23,6362.57,6576.99,6342.28,6525.01,40358.166825,0.02547418110596709,0.03217562940880911,49.88531339673888,6438.674285714286,6509.106190476191
2018-08-24,6525.0,6725.0,6440.5,6681.64,38305.675322,0.023720980623559363,0.029188433567744473,64.49301538179526,6452.552857142857,6474.004285714285
2018-08-25,6686.98,6789.0,6650.61,6733.64,19220.505929,0.007752392858191145,0.025454398462922575,63.78344194231352,6501.935714285714,6460.851904761904
2018-08-26,6733.64,6775.27,6568.0,6700.0,20107.297208,-0.005008332859462741,0.02566653316440618,61.02606257495314,6533.717142857144,6445.414285714286
2018-08-27,6700.0,6940.51,6646.5,6908.64,37747.078747,0.030665275803412877,0.02008338913857661,67.2222886772729,6627.117142857144,6444.167619047618
2018-08-28,6907.26,7135.0,6860.0,7076.11,48352.917163,0.023951519482310835,0.018478090791552108,71.85145449982038,6712.275714285715,6461.122380952382
2018-08-29,7077.0,7133.81,6912.34,7031.22,43252.487392,-0.006364088953719495,0.015369219899242061,69.12272622611101,6808.037142857143,6496.656666666667
2018-08-30,7033.21,7063.63,6784.81,6984.84,44716.77462,-0.00661814650998183,0.016246517020350116,66.83086863675692,6873.727142857143,6518.325714285714
2018-08-31,6984.84,7089.0,6888.0,7011.21,40467.400638,0.003768210488415819,0.015091712463920302,62.16974674880221,6920.808571428572,6559.620952380953
2018-09-01,7011.21,7275.0,7008.74,7200.01,40323.414093,0.026572118202575292,0.01684760387220579,73.26164299586934,6987.432857142858,6605.699999999999
2018-09-02,7201.57,7345.45,7127.0,7302.01,39814.840352,0.014067237810384827,0.01559323136643999,73.4507082314125,7073.434285714285,6653.018095238095
2018-09-03,7302.0,7338.28,7191.63,7263.02,32396.018371,-0.005353932417028108,0.01441836266304625,82.02197941811717,7124.0599999999995,6701.430952380952
2018-09-04,7263.0,7410.0,7227.17,7359.06,35300.640518,0.013136486889629234,0.012806828260986385,80.41561712846351,7164.481428571428,6757.191904761906
2018-09-05,7359.05,7397.3,6682.0,6700.0,63715.256267,-0.09382468079599963,0.0400700404678856,58.54168450854647,7117.164285714286,6777.803333333334
2018-09-06,6697.27,6725.0,6265.0,6516.01,60644.464227,-0.027845300974444133,0.04084154662318239,49.77554990273829,7050.188571428572,6787.530000000001
2018-09-07,6516.84,6544.0,6320.0,6395.54,38906.28805,-0.018661352987100796,0.04046626362832217,42.733931346952865,6962.2357142857145,6778.532380952381
2018-09-08,6395.54,6478.0,6111.0,6185.05,38215.032171,-0.03346578254922665,0.036849855367260105,37.10553160683141,6817.2414285714285,6768.87
2018-09-09,6185.06,6441.0,6141.53,6250.81,37053.92382,0.010575965464806937,0.03630455710464841,39.598953388751255,6667.070000000001,6758.073809523809
2018-09-10,6252.26,6373.98,6221.0,6312.0,32439.456432,0.009741528192617485,0.037886254375911935,35.17222525970473,6531.21,6760.795714285715
2018-09-11,6311.99,6404.0,6169.68,6294.91,33104.88859,-0.0027112132106262396,0.035999196290025647,29.017147277493663,6379.188571428573,6751.981904761905
2018-09-12,6293.0,6360.0,6192.37,6338.62,31433.645939,0.006919708808447703,0.01855783759377037,31.385123149531807,6327.562857142858,6750.921428571429
2018-09-13,6338.62,6535.0,6337.4,6487.38,40465.063107,0.023197672069712336,0.019431709767425396,37.32728050868183,6323.472857142857,6749.129523809524
2018-09-14,6487.39,6584.99,6385.62,6476.63,37173.339277,-0.0016584378543234896,0.01779580701527056,36.272405115299684,6335.057142857143,6739.367142857142
2018-09-15,6476.63,6565.45,6466.13,6514.96,25243.656612,0.0059007575235102555,0.00867854014841566,30.935139678175247,6382.187142857142,6728.953809523811
2018-09-16,6514.96,6524.62,6370.0,6505.0,27568.132897,-0.0015299589158250337,0.009139635883354254,26.621650954188382,6418.5,6719.668095238097
2018-09-17,6500.08,6533.84,6201.0,6248.69,35987.254738,-0.04019927018530844,0.019299132766977107,23.611407402011523,6409.455714285715,6688.241904761904
2018-09-18,6248.69,6390.0,6224.98,6336.45,32620.86667,0.013946832938242788,0.020125604870237325,23.280885019570135,6415.389999999999,6653.02
2018-09-19,6336.39,6517.7,6123.0,6391.89,39044.080082,0.008711324587229893,0.020225475772414653,38.24016610560227,6423.0,6622.575714285716
2018-09-20,6392.0,6540.0,6325.0,6492.0,25189.024728,0.015540650347712062,0.019007595813129104,49.02090316687463,6423.659999999999,6599.107142857144
2018-09-21,6492.0,6784.86,6491.0,6759.02,51779.343463,0.04030725947910054,0.024253977687263357,63.239793688259475,6464.001428571429,6587.098095238095
2018-09-22,6759.01,6839.03,6627.0,6723.05,29349.690667,-0.005335988516169763,0.024637928175681188,72.45109167389995,6493.728571428571,6564.385714285714
2018-09-23,6723.05,6788.23,6661.75,6708.0,30286.229773,-0.0022410766543132558,0.024668341653233353,69.92200095864739,6522.728571428571,6536.099523809524
2018-09-24,6706.81,6730.0,6557.0,6581.39,35305.73991,-0.01905487473246544,0.018924207966116765,61.1054770915267,6570.257142857142,6503.640952380952
2018-09-25,6581.42,6584.01,6325.02,6447.54,40301.029452,-0.020547306519357253,0.02128261188851037,55.73956664636027,6586.127142857143,6460.235238095238
2018-09-26,6445.11,6557.99,6379.7,6465.12,33484.54207,0.002722910827337732,0.021110179997288505,54.852320675105474,6596.588571428571,6449.050476190476
2018-09-27,6467.84,6750.0,6434.0,6689.13,33087.428297,0.0340622473040466,0.024094512159165964,57.31640979147778,6624.75,6457.294285714285
2018-09-28,6689.12,6814.8,6540.88,6634.58,42399.448523,-0.008188455738147228,0.01827633653015473,55.55165020561666,6606.972857142857,6468.677142857143
2018-09-29,6634.58,6636.0,6464.57,6596.38,30255.9597,-0.005774351391320126,0.01828780272634194,52.862023874804905,6588.877142857143,6488.2642857142855
2018-09-30,6597.66,6662.0,6533.0,6626.57,27764.724519,0.00456631121771178,0.01849714448148419,54.213426680067926,6577.244285714286,6506.157619047619
2018-10-01,6626.57,6667.09,6510.0,6611.61,20621.506894,-0.0022601303756572435,0.016897720934016557,65.10530258886206,6581.561428571428,6520.424761904763
2018-10-02,6610.0,6640.0,6494.0,6525.79,28245.810088,-0.013065175876138691,0.015512972323241976,57.89337646744931,6592.74,6531.419047619047
2018-10-03,6525.79,6549.0,6430.0,6510.0,28451.969138,-0.0024225624564945406,0.015579478601995229,55.09222133119486,6599.151428571428,6539.58
2018-10-04,6510.01,6643.46,6505.09,6593.79,20074.300818,0.012788840788172674,0.008534588986233835,54.45123711069714,6585.5314285714285,6544.647142857143
2018-10-05,6591.69,6697.0,6543.08,6635.65,16096.552392,0.006328331312572889,0.00855831624563144,43.28218420221508,6585.684285714286,6552.219523809525
2018-10-06,6635.65,6651.0,6566.77,6594.27,10939.505391,-0.006255538195129945,0.008614390860781963,43.0286691784678,6585.382857142858,6555.996190476191
2018-10-07,6596.44,6640.0,6525.0,6615.26,17406.831762,0.0031780112791526716,0.008505808774659944,45.01172572559651,6583.767142857143,6561.246666666666
2018-10-08,6615.26,6715.6,6587.0,6673.01,23123.419541,0.008691931091452958,0.00906223023562979,55.322288316758076,6592.538571428572,6581.452380952381
2018-10-09,6673.01,6685.38,6607.0,6656.61,15354.779469,-0.0024606865424725453,0.006880258603170463,64.06420277960903,6611.227142857143,6596.698095238095
2018-10-10,6656.67,6659.95,6530.0,6631.0,15390.661444,-0.003854723567495947,0.007081037334348472,61.03953147877016,6628.512857142858,6608.084285714285
2018-10-11,6630.21,6633.92,6205.0,6252.68,48712.400332,-0.05874545054686773,0.02321527632433475,25.9029825200693,6579.782857142857,6596.688095238094
2018-10-12,6252.71,6360.0,6209.0,6298.01,29004.071419,0.007223538643362246,0.023307001047858586,31.226363524805024,6531.5485714285705,6574.735238095238
2018-10-13,6298.0,6345.0,6285.07,6332.93,19098.070025,0.005529293776654126,0.023828338565556335,35.25097692333529,6494.214285714285,6556.1580952380955
2018-10-14,6332.92,6416.0,6308.0,6339.34,15627.411314,0.0010116578240036086,0.023706405904941472,33.479806287600795,6454.797142857143,6538.602857142857
2018-10-15,6339.34,7680.0,6300.0,6752.5,90748.031246,0.06313814460075089,0.03540741605656406,55.557659384787755,6466.152857142857,6546.750952380952
2018-10-16,6752.5,6900.0,6670.0,6759.27,27557.957764,0.0010020893734170356,0.035363896538335514,59.82263058696826,6480.818571428571,6561.5952380952385
2018-10-17,6762.76,6811.12,6676.01,6740.89,26641.431379,-0.0027229323735908574,0.035334248089745446,59.69254535837527,6496.517142857142,6574.727142857144
2018-10-18,6739.01,6796.0,6567.0,6618.96,20116.521941,-0.01825370577487822,0.025654256461307264,51.0238283124934,6548.842857142858,6571.385714285714
2018-10-19,6618.96,6648.14,6523.0,6528.88,20772.60077,-0.013702845411439162,0.026963697111610403,45.820906037904244,6581.824285714286,6566.352380952382
2018-10-20,6528.88,6617.65,6505.55,6588.4,19240.722247,0.009075114428241183,0.027005435381186788,49.77345878648005,6618.320000000001,6565.972380952381
2018-10-21,6585.72,6663.9,6580.0,6590.11,6515.357792,0.00025951340623444057,0.02702845111682555,49.01472235933837,6654.144285714286,6564.23619047619
2018-10-22,6590.12,6639.0,6535.27,6581.2,16213.69266,-0.0013529408022600999,0.009303364923973628,46.260132795633204,6629.672857142857,6562.788095238095
2018-10-23,6581.2,6595.0,6515.45,6553.51,13856.601756,-0.004216315551869199,0.009072732736188756,45.83851332805918,6600.278571428572,6564.108095238096
2018-10-24,6553.51,6630.0,6547.53,6565.5,11951.543977,0.0018278823384338691,0.009372394317507611,47.32679247747159,6575.222857142857,6566.750952380953
2018-10-25,6566.81,6575.09,6502.8,6528.09,10342.701244,-0.005714261985447439,0.007053307547657678,65.57378903201729,6562.241428571428,6563.622380952382
2018-10-26,6528.13,6600.0,6515.01,6538.63,9443.504156,0.0016132590712825106,0.004835825461158223,64.16378234560054,6563.634285714286,6559.002380952382
2018-10-27,6538.63,6558.35,6463.04,6505.6,7776.907864,-0.005064318950867275,0.003190319029745282,60.18666005923097,6551.805714285714,6554.779999999999
2018-10-28,6505.6,6514.17,6453.0,6489.93,5743.933728,-0.0024115996184044136,0.003059030338156556,58.788034407497776,6537.494285714286,6548.811904761906
2018-10-29,6489.93,6505.01,6315.0,6344.5,13827.224067,-0.02266344897865391,0.008264400435522515,15.368553288289789,6503.68,6533.168571428572
2018-10-30,6344.5,6395.0,6317.01,6330.87,8877.175385,-0.002150628384569255,0.008343244553746411,14.055577929923388,6471.874285714285,6517.657142857142
2018-10-31,6330.01,6428.0,6245.02,6371.93,12148.888216,0.0064647389553645,0.009118007444477263,20.177820885871284,6444.221428571429,6505.320476190476
2018-11-01,6369.52,6442.65,6348.66,6410.0,9099.035841,0.005956864506951309,0.009848797072422177,30.46153270748397,6427.351428571429,6512.811904761906
2018-11-02,6410.0,6460.34,6388.2,6433.98,9739.440679,0.003734049393257197,0.010031220629883396,39.87495732331845,6412.401428571428,6519.286666666666
2018-11-03,6432.8,6439.97,6345.0,6387.09,7661.241476,-0.0073145547230699295,0.010169490137118084,27.927019144316986,6395.471428571429,6521.865714285714
2018-11-04,6388.0,6525.0,6359.0,6485.85,10592.394943,0.015344115280428195,0.01223632175317592,40.57425957400647,6394.888571428572,6528.842380952381
2018-11-05,6485.85,6504.39,6431.02,6468.99,8987.882156,-0.0026028896565180163,0.0075013719880335705,39.99928700023171,6412.672857142857,6515.3419047619045
2018-11-06,6468.99,6531.31,6445.18,6519.11,11926.565699,0.007717872327009078,0.007346907645024037,47.05196764020288,6439.564285714286,6503.905714285714
2018-11-07,6522.73,6615.15,6509.0,6578.46,14271.591117,0.009062811838116712,0.007544203182581128,51.0272669625872,6469.068571428572,6496.170952380952
2018-11-08,6578.46,6594.0,6468.22,6479.84,13259.789282,-0.01510485669047986,0.010509866216602739,46.5137787026199,6479.045714285713,6489.5461904761905
2018-11-09,6479.84,6511.53,6391.01,6419.99,11787.616583,-0.009279258633064185,0.011187822019945063,41.998057519020115,6477.047142857143,6484.360952380952
2018-11-10,6419.99,6475.55,6411.0,6433.05,7714.829926,0.002032204753841915,0.01076231144303123,44.971234490885145,6483.612857142857,6476.963333333334
2018-11-11,6435.16,6462.14,6355.0,6449.81,8213.507117,0.0026019081873635956,0.008843082250062573,47.22329882066332,6478.464285714285,6470.282380952381
2018-11-12,6450.71,6497.0,6421.0,6453.07,10132.782567,0.0005053135531552418,0.00881522585236171,59.355127785341274,6476.1900000000005,6464.180952380952
2018-11-13,6451.68,6498.0,6391.15,6457.66,11790.564933,0.000711036508916558,0.008116267210208595,61.097981548588116,6467.411428571429,6459.616666666667
2018-11-14,6458.98,6482.84,5656.87,5922.41,46478.964003,-0.08652356242154874,0.03223748330157192,28.90409416004954,6373.6900000000005,6428.993333333334
2018-11-15,5917.2,5939.54,5403.42,5753.4,47700.829401,-0.02895247624443291,0.03266642622228764,22.558427229262094,6269.912857142857,6392.103333333333
2018-11-16,5757.09,5782.89,5549.25,5655.94,38721.802274,-0.017084664071226715,0.0324922516018835,19.36464436464439,6160.762857142857,6350.070476190476
2018-11-17,5650.57,5656.6,5565.43,5628.29,26411.241413,-0.004900654335793468,0.031876085334385365,19.662561970254302,6045.797142857143,6308.293809523809
2018-11-18,5630.49,5738.17,5617.0,5662.0,23844.999347,0.005971520691174607,0.03228116170373777,15.254523217072261,5933.252857142857,6268.868571428571
2018-11-19,5661.94,5664.0,4855.0,4910.03,70580.892856,-0.14249713492231114,0.05524723099595643,9.41603407162124,5712.818571428571,6200.560476190476
2018-11-20,4913.4,5048.24,4326.0,4558.86,117380.95159,-0.07420745949631138,0.05349206429259141,5.884206309554372,5441.561428571428,6116.179047619047
2018-11-21,4559.91,4787.2,4413.85,4661.07,61071.829475,0.022172443243175764,0.05671477053572235,7.665472915387923,5261.37,6034.7095238095235
2018-11-22,4661.08,4721.77,4335.0,4370.0,34531.119143,-0.06448202640676247,0.057745881662767735,7.065062555453352,5063.7414285714285,5937.566666666667
2018-11-23,4370.9,4484.0,4222.94,4420.61,49371.920322,0.011514686509508765,0.06052368359493917,9.159319873518044,4887.265714285714,5841.691904761904
2018-11-24,4415.63,4527.0,3824.69,3932.44,61693.111006,-0.11701759725291112,0.06577500215834294,7.2236724611599925,4645.001428571429,5724.803809523809
2018-11-25,3933.68,4233.0,3652.66,4085.78,101693.975588,0.03825255419313612,0.07134862562717025,11.365367204123572,4419.827142857143,5610.514761904762
2018-11-26,4088.69,4206.0,3701.0,3862.2,94504.865717,-0.05627568325274474,0.05828191056430428,10.502501684559078,4270.137142857143,5486.381904761905
2018-11-27,3864.45,3940.0,3689.12,3875.21,67480.607212,0.0033628855807920814,0.05678280064996655,10.731674680145133,4172.472857142857,5360.481904761905
2018-11-28,3875.63,4394.47,3874.27,4264.85,91983.567949,0.09580715545160723,0.0715037433479266,23.627569528415975,4115.87,5250.31
2018-11-29,4262.06,4450.38,4125.65,4295.84,73980.198669,0.007240102228244788,0.06789305936096024,25.744363604896535,4105.2757142857145,5146.3099999999995
2018-11-30,4295.72,4341.36,3943.0,4041.32,67758.446283,-0.06107574128430203,0.07088336695537274,24.46546728912844,4051.0914285714284,5033.040000000001
2018-12-01,4041.27,4299.99,3963.01,4190.02,44840.073481,0.03613413591151425,0.05527782224755934,28.093118753217638,4087.8885714285716,4926.229047619047
2018-12-02,4190.98,4312.99,4103.04,4161.01,38912.15479,-0.006947673925982669,0.05392329202082025,27.10502472551778,4098.635714285715,4817.238571428572
2018-12-03,4160.55,4179.0,3827.0,3884.01,49094.369163,-0.0688897081753039,0.056374038268906725,31.69795434923762,4101.751428571429,4694.902380952381
2018-12-04,3884.76,4085.0,3781.0,3951.64,48489.551613,0.01726255752792494,0.056722888834690524,37.94949751536032,4112.67,4575.568095238095
2018-12-05,3950.98,3970.0,3745.0,3769.84,44004.799448,-0.047098122377981194,0.04127987227501148,32.854828842624485,4041.9542857142856,4473.064761904762
2018-12-06,3768.44,3899.99,3500.0,3508.75,68378.796943,-0.07177271154704609,0.0440568197976621,33.238228322090706,3929.5128571428572,4366.176666666666
2018-12-07,3508.75,3549.99,3224.6,3403.55,95145.457442,-0.030440844136481928,0.04179276036619582,30.61768203439445,3838.402857142857,4258.92
2018-12-08,3403.57,3495.0,3222.0,3410.93,55365.949949,0.002165976827357233,0.03499309893817562,37.831619915161305,3727.1042857142857,4153.331428571429
2018-12-09,3411.36,3658.0,3394.04,3545.37,45956.893296,0.038657545508275215,0.043159914670738576,37.27842409804189,3639.155714285715,4052.539523809524
2018-12-10,3548.49,3610.0,3370.11,3432.88,40989.244553,-0.03224296787847104,0.03863314329819636,39.33578419196186,3574.7085714285713,3982.199047619048
2018-12-11,3434.01,3480.0,3324.32,3380.39,35920.864154,-0.015408471560615348,0.03556574037738723,37.945214823765575,3493.1014285714286,3926.0814285714287
2018-12-12,3379.23,3492.0,3350.0,3445.0,33922.931286,0.018932817011602716,0.03663469980533338,26.268561669609497,3446.695714285714,3868.173333333334
2018-12-13,3446.38,3460.0,3255.5,3302.06,40040.917013,-0.04237738832720035,0.029806262995866726,22.984831185777182,3417.1685714285713,3817.319047619048
2018-12-14,3302.06,3335.39,3177.0,3224.17,44492.983807,-0.023870963355656402,0.029101709922404136,25.426572921866622,3391.5428571428574,3760.3457142857146
2018-12-15,3225.19,3276.5,3156.26,3211.72,29796.041436,-0.003868933598917332,0.028847801885002345,17.95442931827411,3363.0842857142857,3726.0257142857145
2018-12-16,3211.71,3294.0,3186.0,3228.67,24628.808538,0.005263668546469598,0.021575444761293396,19.216698803454904,3317.841428571429,3685.2109523809527
2018-12-17,3229.22,3585.0,3216.0,3509.08,66762.216388,0.0832836071289746,0.04056171519172304,37.648655593403475,3328.727142857143,3668.3957142857143
2018-12-18,3509.03,3678.59,3424.47,3652.98,61369.615257,0.04018937798677158,0.041751139763048124,40.631979122230305,3367.6685714285713,3657.8133333333335
2018-12-19,3653.0,3912.73,3622.55,3662.22,94137.341014,0.0025262480626872907,0.041697233503468864,46.214508821791355,3398.7000000000003,3629.1166666666663
2018-12-20,3660.01,4120.0,3635.0,4049.62,101543.835986,0.1005535286471596,0.04713744551578075,67.47233151784155,3505.4942857142855,3617.3919047619047
2018-12-21,4051.86,4139.99,3764.0,3838.66,82343.850112,-0.053499702189735716,0.053582022901778395,63.15684436515375,3593.2785714285715,3607.741428571428
2018-12-22,3840.25,3979.0,3785.0,3948.91,42822.350872,0.0283162440987348,0.05205906181497703,65.31467416677104,3698.5914285714284,3596.26
2018-12-23,3948.91,4021.53,3870.0,3929.71,40117.531529,-0.00487395965505564,0.0529791599724363,61.709257972921925,3798.7399999999993,3585.245714285714
2018-12-24,3929.71,4198.0,3924.83,4008.01,64647.809129,0.019729226979577484,0.04705466452714705,67.89463531198078,3870.0157142857142,3591.150476190476
2018-12-25,4010.11,4020.0,3646.41,3745.79,62725.629432,-0.06766231613606057,0.05580126085423879,60.05658549473777,3883.274285714286,3581.348095238095
2018-12-26,3745.56,3837.15,3656.74,3777.74,42629.375817,0.008493404576570976,0.055827978079472707,59.32535901258925,3899.7771428571427,3581.724285714286
2018-12-27,3777.74,3813.98,3535.0,3567.91,44097.392912,-0.057145957045561246,0.04021153199975756,57.18144736486669,3830.9614285714283,3584.541428571429
2018-12-28,3567.89,3887.25,3540.04,3839.26,45964.304987,0.07329964951128502,0.04916575712408084,65.04321540199862,3831.047142857143,3605.289523809524
2018-12-29,3839.0,3892.0,3670.0,3695.32,38874.373903,-0.03821248552710063,0.04921498631545208,61.11264304425755,3794.82,3618.8319047619043
2018-12-30,3696.71,3903.5,3657.9,3801.91,33222.369262,0.02843641786578249,0.05130096679715364,62.6512884345454,3776.5628571428574,3631.048095238095
2018-12-31,3803.12,3810.0,3630.33,3702.9,29991.77835,-0.02638727559849181,0.05059369493840712,54.6498795666318,3732.975714285714,3643.90619047619
2019-01-01,3701.23,3810.16,3642.0,3797.14,23741.687033,0.02513185534819952,0.045241713384534435,53.542920058196685,3740.3114285714287,3663.7514285714287
2019-01-02,3796.45,3882.14,3750.45,3858.56,35156.463369,0.016045905094793787,0.045513147877349766,54.70464761868249,3751.8571428571427,3683.444761904762
2019-01-03,3857.57,3862.74,3730.0,3766.78,29406.948359,-0.024073531785738185,0.03955223591550287,42.10402894407719,3780.2671428571434,3705.5742857142855
2019-01-04,3767.2,3823.64,3703.57,3792.01,29519.554671,0.0066756964269890735,0.027253092476375113,48.54700961185068,3773.5171428571425,3732.6142857142854
2019-01-05,3790.09,3840.99,3751.0,3770.96,30490.667751,-0.005566610566114471,0.0223250007689794,44.13136250008245,3784.3228571428567,3759.244761904762
2019-01-06,3771.12,4027.71,3740.0,3987.6,36553.806709,0.055859935212426354,0.028971073514479494,51.689183274488634,3810.85,3795.3842857142854
2019-01-07,3987.62,4017.9,3921.53,3975.45,31869.846264,-0.0030515969204376486,0.025668497784359978,49.011776132086915,3849.785714285714,3817.592380952381
2019-01-08,3976.76,4069.8,3903.0,3955.13,38901.423122,-0.005124478781474369,0.025268759916797032,57.44717182497333,3872.3557142857144,3831.980476190476
2019-01-09,3955.45,4006.81,3930.04,3966.65,28989.439511,0.0029084392953749355,0.024867677509859416,56.81951092724556,3887.797142857143,3846.477142857143
2019-01-10,3966.06,3996.01,3540.0,3585.88,59402.22851,-0.10091799860589419,0.04668746999639192,50.57743844833903,3861.9542857142856,3824.3942857142856
2019-01-11,3585.88,3658.0,3465.0,3601.31,38338.654733,0.004293757005468074,0.046579475926754446,40.84871047389026,3834.7114285714283,3813.091904761905
2019-01-12,3601.31,3618.19,3530.0,3583.13,21999.928354,-0.005060948049945182,0.04658313300089426,45.223233673669235,3807.878571428572,3795.6738095238093
2019-01-13,3584.1,3611.1,3441.3,3476.81,26385.757454,-0.03012151338560415,0.037628962115599005,36.15488135189001,3734.9085714285716,3774.1071428571427
2019-01-14,3477.56,3671.87,3467.02,3626.09,35235.211215,0.04203972603983707,0.04421379676943381,46.863182311958376,3685.0,3755.920476190476
2019-01-15,3626.08,3648.42,3516.62,3553.06,34137.997459,-0.02034572872980224,0.04412807441977967,39.85637342908438,3627.5614285714287,3746.7428571428572
2019-01-16,3553.06,3645.0,3543.51,3591.84,27480.179977,0.01085540198408706,0.04477256268403398,38.70290051504474,3574.0171428571425,3737.890476190476
2019-01-17,3591.84,3634.7,3530.39,3616.21,29755.440838,0.006761910046847543,0.023402532665685507,43.23627444814791,3578.3499999999995,3740.190476190476
2019-01-18,3613.32,3620.0,3565.75,3594.87,22713.446755,-0.005918686880883267,0.023495894658229738,41.11325483690653,3577.4300000000003,3728.552857142857
2019-01-19,3594.87,3720.0,3594.23,3665.3,22171.578123,0.01940235819347309,0.02446152582893165,45.440029001519136,3589.1685714285713,3727.123333333334
2019-01-20,3665.75,3693.73,3475.0,3539.28,27901.938598,-0.03498687074880035,0.02560960039460117,29.010056744760973,3598.092857142857,3714.6171428571433
2019-01-21,3539.26,3559.51,3475.5,3526.9,19644.436839,-0.003504018484372307,0.018777017975671332,29.003810254921987,3583.922857142857,3706.23619047619
2019-01-22,3526.88,3608.5,3434.85,3570.93,29336.442967,0.012406767923614694,0.01808192993208222,32.40649155584863,3586.4757142857147,3695.464285714286
2019-01-23,3570.41,3607.98,3514.5,3552.82,24938.842698,-0.005084411725233669,0.01758929493615325,31.16334538039274,3580.901428571429,3680.905238095238
2019-01-24,3552.97,3589.0,3529.22,3569.62,20826.25118,0.004717493206436952,0.017444453257150216,48.89312457454049,3574.2457142857143,3671.516666666667
2019-01-25,3569.07,3587.15,3522.51,3565.29,17608.346671,-0.0012137505677229684,0.017352066632211498,47.510367708045344,3570.02,3660.7204761904763
2019-01-26,3566.69,3662.94,3545.0,3565.25,19476.532344,-1.1219346641478312e-05,0.014890955801481693,48.73238238380171,3555.727142857143,3650.924761904762
2019-01-27,3565.62,3579.0,3486.0,3550.84,22735.598162,-0.004049982419135288,0.006200385034828406,56.03489035624034,3557.378571428572,3630.126666666667
2019-01-28,3550.05,3557.75,3380.27,3434.15,40405.111401,-0.033414752855628206,0.014346869567498918,33.47510159101866,3544.128571428572,3604.350476190476
2019-01-29,3434.0,3443.45,3349.92,3411.04,29544.928977,-0.006752212225881009,0.012438791770095315,36.623087936101264,3521.2871428571425,3578.441428571429
2019-01-30,3410.04,3478.0,3387.1,3458.18,23968.260243,0.013725208982230525,0.014643047569590914,37.60571216617206,3507.7671428571425,3554.2285714285717
2019-01-31,3457.5,3489.2,3418.8,3434.1,29607.190253,-0.006987556505922125,0.014161086262856466,33.103857787014505,3488.407142857143,3547.0009523809526
2019-02-01,3434.1,3488.0,3401.2,3462.07,25260.476159,0.008111793465487807,0.01504575101858428,37.82857352348134,3473.6614285714286,3540.370476190476
2019-02-02,3462.2,3526.4,3440.29,3504.77,17920.802,0.012258221715457639,0.016278793609142098,34.499140611421126,3465.0214285714287,3536.6390476190477
2019-02-03,3504.06,3511.09,3426.0,3458.11,19867.33639,-0.013402700741218382,0.01680778122966044,40.74352833846502,3451.7742857142853,3535.7485714285713
2019-02-04,3458.11,3484.88,3433.31,3463.22,23131.981108,0.0014765950846030577,0.010571400317282108,42.61561296906158,3455.9271428571424,3527.992857142857
2019-02-05,3463.22,3478.97,3448.43,3471.59,25264.41503,0.00241391013288215,0.009972324368916874,37.441848705501634,3464.577142857143,3524.1133333333337
2019-02-06,3471.57,3482.72,3380.0,3405.37,35310.244846,-0.019259104839806154,0.01147179889353308,33.38142145481591,3457.032857142857,3515.2338095238097
2019-02-07,3407.0,3426.45,3390.0,3398.4,18665.538638,-0.0020488648023813502,0.011278408844889905,30.265099124020296,3451.932857142857,3504.8619047619045
2019-02-08,3398.4,3733.58,3373.1,3659.04,47968.058013,0.07389608530050837,0.030919886974653712,56.79239541522366,3480.0714285714284,3507.917619047619
2019-02-09,3660.27,3680.02,3625.13,3665.18,24759.833719,0.001676629439950937,0.030930244641119736,57.176713922523376,3502.987142857143,3507.9119047619047
2019-02-10,3665.18,3684.99,3609.76,3680.06,23250.602634,0.0040516090298640325,0.029749406073815706,59.273985186886364,3534.694285714286,3514.615714285714
2019-02-11,3679.75,3684.9,3615.53,3631.05,24954.614571,-0.013407193747153196,0.030877780853357715,65.65182829888714,3558.6699999999996,3519.575238095238
2019-02-12,3631.05,3667.6,3582.34,3631.46,29479.59823,0.00011290862262092172,0.03094394145142314,68.17746989938976,3581.5085714285715,3522.457619047619
2019-02-13,3631.51,3670.0,3591.75,3609.4,25773.997648,-0.006093217726158175,0.02948801341163431,63.00884346718974,3610.655714285714,3525.151904761905
2019-02-14,3608.34,3626.4,3568.11,3590.56,21753.501261,-0.0052333743519313155,0.029698322420233784,63.582068821834106,3638.1071428571427,3526.149047619047
2019-02-15,3590.57,3653.23,3573.45,3602.47,20777.872899,0.0033115421134242594,0.006321821003599186,62.53750535790826,3630.0257142857145,3527.9195238095235
2019-02-16,3602.49,3648.2,3597.91,3618.41,19565.992751,0.0044149815235669295,0.0066782322071650075,60.65721359441818,3623.344285714285,3530.4509523809525
2019-02-17,3617.22,3700.11,3604.4,3667.58,25690.227779,0.013497341191241524,0.008710809057048238,69.5521496443706,3621.5614285714287,3536.01
2019-02-18,3667.62,3925.0,3655.0,3898.6,64042.730492,0.0610854703085456,0.023404112907558845,78.58399642847765,3659.782857142857,3558.126666666666
2019-02-19,3897.35,3994.52,3856.0,3907.79,50207.172667,0.002354482480497084,0.023258671683160436,78.60703043022036,3699.258571428571,3581.781428571429
2019-02-20,3907.35,3986.98,3870.66,3969.74,36205.14085,0.0157286045601741,0.022101228212112023,87.22118897814363,3750.7357142857145,3606.141428571428
2019-02-21,3969.74,4016.48,3901.03,3937.31,31103.884728,-0.00820285235134137,0.02254683895687858,84.38724332878166,3800.2714285714283,3630.10380952381
2019-02-22,3937.31,3988.0,3926.65,3962.0,23943.16375,0.006251199257121855,0.02235921190765751,77.66050690234464,3851.632857142857,3653.91
2019-02-23,3962.0,4162.02,3933.15,4117.76,33657.942883,0.03856037791205596,0.02370792481481075,82.45417778160231,3922.968571428571,3683.1000000000004
2019-02-24,4118.0,4198.0,3712.66,3743.56,62224.18689,-0.09527229584676795,0.04931933313964286,53.00497832629806,3933.8228571428567,3696.692857142857
2019-02-25,3743.56,3872.66,3740.0,3827.92,38102.966245,0.02228454438909258,0.04353502552819708,59.014772009194715,3923.7257142857147,3714.059523809524
2019-02-26,3828.44,3841.51,3777.0,3809.23,28838.748036,-0.004894505754567034,0.04348333590630037,58.00614298195836,3909.6457142857143,3730.13761904762
2019-02-27,3809.31,3838.85,3677.17,3818.07,31500.995466,0.0023179903657044075,0.042776973860964455,59.51102562466385,3887.9785714285713,3749.79
2019-02-28,3818.04,3888.0,3763.87,3813.69,32561.961044,-0.0011478349635986676,0.04278757737071048,60.305949950578736,3870.318571428572,3769.5657142857144
2019-03-01,3814.26,3857.0,3813.01,3823.0,23174.57217,0.0024382303359971385,0.04265110025370972,60.210384006370795,3850.461428571429,3777.373333333333
2019-03-02,3822.17,3841.31,3772.25,3819.93,19445.838355,-0.0008033568710194448,0.038308878956200096,59.442767979307625,3807.9142857142856,3784.7423809523807
2019-03-03,3819.97,3835.0,3781.32,3807.75,16718.16541,-0.003193634329779857,0.009153730420039911,56.80390653062413,3817.0842857142857,3790.822857142857
2019-03-04,3807.32,3830.0,3670.69,3715.3,34742.84166,-0.024579034902947085,0.009346771802305169,39.719573752103216,3800.9957142857143,3794.8347619047618
2019-03-05,3716.1,3877.1,3703.55,3857.73,32962.536162,0.03761949897608185,0.018348337067662385,47.55742920155357,3807.924285714286,3805.609523809523
2019-03-06,3857.58,3907.0,3813.09,3861.84,24775.11883,0.0010648262502562917,0.018348638584246,44.4203123384011,3814.1771428571433,3817.6304761904767
2019-03-07,3861.84,3905.4,3840.4,3873.64,26455.257661,0.0030508796229149976,0.01831134832057065,46.635738214251745,3822.741428571429,3831.1104761904767
2019-03-08,3873.63,3932.0,3800.0,3864.89,34730.366592,-0.002261412368743811,0.018388357494485044,44.780884202379795,3828.7257142857147,3843.606666666667
2019-03-09,3864.88,3971.75,3854.75,3943.04,30979.747653,0.020018778312975473,0.019587947529540045,39.7551365043625,3846.3128571428574,3859.065238095238
2019-03-10,3943.43,3943.43,3881.69,3916.82,23187.561412,-0.006671899312085172,0.019858816929601023,67.16329199191665,3861.894285714286,3870.9338095238095
2019-03-11,3915.99,3936.98,3830.0,3871.61,38066.885705,-0.01160965889101032,0.017166883020572305,54.69189630361478,3884.2242857142855,3869.648571428572
2019-03-12,3871.61,3905.2,3826.06,3882.73,26921.008622,0.0028680732654525684,0.009982238910929427,58.02366708877342,3887.7957142857144,3868.455238095238
2019-03-13,3882.69,3893.56,3840.0,3866.0,24461.008757,-0.004318133680231907,0.010174955289680385,55.143697280590665,3888.39,3863.5152380952386
2019-03-14,3866.0,3920.0,3810.43,3877.12,27048.74853,0.0028722291904868377,0.010166698249304237,56.71003914101343,3888.887142857143,3860.649047619047
2019-03-15,3877.12,3939.22,3872.2,3923.76,21740.061498,0.011957767776503729,0.010996310143717505,59.87881877720698,3897.297142857143,3858.828095238095
2019-03-16,3924.46,4056.98,3921.98,4005.98,28568.376124,0.020737866966801063,0.011192563850278656,65.79023305552258,3906.2885714285717,3853.505238095238
2019-03-17,4005.98,4012.0,3950.01,3981.14,18814.255577,-0.006220034276640175,0.011133596327246583,64.40618820518785,3915.477142857143,3864.8185714285714
2019-03-18,3981.85,4037.0,3953.33,3987.81,22454.47801,0.0016739975925546856,0.00935176630270608,76.40549601751903,3932.077142857143,3872.432380952381
2019-03-19,3987.83,4031.0,3970.0,4015.53,19893.741815,0.006927135632308982,0.009379441364221598,69.66110142038377,3951.0485714285714,3882.2561904761906
2019-03-20,4017.48,4050.0,3980.5,4043.04,23432.300255,0.006827540584871963,0.008475153161402928,71.33270543913349,3976.34,3892.969047619048
2019-03-21,4043.04,4069.32,3880.01,3980.64,35997.682119,-0.015554273864159942,0.01191557421434065,61.25604881127708,3991.128571428572,3900.919047619048
2019-03-22,3980.85,4008.0,3968.25,3986.93,20022.606318,0.0015789007957782457,0.011358840288446147,62.90499957702393,4000.152857142857,3908.7252380952377
2019-03-23,3987.89,4018.83,3978.01,4006.01,17302.604318,0.004774222311483049,0.008198710942184013,57.60929985257513,4000.157142857143,3917.586190476191
2019-03-24,4006.01,4006.02,3950.0,3992.18,17179.850648,-0.003458285883080886,0.007910842397307615,59.387612736060525,4001.7342857142858,3926.3685714285716
2019-03-25,3991.35,3999.3,3888.71,3936.12,33192.890217,-0.014141981082905222,0.009569575660994535,57.824515440409435,3994.35,3936.8838095238093
2019-03-26,3935.47,3958.98,3894.0,3948.55,29349.537627,0.0031529563817779935,0.009085821319232733,57.958117715335874,3984.781428571429,3941.2085714285718
2019-03-27,3948.77,4048.0,3936.15,4038.05,32364.555852,0.022413479269574252,0.012853431681821363,67.68933396393244,3984.0685714285714,3949.599523809524
2019-03-28,4039.58,4039.7,4002.0,4027.81,20089.293875,-0.002539098249029031,0.011076769947893495,65.52129040232367,3990.8071428571425,3956.9409523809522
2019-03-29,4028.22,4123.71,4024.03,4103.25,30084.217444,0.018556538697443437,0.01277824458800551,67.45230733329437,4007.424285714286,3968.2914285714282
2019-03-30,4104.24,4140.0,4052.0,4106.97,19509.292601,0.0009061877159357366,0.012828182501477403,61.58859844399053,4021.847142857143,3976.097619047619
2019-03-31,4106.99,4116.12,4082.57,4103.95,13525.087433,-0.0007356057874589337,0.012619653899461519,64.83535068009945,4037.8142857142857,3985.008571428571
2019-04-01,4102.44,4158.7,4067.0,4144.56,25507.067641,0.009846706404002677,0.009840684027554458,67.50027911130954,4067.591428571429,3998.00619047619
2019-04-02,4144.54,4897.99,4140.54,4857.29,105383.639263,0.15868403825725028,0.05773934314484669,87.15198700633786,4197.4114285714295,4044.4138095238095
2019-04-03,4857.19,5275.01,4753.5,4932.6,109890.125743,0.015385563184368086,0.05794566797624179,87.6721494757169,4325.204285714286,4095.204285714286
2019-04-04,4932.59,5039.08,4777.0,4898.66,61054.254168,-0.006904534074751537,0.058358503186107115,89.83770178788394,4449.611428571429,4143.849047619047
2019-04-05,4898.64,5028.22,4880.62,5004.95,39768.552806,0.021465724378039223,0.058290672695208434,90.64925730713934,4578.425714285714,4195.334285714285
2019-04-06,5004.96,5205.0,4928.59,5043.89,41770.842313,0.007750187068761612,0.05780848523784739,90.79524550728729,4712.271428571429,4244.7585714285715
2019-04-07,5042.07,5234.0,5026.0,5170.27,37615.486804,0.0247473017520111,0.05638246211844417,92.54230433118344,4864.602857142857,4301.38380952381
2019-04-08,5170.27,5305.0,5039.0,5236.9,50178.430782,0.01280480868531322,0.05619079705596289,96.61692398113497,5020.651428571428,4360.864285714286
2019-04-09,5238.38,5238.4,5076.68,5150.0,34067.012311,-0.016733005537734536,0.015124237333412146,90.87537849147752,5062.467142857143,4414.886666666667
2019-04-10,5150.0,5422.0,5135.0,5308.25,40073.620471,0.03026549940412126,0.017182035922076115,91.283151326053,5116.131428571428,4475.134761904762
2019-04-11,5307.86,5332.67,4927.0,5017.37,54696.600686,-0.056356322044451276,0.030516007459392078,77.2000615709385,5133.089999999999,4524.5028571428575
2019-04-12,5017.37,5080.58,4861.22,5048.01,33276.678614,0.006088214184202376,0.029538305002220436,76.624357471368,5139.2414285714285,4575.030476190476
2019-04-13,5047.0,5099.0,5004.0,5045.22,17292.456802,-0.0005528458325156903,0.029398931648926464,76.45476538225125,5139.431428571429,4624.516666666666
2019-04-14,5047.45,5152.99,5000.0,5131.3,18281.607739,0.016917777998497762,0.02843530024549938,77.6709384443834,5133.864285714286,4678.760476190476
2019-04-15,5131.28,5167.38,4950.0,5024.95,29057.191581,-0.0209435347386204,0.028549390036532788,72.90165495210991,5103.585714285714,4730.609523809524
2019-04-16,5024.95,5197.72,5003.94,5173.72,24242.229493,0.02917646191506107,0.030828827553629964,61.64930235982771,5106.9742857142855,4788.950952380952
2019-04-17,5173.72,5230.4,5146.8,5202.82,23307.536134,0.005608820722074794,0.028176468527835966,60.29848926017955,5091.912857142857,4844.41619047619
2019-04-18,5202.41,5287.0,5198.8,5258.44,22619.239001,0.010633618530898828,0.015510218705040638,63.488849897272075,5126.351428571428,4903.017619047619
2019-04-19,5258.44,5320.0,5175.0,5258.68,24611.236323,4.563987099926502e-05,0.015716979447799265,60.33464486750247,5156.447142857143,4958.038095238096
2019-04-20,5258.68,5333.42,5230.1,5291.73,19168.908274,0.006265179857047562,0.015463939815089724,60.14340907602643,5191.662857142857,5014.455238095238
2019-04-21,5292.91,5314.35,5165.0,5256.14,25549.570939,-0.0067483074901227,0.015474058114107792,53.796567305396636,5209.497142857143,5069.321428571428
2019-04-22,5257.41,5400.0,5208.35,5357.14,29563.852309,0.01903333353473849,0.011954414089534708,55.15936357551107,5256.952857142857,5127.0633333333335
2019-04-23,5357.14,5600.0,5332.41,5493.31,41262.103917,0.02510073764380317,0.0108658549631829,64.13345079989793,5302.608571428572,5157.35
2019-04-24,5490.91,5582.2,5333.35,5415.0,48224.152413,-0.014358107778425548,0.0139528104536305,54.70434253783305,5332.92,5180.321428571428
2019-04-25,5415.0,5491.84,5102.0,5219.9,49636.089948,-0.03669463583002858,0.020904665137949714,59.74817339070666,5327.414285714286,5195.618571428572
2019-04-26,5220.47,5510.0,5161.62,5314.1,48912.294513,0.017885420753669168,0.022113140441613433,62.06899679780836,5335.331428571429,5210.340000000001
2019-04-27,5315.0,5342.5,5257.67,5295.69,15422.896935,-0.003470383198314882,0.022069428028316677,61.201799658315316,5335.897142857143,5222.330476190476
2019-04-28,5295.69,5340.0,5259.48,5307.52,14371.433869,0.0022314006623675086,0.021864578918785054,58.4417575258206,5343.237142857143,5228.86619047619
2019-04-29,5309.81,5332.0,5178.8,5238.14,19918.135079,-0.013158209353620746,0.020899199708798267,60.58782045551616,5326.237142857143,5228.925238095238
2019-04-30,5238.14,5339.98,5192.15,5320.81,22238.06823,0.015659073915910798,0.018984577777462652,57.81836350686212,5301.594285714286,5237.059047619047
2019-05-01,5321.94,5402.0,5316.2,5383.2,17217.473216,0.011657445489033837,0.019290293596573877,59.260133886401896,5297.051428571429,5240.628095238096
2019-05-02,5383.2,5538.0,5370.0,5492.87,22795.787835,0.02016789470383966,0.012427946739019312,61.402126438458765,5336.047142857143,5263.270952380953
2019-05-03,5494.81,5844.0,5477.57,5772.69,46297.172849,0.04968728879070665,0.020281484358991297,69.65486123326114,5401.5599999999995,5297.779523809524
2019-05-04,5770.62,5900.0,5587.45,5829.45,39682.408991,0.009784479902979898,0.019205683633279916,70.19529782918949,5477.811428571428,5335.1238095238095
2019-05-05,5829.83,5839.9,5696.0,5775.62,23822.543775,-0.009277046336878819,0.020780882108997277,69.24655808645903,5544.682857142857,5365.805714285714
2019-05-06,5773.18,5805.0,5619.14,5747.79,25256.596325,-0.004830176850003307,0.01927970517879205,65.30316444291228,5617.49,5400.226666666667
2019-05-07,5749.92,6028.41,5747.74,5846.34,39905.064422,0.017000391320493122,0.019314109889990345,64.24944500504537,5692.565714285714,5432.256190476191
2019-05-08,5846.34,6014.72,5772.2,5987.29,23074.186907,0.02382306462995708,0.019669405517640643,71.98764398066679,5778.864285714286,5469.611904761904
2019-05-09,5986.66,6224.55,5983.71,6209.18,27453.011436,0.03638995308503484,0.021245619286948073,87.2419400984806,5881.194285714286,5514.8852380952385
2019-05-10,6209.95,6468.92,6172.0,6373.33,36623.61079,0.02609325380435614,0.016668735654495375,87.88024003490372,5967.0,5567.96380952381
2019-05-11,6375.16,7343.99,6372.85,7076.22,74022.424393,0.10461777088363806,0.03774799339470236,92.74756195351026,6145.11,5652.939523809524
2019-05-12,7076.24,7521.78,6750.0,6967.31,86948.975339,-0.015510656289321858,0.03882358886660919,88.07399217319895,6315.351428571429,5734.42380952381
2019-05-13,6968.24,8100.0,6870.0,7790.71,85804.735333,0.11170278768303202,0.047103073756757964,93.50412958336032,6607.197142857143,5850.308095238095
2019-05-14,7795.62,8366.0,7599.56,7947.56,76583.722603,0.019932965098399983,0.046840982625225104,93.66432948013392,6907.371428571429,5967.177142857143
2019-05-15,7945.26,8249.0,7850.0,8169.87,37884.327211,0.027588033554406362,0.046593468228178184,93.98417203051952,7219.168571428571,6098.361428571428
2019-05-16,8169.08,8320.0,7705.0,7866.59,69630.513996,-0.03782831931935867,0.05617893299159459,85.30829232883723,7455.941428571428,6224.394285714286
2019-05-17,7868.67,7925.0,6913.0,7355.26,88752.008159,-0.0672089740226804,0.068112808202707,72.02339038055294,7596.217142857144,6321.592380952381
2019-05-18,7355.28,7458.0,7156.61,7257.45,37054.944779,-0.013387176062389585,0.057608449702498336,69.64787918480565,7622.107142857143,6415.009523809525
2019-05-19,7257.32,8275.09,7243.08,8148.48,65577.442058,0.11580287932324414,0.07032072094065231,76.53505338635439,7790.845714285714,6550.293333333333
2019-05-20,8147.94,8156.03,7553.0,7938.15,65859.208564,-0.026151156161620965,0.05962332189554381,73.53363359749704,7811.908571428571,6678.865238095237
2019-05-21,7937.16,8042.32,7771.0,7904.87,52301.752247,-0.004201225391388315,0.05915521967102854,72.43184458232808,7805.8099999999995,6801.915714285713
2019-05-22,7904.48,8016.0,7465.0,7628.43,49136.994589,-0.03559696782527974,0.05892724061907476,67.37060479688394,7728.461428571428,6908.83142857143
2019-05-23,7627.8,7940.98,7461.0,7851.51,49648.184701,0.028823812570901875,0.059027582690742576,67.3788224139646,7726.307142857143,7021.14761904762
2019-05-24,7849.95,8130.0,7766.0,7964.87,46664.785325,0.014334751838624633,0.051135058895476974,67.02436728494106,7813.394285714286,7125.5371428571425
2019-05-25,7964.52,8091.8,7908.34,8025.41,28414.328817,0.007572136231027321,0.050045489770145744,61.77085529334441,7923.102857142857,7230.106666666667
2019-05-26,8023.0,8740.0,7833.42,8614.43,49652.144567,0.07082594606926845,0.035676527668212527,68.25241685615883,7989.667142857143,7365.288095238095
2019-05-27,8612.54,8908.32,8589.0,8756.32,51886.768793,0.016337021238058805,0.03237016951480741,62.60406469044916,8106.5485714285705,7508.551428571428
2019-05-28,8752.52,8798.49,8510.63,8715.64,31470.551534,-0.00465661248181304,0.032413306493331226,60.33927600299376,8222.372857142856,7645.184761904762
2019-05-29,8716.87,8750.0,8406.6,8645.68,33880.865922,-0.008059338653423379,0.02653610750566664,56.678916235966575,8367.694285714286,7771.774761904761
2019-05-30,8646.5,9074.26,8005.0,8269.54,70379.998521,-0.044480889469952975,0.03470547599460853,55.542808723235105,8427.412857142857,7869.887142857143
2019-05-31,8267.1,8594.0,8108.5,8555.0,44727.49162,0.033937022588327315,0.03611934274465754,67.59655267496231,8511.717142857142,7973.776190476191
2019-06-01,8555.0,8626.0,8442.36,8544.07,31868.234157,-0.0012784322759841723,0.03638106254697505,69.36432540470904,8585.81142857143,8043.673809523811
2019-06-02,8545.1,8814.78,8524.0,8725.98,27835.133265,0.02106730762970185,0.025513473941803293,61.0504320671101,8601.747142857143,8127.42
2019-06-03,8726.0,8800.95,8080.8,8115.82,45692.965104,-0.07248953939326212,0.03672606294016779,52.948537099424136,8510.247142857143,8142.901428571428
2019-06-04,8115.66,8115.66,7481.02,7687.03,74143.948941,-0.05428075025237477,0.039976559833118756,46.804328181295396,8363.302857142857,8130.495238095238
2019-06-05,7687.04,7896.7,7572.78,7776.5,48679.656455,0.011571872450240297,0.041446845787315,52.29823150875864,8239.134285714286,8111.763333333333
2019-06-06,7778.08,7868.13,7444.58,7786.7,36624.118747,0.0013107846021940175,0.03961667337228684,48.922888738943854,8170.157142857142,8107.959047619048
2019-06-07,7787.57,8100.0,7737.49,7980.53,33942.225658,0.024587675191698313,0.0380712563912087,50.2534817318338,8088.089999999999,8137.73380952381
2019-06-08,7978.94,8044.65,7751.0,7893.62,22657.329634,-0.010949987040574167,0.03787996046386309,47.88482834994463,7995.168571428571,8168.02761904762
2019-06-09,7895.28,7935.0,7506.66,7628.13,31568.465157,-0.03421210818775285,0.03570438936787417,32.33589558066062,7838.3328571428565,8143.249047619048
2019-06-10,7627.57,8020.0,7511.0,7982.75,36756.078468,0.04544023355758164,0.03416313855251891,37.12669118503603,7819.322857142856,8145.372857142858
2019-06-11,7981.0,8010.0,7692.23,7884.9,30334.999427,-0.012333425599224334,0.02631604075173061,36.43344264008466,7847.589999999999,8144.421904761905
2019-06-12,7884.9,8200.0,7788.99,8127.64,41597.082622,0.030321060490252613,0.02814929687424934,41.99196166331736,7897.752857142857,8168.193809523808
2019-06-13,8127.64,8309.82,8010.03,8218.54,30467.764341,0.011121979204145576,0.028103159014521203,49.13537633168998,7959.444285714286,8185.671428571429
2019-06-14,8216.44,8684.41,8144.32,8650.0,39835.246255,0.05116674322298913,0.03225263734485517,51.53460452433721,8055.082857142857,8218.296666666667
2019-06-15,8650.88,8864.99,8567.63,8808.7,31791.636039,0.018180548524939135,0.030714662798831203,54.079980758734905,8185.808571428572,8255.596190476192
2019-06-16,8810.77,9333.0,8760.0,8953.33,63289.251219,0.01628566065736619,0.021634385586732238,53.5459720814162,8375.122857142856,8271.734285714287
2019-06-17,8953.0,9444.0,8950.0,9313.96,47895.485374,0.03948881981460599,0.020696809180054433,70.26472995920466,8565.295714285714,8298.288571428571
2019-06-18,9312.13,9336.36,8950.0,9081.55,51554.569401,-0.025269467050096903,0.02450413294594204,75.26450808742536,8736.245714285715,8315.712857142857
2019-06-19,9081.97,9304.0,8960.0,9255.49,32147.706495,0.01897200608775837,0.024093732901731345,75.99909995745892,8897.367142857143,8344.751428571428
2019-06-20,9253.76,9590.0,9175.2,9517.12,34556.053982,0.027875393047798448,0.024063380353923934,77.9484065199274,9082.878571428571,8404.16
2019-06-21,9518.06,10174.99,9518.06,10159.86,50484.415892,0.06535238050167885,0.02739783611259325,80.74111689447477,9298.572857142857,8480.581904761904
2019-06-22,10159.86,11160.0,9921.72,10729.5,104169.447976,0.05455229470657293,0.029688308524456544,85.20750463080216,9572.972857142857,8584.650000000001
2019-06-23,10729.0,11392.64,10555.18,10906.07,57445.323945,0.01632255773409784,0.029685848040122115,91.61448891190973,9851.935714285715,8688.46380952381
2019-06-24,10905.95,11143.63,10620.8,11056.59,43101.045285,0.013707115321817509,0.029648963318866985,91.15618204993626,10100.882857142858,8828.500476190477
2019-06-25,11056.59,11850.0,11026.0,11820.86,61276.686648,0.06683913707811309,0.023726379044378437,94.71889074209572,10492.212857142858,9025.349523809524
2019-06-26,11821.28,13970.0,11741.0,13093.8,155930.147386,0.10227306836243236,0.03217643425694777,95.72066183267108,11040.542857142858,9278.554285714285
2019-06-27,13098.38,13478.04,10525.1,11329.99,173894.820889,-0.1446856433038797,0.08084891224202934,71.89962119345878,11299.524285714288,9447.282380952382
2019-06-28,11329.99,12480.0,10982.88,12400.63,95795.203964,0.09029408534500767,0.08343656982862938,74.21926961786474,11619.634285714286,9657.763333333332
2019-06-29,12407.06,12441.54,11475.02,11903.13,69642.074157,-0.04094588702949855,0.08622233599629421,69.14426982864114,11787.295714285716,9848.69238095238
2019-06-30,11903.13,12180.0,10766.03,10854.1,84512.530443,-0.09225850195043675,0.09520769435843013,60.57596755939896,11779.871428571427,10002.31
2019-07-01,10854.1,11282.28,10030.0,10624.93,90962.268271,-0.021339762238580806,0.0952463748258334,57.402586842631294,11718.205714285714,10128.128095238095
2019-07-02,10624.9,10938.75,9727.0,10842.85,109561.038728,0.02030275003104169,0.09086353204530909,59.961743466299865,11578.49,10268.982857142857
2019-07-03,10844.98,11991.89,10841.04,11940.0,96815.90029,0.09638823137993037,0.08964545728948982,63.747640453811286,11413.66142857143,10450.52380952381
2019-07-04,11940.0,12000.0,11055.0,11145.67,66512.221892,-0.06884302628932176,0.07438685645030381,57.90847718048256,11387.330000000002,10589.910952380953
2019-07-05,11145.67,11406.83,10796.44,10970.73,63534.350582,-0.015820264478960993,0.0621715261521699,54.12512476560345,11183.058571428572,10700.421904761904
2019-07-06,10982.41,11665.0,10964.51,11256.49,51469.496331,0.025714034006718397,0.06308071080093106,52.76068541733241,11090.681428571426,10816.983333333334
2019-07-07,11256.45,11538.0,11094.37,11406.24,38884.795599,0.013215722867160122,0.05104260650594333,52.6275698091877,11169.558571428572,10933.788571428571
2019-07-08,11410.0,12338.03,11220.0,12238.6,52182.367215,0.0704343173873746,0.05421169688368119,55.794410940853396,11400.082857142857,11073.057142857144
2019-07-09,12238.6,12794.73,12068.0,12543.41,78442.130343,0.024600536605696152,0.054237401058023875,53.70914702195354,11643.020000000002,11237.907619047619
2019-07-10,12548.51,13147.08,11569.0,12108.37,109246.044997,-0.03529847906198966,0.045843321284858095,44.465250763574446,11667.072857142859,11373.759047619047
2019-07-11,12108.11,12111.73,11000.0,11342.89,87506.461058,-0.06530583308211108,0.04494294748076727,50.08160548996189,11695.247142857143,11460.700476190475
2019-07-12,11342.88,11885.0,11073.0,11757.22,56321.858281,0.03587640404803792,0.04567125259530318,45.561201892496385,11807.602857142858,11536.765238095237
2019-07-13,11757.22,11799.98,10830.0,11355.76,54245.594548,-0.03474241578184946,0.047844901879625,46.17305667458572,11821.784285714286,11566.587142857143
2019-07-14,11355.78,11452.0,10103.0,10174.18,72517.579236,-0.10987196578466428,0.06295026616704365,45.332835443872106,11645.775714285715,11531.735238095238
2019-07-15,10174.18,11100.0,9860.0,10838.72,81922.426332,0.06327176945801062,0.06134259989260804,51.38474891345886,11445.792857142855,11521.360476190475
2019-07-16,10833.78,11028.0,9350.01,9439.59,97219.443413,-0.13821236084774272,0.07261491780215733,42.11710142843339,11002.39,11407.966666666665
2019-07-17,9430.17,9957.0,9060.0,9667.92,84942.672717,0.02390064107545857,0.0766708747149465,35.85579394011832,10653.754285714285,11244.829523809525
2019-07-18,9668.86,10788.0,9252.0,10627.16,80283.310252,0.09459980018040591,0.08811493723189497,46.83710007014975,10551.507142857143,11211.361428571428
2019-07-19,10628.64,10769.71,10121.84,10504.29,56546.932133,-0.011629243117208204,0.08585502544787825,47.136535750944184,10372.517142857143,11121.059523809523
2019-07-20,10505.78,11068.99,10350.0,10740.23,47331.899848,0.022212758971963197,0.08649004088899082,46.81118635776282,10284.584285714285,11065.683333333334
2019-07-21,10740.27,10817.9,10288.0,10589.45,38834.287935,-0.014138281645307917,0.07441577315772036,44.95552681669341,10343.908571428572,11053.080952380953
2019-07-22,10590.15,10683.16,10100.0,10340.31,40467.954839,-0.023808373187613342,0.07035838609656288,37.36607624186872,10272.707142857142,11039.52761904762
2019-07-23,10343.08,10343.97,9822.0,9864.91,47624.37071,-0.0470658330182464,0.04628437541454138,32.56924794943811,10333.467142857144,10992.959047619048
2019-07-24,9864.78,9937.0,9525.0,9763.28,43475.380377,-0.010355606728880685,0.04592233728040662,34.046681224786894,10347.09,10889.305714285714
2019-07-25,9763.4,10175.0,9720.03,9879.87,37873.354728,0.011870944237088597,0.022727518935617898,39.08350445309329,10240.334285714285,10829.029523809524
2019-07-26,9882.15,9889.98,9637.0,9824.0,27167.463217,-0.0056709823736872155,0.02278601605042346,34.75979503350413,10143.15,10774.423333333334
2019-07-27,9824.0,10188.66,9333.0,9476.52,43809.778301,-0.03601121113896745,0.019665939109170933,35.05816948980045,9962.619999999999,10689.662857142856
2019-07-28,9478.92,9594.99,9165.0,9541.54,29401.022937,0.006837737743189617,0.021812537683949997,43.883943417969206,9812.918571428572,10600.86761904762
2019-07-29,9541.54,9729.0,9395.0,9507.64,29021.937411,-0.0035592120802121494,0.021774757333449253,35.34478962063892,9693.965714285716,10470.821904761906
2019-07-30,9509.07,9714.28,9402.0,9574.21,32536.368834,0.006977339206647077,0.016111184313100962,52.09769505977385,9652.437142857143,10329.431428571428
2019-07-31,9575.0,10109.8,9555.0,10080.53,39515.35456,0.05153281549061189,0.026100907474794044,55.916827991682815,9697.75857142857,10232.86761904762
2019-08-01,10080.53,10467.86,9863.46,10374.99,41727.637028,0.028792261634820068,0.02762883378643311,45.532021956292944,9768.49,10186.777142857143
2019-08-02,10375.0,10670.0,10281.35,10523.75,42990.444221,0.01423650540886091,0.027128977188846774,50.34166005351385,9868.454285714284,10128.040476190476
2019-08-03,10523.75,10904.77,10497.93,10816.86,33802.318824,0.02747142030429288,0.018484403856746757,51.31891925384593,10059.931428571426,10102.378571428571
2019-08-04,10816.86,11040.0,10552.0,10929.23,39924.745141,0.010334823425408195,0.018148311357463177,55.9264918266111,10258.172857142858,10138.333333333334
2019-08-05,10929.99,11937.52,10927.8,11828.8,65153.673713,0.07909638442126078,0.02593915742817402,71.1610582732688,10589.767142857143,10185.480000000001
2019-08-06,11830.0,12330.7,11226.7,11481.69,76705.389875,-0.02978364322042723,0.03409958539473027,73.8550384211334,10862.264285714284,10282.722857142859
2019-08-07,11481.69,12141.17,11382.84,11975.03,69173.390353,0.04207005591277644,0.03308916430956585,79.25231518832314,11132.907142857144,10392.585238095238
2019-08-08,11975.04,12060.0,11521.0,11999.77,51207.257174,0.002063834424603167,0.034053237877905713,78.735678925994,11365.018571428573,10457.947619047618
2019-08-09,11994.17,12045.68,11700.0,11879.99,39427.152588,-0.010032010754347969,0.03601010783682652,77.39471769712699,11558.767142857145,10523.457142857142
2019-08-10,11879.98,11985.0,11270.0,11309.31,42633.087048,-0.049229191873894615,0.04333063809608861,73.04972923211585,11629.117142857143,10550.55619047619
2019-08-11,11309.24,11600.0,11112.11,11549.97,26772.90691,0.021056559252423654,0.0436826277734894,74.18996620392784,11717.794285714286,10596.295238095237
2019-08-12,11539.08,11577.89,11235.32,11396.08,17568.227075,-0.013413402943790082,0.030578462913783414,72.1058398261912,11655.977142857144,10646.57
2019-08-13,11398.35,11456.16,10788.45,10892.71,33234.72968,-0.0451756784737919,0.0330814459946956,64.00228539386936,11571.837142857143,10695.512857142856
2019-08-14,10893.36,10897.48,9928.1,10050.37,54451.847499,-0.08048430839645633,0.03484384541987233,49.70104159645374,11296.885714285714,10709.183809523809
2019-08-15,10055.16,10460.0,9911.0,10293.93,38174.45112,0.023944951381933473,0.03847219779527178,49.18830908741349,11053.194285714286,10728.900952380953
2019-08-16,10296.77,10536.03,9750.0,10331.54,51758.142918,0.0036469512389489824,0.03950918941473717,48.031494450168275,10831.987142857144,10753.069523809523
2019-08-17,10331.15,10465.14,10000.0,10216.02,29000.581201,-0.01124427592696326,0.03736820747349918,43.61425346580111,10675.802857142857,10788.283809523811
2019-08-18,10216.05,10500.0,10080.0,10306.78,24085.395172,0.008844854667958873,0.03567706283350667,43.354053979025956,10498.204285714284,10824.72380952381
2019-08-19,10306.17,10930.0,10258.6,10915.54,37243.319217,0.05738553087049292,0.0453465180362161,39.60342613589794,10429.555714285714,10891.766666666666
2019-08-20,10914.73,10949.96,10560.0,10760.51,32298.921679,-0.014304510600248031,0.04231915972105861,41.41460557518499,10410.67,10948.257142857143
2019-08-21,10760.51,10804.13,9858.0,10142.57,47355.719282,-0.059141533653800774,0.03599734263856445,28.8137278478671,10423.841428571428,10951.211428571429
2019-08-22,10140.82,10242.0,9762.0,10099.88,34059.642738,-0.004217875137602572,0.034591559704059305,28.124920842170212,10396.119999999999,10938.110952380954
2019-08-23,10099.9,10445.0,10019.79,10389.55,27550.336173,0.02827695070883776,0.03654449835798064,33.48535616778358,10404.407142857144,10931.720476190476
2019-08-24,10388.16,10419.42,9890.0,10134.35,27692.456844,-0.024869849638528244,0.03763941438657501,36.00238265427688,10392.74,10899.22
2019-08-25,10134.61,10333.0,9906.97,10142.69,26271.657398,0.0008226053181620605,0.037405898327927456,32.252287700394504,10369.298571428571,10861.765714285715
2019-08-26,10142.69,10604.0,10137.93,10372.25,41687.511599,0.022380721764139175,0.029629512215131437,37.329934287871104,10291.685714285715,10792.406190476191
2019-08-27,10373.6,10391.08,10051.08,10185.05,28402.775383,-0.01821301189423777,0.029819870950904593,40.499116584053404,10209.477142857142,10730.661428571428
2019-08-28,10185.69,10299.0,9601.01,9721.0,42110.555375,-0.046632465007954045,0.026414312477370912,45.07799120712276,10149.252857142856,10623.326666666666
2019-08-29,9721.0,9724.0,9320.0,9498.44,35532.69491,-0.023160919242777127,0.027153583373410048,38.03734860401397,10063.332857142857,10504.215714285714
2019-08-30,9499.01,9696.0,9350.41,9584.54,26834.318104,0.009023809096191356,0.02350552422954603,38.92801878234886,9948.331428571428,10394.908571428572
2019-08-31,9582.76,9684.51,9420.75,9587.47,17130.290074,0.00030565392181722907,0.02304418739140245,40.36199816608857,9870.205714285714,10312.916190476191
2019-09-01,9588.74,9830.0,9520.0,9724.98,19545.404843,0.014240795332961893,0.02441066316663068,41.20494385555426,9810.532857142856,10226.011904761905
2019-09-02,9723.59,10450.0,9712.5,10340.0,44740.248093,0.06132203613315776,0.03436582197889536,41.316011829319805,9805.925714285713,10175.72238095238
2019-09-03,10340.0,10773.0,10272.0,10615.28,47998.376781,0.026274603494359547,0.03464473613168511,47.88544138844805,9867.387142857144,10162.51142857143
2019-09-04,10611.85,10799.0,10369.89,10567.02,43943.889026,-0.0045566424327666815,0.026762640289085357,57.40913359656749,9988.247142857143,10187.11380952381
2019-09-05,10565.92,10900.0,10450.0,10564.49,33970.960639,-0.00023945283721694762,0.022874649413493976,58.22548606512973,10140.539999999999,10199.997619047619
2019-09-06,10563.13,10905.87,10150.0,10298.73,58799.640959,-0.025477790642132393,0.027645661303561594,48.37838802985395,10242.567142857142,10198.435238095239
2019-09-07,10298.71,10558.0,10288.57,10455.88,27637.877392,0.015143912929420363,0.02732153338297295,55.94930150800256,10366.625714285712,10209.857142857143
2019-09-08,10455.9,10592.5,10208.0,10381.18,23984.672018,-0.007169948161160914,0.028261684343443026,54.30703493810973,10460.368571428571,10213.4
2019-09-09,10381.24,10480.0,10068.5,10303.12,39835.727608,-0.007547789442602249,0.016813607797534408,48.679268353259914,10455.1,10184.237142857142
2019-09-10,10302.58,10384.99,9953.0,10098.15,28915.412225,-0.02009452323516673,0.013261003520121736,48.350968545057086,10381.224285714286,10152.69619047619
2019-09-11,10098.19,10293.0,9880.0,10158.33,31953.824562,0.005941819808336756,0.014164079510851767,59.80116628791444,10322.84,10153.446666666667
2019-09-12,10158.75,10448.81,10040.0,10415.01,34511.162755,0.02495397630474524,0.018346747641933076,70.23217210491228,10301.485714285713,10168.452857142856
2019-09-13,10415.01,10439.0,10153.0,10342.06,30280.339776,-0.0070289593231316495,0.015526318962770652,66.81897707794914,10307.675714285715,10166.19142857143
2019-09-14,10344.13,10419.99,10222.33,10335.02,23621.533519,-0.0006809472393616028,0.014146453631196057,66.56737984743518,10290.41,10175.747142857143
2019-09-15,10332.81,10360.0,10252.15,10302.01,18047.654013,-0.0031991064753794244,0.013967205270911453,63.40938561714825,10279.1,10183.33380952381
2019-09-16,10303.34,10355.0,10078.0,10251.31,28971.401657,-0.004933519532107947,0.013799814379436821,47.20620940356712,10271.698571428571,10177.574761904762
2019-09-17,10249.68,10275.0,10128.01,10187.82,22914.324563,-0.006212613179508927,0.011327556917081942,34.46142437549072,10284.50857142857,10177.706666666667
2019-09-18,10187.48,10258.02,10100.0,10156.99,24250.249303,-0.0030307507024099067,0.011216983515689677,34.90372224881263,10284.317142857142,10198.468095238097
2019-09-19,10156.41,10325.0,9653.0,10244.29,44826.282579,0.0085583387765777,0.005267006583270466,38.90367474806287,10259.92857142857,10233.984761904761
2019-09-20,10243.7,10281.0,10061.39,10168.59,25088.491069,-0.0074169198099936174,0.005326022081102369,44.80586864203841,10235.147142857142,10261.796666666667
2019-09-21,10167.92,10176.7,9900.0,9986.39,20544.175196,-0.01808039138843281,0.007845334725836607,31.62911543969767,10185.342857142856,10280.792857142857
2019-09-22,9985.15,10089.0,9853.97,10028.87,22049.275256,0.004244767620694032,0.008584339670478688,35.85770598672124,10146.322857142859,10295.263809523809
2019-09-23,10028.05,10049.99,9615.77,9702.25,31937.232356,-0.03311011623909535,0.014049577456456828,29.892581066158073,10067.885714285716,10264.894761904761
2019-09-24,9702.2,9794.99,7800.0,8493.14,94007.345203,-0.13309903854851077,0.04927037551675301,17.877828434649388,9825.78857142857,10163.840476190477
2019-09-25,8497.55,8730.0,8215.64,8430.05,60783.892258,-0.007456075631162052,0.048954052957249826,15.450983527906672,9579.082857142857,10062.08
2019-09-26,8430.05,8465.99,7750.0,8063.73,67930.853749,-0.04442647456866036,0.046649760315235426,4.970813990899572,9267.574285714285,9942.996190476191
2019-09-27,8063.49,8265.0,7852.15,8177.91,43882.924625,0.014060388120547544,0.04933337949865639,9.19885221732467,8983.191428571428,9842.004761904762
2019-09-28,8177.47,8315.0,8001.09,8198.81,34473.605165,0.002552405041615032,0.05083607026708422,9.934994542242364,8727.822857142857,9734.525238095239
2019-09-29,8199.38,8229.13,7890.0,8043.82,31544.211388,-0.019084927054642216,0.04909108856836972,9.500306681349173,8444.244285714285,9623.22238095238
2019-09-30,8043.04,8337.26,7710.0,8289.34,55865.48726,0.0300662572519427,0.05428074331461965,17.111169968451776,8242.4,9527.328095238096
2019-10-01,8289.97,8500.0,8173.05,8292.44,43479.58742,0.0003739043740921602,0.023875257192045057,17.570850756585557,8213.728571428572,9441.341904761905
2019-10-02,8292.67,8373.91,8151.22,8359.94,26243.386644,0.008106993678191309,0.024159313320591996,19.634269569889995,8203.712857142858,9355.704285714284
2019-10-03,8360.0,8393.0,8060.0,8223.96,30488.284058,-0.016399405149611242,0.017087631607681175,16.41392563728313,8226.602857142858,9251.368571428573
2019-10-04,8224.43,8232.41,8005.0,8137.13,26476.330404,-0.010614306896772275,0.016924469838215463,16.353409610377597,8220.777142857141,9146.371904761905
2019-10-05,8137.09,8183.41,8012.98,8126.19,21907.615564,-0.0013453589611603217,0.016863094419472584,17.336948124007975,8210.402857142857,9041.189523809522
2019-10-06,8127.55,8153.87,7785.0,7854.25,34676.104049,-0.03403739246640971,0.02012687014103224,14.663538098549907,8183.321428571428,8924.629523809523
2019-10-07,7855.3,8299.92,7762.0,8190.09,52202.072297,0.04187010025217943,0.023594487062530742,25.501581212089803,8169.142857142857,8826.47619047619
2019-10-08,8190.82,8325.0,8088.75,8168.39,35452.657423,-0.0026530597865280273,0.023577430686555996,41.44868155653747,8151.421428571428,8730.312857142857
2019-10-09,8170.79,8670.0,8115.0,8560.74,55038.704378,0.04691480798625655,0.030062767926067102,52.932780991791184,8180.107142857143,8654.30095238095
2019-10-10,8562.15,8644.0,8414.52,8558.03,39137.946167,-0.00031661153489856035,0.028889914237230585,63.25570668497386,8227.831428571428,8574.002857142857
2019-10-11,8557.82,8779.51,8212.38,8258.5,50405.284418,-0.035627050501410414,0.032556540207410035,51.96577277140055,8245.17,8483.046190476189
2019-10-12,8257.95,8400.0,8250.0,8300.09,21339.334098,0.005023385138249371,0.03253269964108975,52.445762417170585,8270.012857142856,8402.746190476191
2019-10-13,8301.98,8451.37,8160.0,8275.01,27840.739953,-0.003026228395646318,0.028506953435621162,55.95663219297027,8330.121428571429,8319.229047619048
2019-10-14,8275.24,8388.85,8203.0,8348.2,29810.663253,0.008805817040570997,0.02428006408019782,51.66432917863688,8352.708571428573,8254.750476190477
2019-10-15,8346.86,8403.0,8090.0,8159.29,32773.062476,-0.022888791375660317,0.026159893987553386,46.59304330916179,8351.408571428572,8238.852857142858
2019-10-16,8159.3,8181.16,7917.0,7991.74,34733.593966,-0.020748647101995987,0.016633045176900493,41.037611847293746,8270.122857142856,8217.980952380953
2019-10-17,7995.02,8124.92,7929.03,8070.58,29656.949158,0.00981684254235939,0.017984628506962592,46.15973960941414,8200.487142857142,8218.307142857142
2019-10-18,8070.71,8115.0,7816.01,7947.01,31353.181416,-0.015429593533155048,0.01408078466705018,45.32585286221445,8155.988571428571,8207.311904761904
2019-10-19,7946.89,8098.1,7866.92,7948.01,26627.889388,0.0001258255732071609,0.01358409938521998,45.59788516651845,8105.691428571429,8195.369047619048
2019-10-20,7949.87,8297.0,7870.0,8223.35,34286.452654,0.03405608575730634,0.020496416243465047,59.10368981846883,8098.311428571428,8203.918095238096
2019-10-21,8223.35,8333.0,8142.03,8197.27,30448.679539,-0.0031764966157445487,0.020046677638780742,50.20903204769891,8076.75,8199.53380952381
2019-10-22,8197.28,8297.99,8000.0,8020.0,34651.828663,-0.021862750130075582,0.019876690388316128,46.03872910448956,8056.851428571429,8186.560476190477
2019-10-23,8020.06,8047.59,7300.0,7466.62,63897.457098,-0.07149600170507005,0.03274678371939749,23.104757035259908,7981.834285714285,8144.021428571429
2019-10-24,7468.47,7503.68,7337.99,7412.41,32714.383265,-0.0072867975758336145,0.03166731718699569,22.534211762900753,7887.81,8105.3761904761905
2019-10-25,7412.41,8799.0,7361.0,8655.02,90748.218174,0.1549838768309872,0.07046532572743976,56.54621576823767,7988.954285714286,8130.037619047618
2019-10-26,8655.88,10370.0,8470.38,9230.0,162588.585413,0.06431954908625395,0.07277267770942576,63.0531638035828,8172.095714285714,8182.6
2019-10-27,9230.0,9794.98,9074.34,9529.93,93833.541604,0.031978323898770325,0.07271649007792218,66.35347654071298,8358.75,8262.394285714287
2019-10-28,9528.23,9902.1,9160.0,9205.14,80174.217323,-0.03467534871867234,0.07539204926700348,60.47998512887491,8502.731428571427,8310.73
2019-10-29,9204.45,9550.0,9072.0,9407.62,64158.462446,0.02175797548920506,0.07346444115221884,65.21600280836562,8700.962857142857,8369.740952380953
2019-10-30,9407.62,9409.84,9001.01,9154.72,55241.786434,-0.027250405905421708,0.06546757114978366,63.88672630618667,8942.119999999999,8398.025714285715
2019-10-31,9154.02,9405.0,8913.0,9140.85,54376.024902,-0.0015162143247956757,0.06496717634054092,62.98112026702826,9189.039999999999,8425.779047619048
2019-11-01,9140.86,9279.0,9030.0,9231.61,43594.814115,0.009880085552161256,0.034360093858566705,65.7056924882629,9271.41,8472.11761904762
2019-11-02,9231.4,9373.74,9186.21,9289.52,28923.060828,0.0062534185241681015,0.02440664161834971,66.17637483088185,9279.912857142857,8519.233333333334
2019-11-03,9289.85,9362.57,9066.14,9194.71,27894.378279,-0.010258564351078504,0.02032833926357569,62.24615353582214,9232.024285714286,8563.028571428571
2019-11-04,9196.46,9513.68,9115.84,9393.35,45894.456277,0.0213736734297728,0.017600019345791657,64.45050670043057,9258.91142857143,8612.797619047618
2019-11-05,9392.4,9454.95,9175.76,9308.66,45935.873665,-0.00905684243570516,0.015862576325510025,65.9252686630614,9244.774285714286,8667.529523809524
2019-11-06,9307.73,9440.91,9250.01,9339.05,37336.170372,0.003259384332363361,0.011082798869220397,76.57459473115009,9271.107142857143,8731.687142857143
2019-11-07,9339.16,9375.0,9101.0,9216.2,39117.470853,-0.013241728898575776,0.012630379688340153,75.111161846637,9281.871428571429,8786.240476190476
2019-11-08,9214.0,9261.0,8696.0,8773.73,62107.289243,-0.04920077557405485,0.022061227566189306,52.126299046738794,9216.460000000001,8825.608095238094
2019-11-09,8773.74,8880.0,8724.88,8809.41,29469.481405,0.004058438819635005,0.021851623182013596,40.66256099672762,9147.872857142856,8866.627142857142
2019-11-10,8809.18,9147.19,8750.0,9039.47,34422.029797,0.025780076014260956,0.02511707956414453,38.76277322091372,9125.695714285715,8905.49
2019-11-11,9040.16,9072.32,8618.68,8733.27,44888.053545,-0.034460674202544596,0.025162532682997788,39.09581228538024,9031.398571428572,8931.01380952381
2019-11-12,8733.36,8888.0,8567.6,8821.94,40366.629471,0.010101930316499606,0.02634813874842059,35.714425093907025,8961.867142857143,8969.201428571429
2019-11-13,8821.91,8844.99,8702.0,8777.12,26810.116918,-0.005093464866702945,0.025956805692474338,39.74926974405754,8881.59142857143,9031.606190476192
2019-11-14,8777.54,8800.0,8582.6,8646.68,33468.468961,-0.014972903375000525,0.026013639267735315,37.383258697195146,8800.23142857143,9090.380952380952
2019-11-15,8646.38,8790.0,8400.0,8471.73,46087.417751,-0.020440694136174855,0.020262241088034445,31.399014971261835,8757.08857142857,9081.652857142859
2019-11-16,8471.62,8543.0,8400.0,8491.02,20902.299752,0.0022743963467484214,0.02014010680980948,30.076947643665576,8711.604285714286,9046.463333333333
2019-11-17,8490.74,8635.0,8350.68,8502.4,27009.037082,0.0013393421337381934,0.015430129014797534,31.976069105923912,8634.880000000001,8997.533333333333
2019-11-18,8502.87,8503.52,8060.0,8187.17,43017.69094,-0.03778018177778056,0.016374114998608816,20.394969368520236,8556.865714285716,8949.058571428572
2019-11-19,8186.5,8218.63,8003.0,8133.64,43556.061025,-0.00655974696730991,0.014157452153409564,20.71177889888132,8458.537142857143,8888.392857142857
2019-11-20,8133.83,8264.29,8038.4,8098.01,32466.23098,-0.004390195356251671,0.014213743458233166,19.146778042959426,8361.521428571428,8838.073333333334
2019-11-21,8098.56,8134.73,7500.0,7627.74,58418.780261,-0.059826750274931104,0.023265865027815406,16.3264960018994,8215.958571428571,8766.020476190475
2019-11-22,7627.79,7750.0,6790.0,7268.23,126603.140259,-0.04827880660424949,0.025989883321720236,16.921684258632652,8044.03,8672.526190476192
2019-11-23,7268.23,7344.48,7080.01,7311.57,50449.894755,0.005945229379964158,0.026588821903652356,17.200392411050572,7875.5371428571425,8578.338095238096
2019-11-24,7311.1,7330.39,6861.0,6903.28,67890.206483,-0.05746136400961847,0.027493594838303173,6.608844021043666,7647.091428571429,8469.222380952382
2019-11-25,6900.23,7377.69,6515.0,7109.57,119645.735197,0.029445102813370486,0.03495547873192011,15.623465049711214,7493.148571428571,8360.470952380952
2019-11-26,7109.99,7340.0,7017.48,7156.14,65722.39769,0.006528965670785273,0.03613446624391357,14.09201824499688,7353.505714285714,8257.97
2019-11-27,7154.75,7655.0,6840.0,7508.52,92452.87349,0.04806764632518055,0.044066861819083904,25.855506071333423,7269.2928571428565,8170.801904761905
2019-11-28,7507.9,7643.0,7360.0,7419.49,56933.981109,-0.011928054119097921,0.03855937215950464,26.26958374747167,7239.5428571428565,8085.244285714286
2019-11-29,7418.52,7850.0,7362.3,7739.68,60745.300873,0.042250021414293196,0.03633267081582025,36.59705668032504,7306.892857142857,8036.003809523811
2019-11-30,7740.99,7810.0,7441.0,7541.89,46989.433619,-0.025887529338627372,0.0386911675486941,33.68872940747845,7339.795714285715,7975.645714285714
2019-12-01,7540.63,7541.85,7210.0,7390.89,60769.342313,-0.02022465301285665,0.03044453125352801,31.772847280300454,7409.454285714287,7897.141904761906
2019-12-02,7391.5,7420.56,7151.1,7294.28,46330.25604,-0.013157681360598326,0.03010762535817255,34.2269549149776,7435.841428571429,7828.618571428571
2019-12-03,7294.42,7400.0,7241.35,7292.71,33149.477487,-0.0002152603115601392,0.03010857807351772,34.867031135840975,7455.351428571428,7755.798095238094
2019-12-04,7292.71,7750.0,7067.0,7194.32,83153.701586,-0.01358339325753926,0.022741975940671535,34.0968524195507,7410.465714285715,7680.426666666666
2019-12-05,7194.59,7485.0,7150.0,7389.0,59306.678855,0.026700582009980097,0.025600921802698833,45.34735972311003,7406.110000000001,7620.5371428571425
2019-12-06,7389.0,7590.03,7305.0,7527.47,48189.087944,0.018566588172384903,0.01993365292916599,55.52844834939864,7375.794285714286,7575.572380952381
2019-12-07,7527.8,7619.62,7470.16,7488.21,31498.684173,-0.0052292123250598415,0.017532878792703658,53.77352041426692,7368.125714285714,7527.819523809523
2019-12-08,7487.31,7564.0,7374.86,7510.11,29856.897631,0.0029203291520898934,0.015354757108687613,65.52685849969038,7385.157142857142,7480.56761904762
2019-12-09,7510.11,7650.0,7273.0,7338.64,46621.887493,-0.023096573450634292,0.01735063565800191,55.96750915693662,7391.494285714286,7440.161428571428
2019-12-10,7338.64,7407.6,7157.1,7224.13,49723.76214,-0.015726727832204117,0.018466407812988094,51.710655428355764,7381.697142857142,7396.851428571429
2019-12-11,7224.15,7275.5,7125.66,7210.0,30093.091944,-0.0019578602262294424,0.0176892152878644,40.94845360824742,7383.937142857142,7354.565238095238
2019-12-12,7210.0,7295.0,7080.3,7198.08,42288.600932,-0.0016546275033925571,0.013354431184861746,42.95720438453074,7356.662857142857,7334.105238095239
2019-12-13,7197.76,7309.05,7190.76,7258.48,27609.873795,0.008356116731852428,0.010831199976721224,31.662983004344156,7318.235714285714,7333.640952380952
2019-12-14,7257.37,7271.77,7012.0,7064.05,29561.985967,-0.0271518991060132,0.013645440757004263,31.74427311765514,7257.641428571428,7321.854285714286
2019-12-15,7064.14,7200.3,7008.35,7118.59,26395.778137,0.007691130685450952,0.01439933580439934,38.76909624839145,7201.71,7332.107142857143
2019-12-16,7119.6,7150.0,6836.0,6891.72,43863.993059,-0.032388981078060576,0.01635622009229723,35.00752305331686,7137.864285714286,7321.7333333333345
2019-12-17,6891.44,6942.21,6560.0,6623.82,53865.069929,-0.039648448225997265,0.02007746147131402,29.21242859895453,7052.105714285715,7296.384761904761
2019-12-18,6623.84,7440.0,6435.0,7277.83,95636.651251,0.09416049805106408,0.04535721320249074,51.92909184149615,7061.795714285714,7285.399523809525
2019-12-19,7277.83,7380.0,7038.31,7150.3,55509.049075,-0.017678426984101332,0.045934081366323626,44.309458647620325,7054.97,7272.580952380951
2019-12-20,7151.31,7220.0,7079.5,7187.83,32132.069205,0.005235004245315183,0.045843736227773206,41.49368863955118,7044.877142857143,7246.302380952381
2019-12-21,7188.01,7190.58,7105.0,7132.75,19467.174028,-0.007692463798028944,0.04459469902038711,41.16746677798649,7054.691428571429,7226.819523809525
2019-12-22,7131.59,7518.54,7122.47,7501.44,39137.45515,0.050398147797677026,0.048363713080252606,49.81623647207939,7109.384285714285,7232.08380952381
2019-12-23,7500.71,7695.38,7265.84,7317.09,68051.997203,-0.024882294163375403,0.04740599559832273,49.54572092297703,7170.151428571429,7233.17
2019-12-24,7317.3,7436.68,7157.04,7255.77,43629.494188,-0.008415693543983837,0.043414638312771384,50.682278863156085,7260.43,7231.410952380953
2019-12-25,7255.77,7271.77,7128.86,7204.63,27492.044323,-0.007073139499326842,0.024713230804835534,49.886021624053896,7249.972857142858,7231.901904761905
2019-12-26,7205.01,7435.0,7157.12,7202.0,36259.761076,-0.0003651096792540607,0.023661687612696426,50.08353150757324,7257.358571428572,7222.9971428571425
2019-12-27,7202.0,7275.86,7076.42,7254.74,33642.701861,0.0072962831137449915,0.023735463248523138,49.920043099762275,7266.917142857143,7210.009999999999
2019-12-28,7254.77,7365.01,7238.67,7316.14,26848.982199,0.008427818145064376,0.023495701752136413,55.71443467695503,7293.115714285714,7201.816190476191
2019-12-29,7315.36,7528.45,7288.0,7388.24,31387.106085,0.009806680434861516,0.012433292039049769,56.06421114654408,7276.944285714286,7196.012857142857
2019-12-30,7388.43,7408.24,7220.0,7246.0,29605.911782,-0.01943995444746896,0.010845246759356863,58.282756492383086,7266.788571428571,7191.601428571429
2019-12-31,7246.0,7320.0,7145.01,7195.23,25954.453533,-0.007031286000974238,0.010707624250279596,64.86862031818396,7258.14,7190.225238095239
2020-01-01,7195.24,7255.0,7175.15,7200.85,16792.388165,0.000780768137645281,0.010396227022124886,46.97676610584855,7257.599999999999,7189.789523809524
2020-01-02,7200.77,7212.5,6924.74,6965.71,31951.483932,-0.033199534310396885,0.016287149817486694,43.315589353612154,7223.844285714285,7178.7242857142855
2020-01-03,6965.49,7405.0,6871.04,7344.96,68428.500451,0.05301482343029991,0.02734385452363765,54.56118248793884,7236.732857142857,7182.842380952381
2020-01-04,7345.0,7404.0,7272.21,7354.11,29987.974977,0.0012449768838231309,0.027186497744017112,56.60169157908549,7242.157142857142,7196.6547619047615
2020-01-05,7354.19,7495.0,7318.0,7358.75,38331.085604,0.000630740747051131,0.026896107804532814,44.56414906018334,7237.944285714286,7208.090952380952
2020-01-06,7357.64,7795.34,7346.76,7758.0,54635.695316,0.05283448765744147,0.031859941983357246,64.43344528902243,7311.087142857143,7249.342380952381
2020-01-07,7758.9,8207.68,7723.71,8145.28,91171.684661,0.04871404936371501,0.03386883662005044,73.99735613888362,7446.808571428571,7321.792857142858
2020-01-08,8145.92,8455.0,7870.0,8055.98,112622.64264,-0.011023945589959614,0.03512333428723788,72.5045069811949,7568.97,7358.8476190476185
2020-01-09,8054.72,8055.96,7750.0,7817.76,64239.51983,-0.03001660428030768,0.034392785103547645,64.47416670584363,7690.691428571428,7390.631428571429
2020-01-10,7817.74,8199.0,7672.0,8197.02,82406.777448,0.04737260507373657,0.03344711256624766,69.20183239458433,7812.414285714286,7438.688095238094
2020-01-11,8198.86,8286.34,8003.16,8020.01,54810.032667,-0.02183100482452105,0.036136006358799766,63.6980729634949,7907.542857142857,7480.938571428571
2020-01-12,8020.01,8197.0,7960.0,8184.98,38131.494336,0.02036109856547728,0.03583478651760234,64.96450170917696,8025.575714285714,7513.488095238095
2020-01-13,8184.97,8196.0,8055.89,8110.34,31159.755683,-0.009160976526190662,0.03248851292818342,66.65715937560225,8075.910000000001,7551.261904761905
2020-01-14,8110.34,8880.0,8105.54,8810.01,120399.126742,0.08274878422149841,0.041251141646020624,74.89332182277857,8170.8714285714295,7625.273333333333
2020-01-15,8814.64,8916.48,8564.0,8821.41,84816.297606,0.001293146166175448,0.040398707379997956,74.93798435297522,8280.218571428572,7702.262857142857
2020-01-16,8820.01,8859.81,8586.0,8720.01,51991.074284,-0.011561336478177777,0.03763361970058512,78.15493156664871,8409.11142857143,7774.549047619048
2020-01-17,8720.15,9041.65,8672.44,8913.28,70897.737377,0.021921914733313886,0.03520376989749362,76.7680732967851,8511.434285714286,7853.527142857143
2020-01-18,8913.27,8988.88,8806.38,8915.96,38294.746545,0.0003006297542892932,0.032556725369067625,76.71664973195257,8639.427142857143,7929.709047619047
2020-01-19,8915.09,9198.98,8466.0,8701.7,70676.889259,-0.024324520325978746,0.035598673068700716,71.43500148438527,8713.244285714287,7992.254761904762
2020-01-20,8701.72,8746.99,8521.28,8642.35,38896.639746,-0.0068438722969167065,0.03541471762055942,65.83318711932141,8789.245714285715,8058.74761904762
2020-01-21,8642.35,8789.0,8488.0,8736.03,36494.687659,0.010781316488657582,0.015058753980464794,61.819207637919135,8778.677142857143,8132.119047619048
2020-01-22,8736.04,8818.0,8590.0,8682.36,29080.557138,-0.006162471944631271,0.015116195417934086,62.71331612190888,8758.812857142857,8202.667142857143
2020-01-23,8682.77,8691.81,8306.39,8404.52,48165.944597,-0.03252372475192156,0.018873219656895462,61.72066637369663,8713.742857142857,8271.181904761905
2020-01-24,8404.52,8528.02,8238.0,8439.0,41687.529529,0.004094161809795407,0.015493405834167046,55.60574891582341,8645.988571428572,8323.279047619048
2020-01-25,8438.99,8451.26,8254.9,8340.58,25521.157932,-0.01173105985876297,0.0151060515682926,57.707010044573096,8563.791428571429,8370.253809523809
2020-01-26,8340.01,8618.13,8293.66,8615.0,31130.485164,0.0323721116628264,0.020194278159420025,59.8214856704337,8551.405714285715,8430.075238095238
2020-01-27,8614.39,9000.0,8535.0,8907.57,53973.542996,0.03339660703325178,0.023801780146503516,66.55989963067746,8589.294285714286,8484.816666666666
2020-01-28,8907.57,9400.0,8862.4,9374.21,74584.853765,0.05106082462602789,0.029750288043122304,62.975603473653216,8680.462857142857,8543.337142857143
2020-01-29,9375.34,9449.24,9216.0,9301.53,53864.065122,-0.007783398882224428,0.029903625232726924,60.739209791711446,8768.915714285715,8602.649047619048
2020-01-30,9301.57,9578.0,9204.44,9513.21,60626.744259,0.022502456278908796,0.02344629414689468,66.907965416688,8927.3,8683.384761904761
2020-01-31,9511.52,9530.22,9210.01,9352.89,45552.022352,-0.01699597258492471,0.026625778506666985,59.504300187227855,9057.855714285713,8738.426190476192
2020-02-01,9351.71,9464.53,9281.0,9384.61,28578.067354,0.003385727050131138,0.024666771730984846,60.006490927647555,9207.002857142857,8803.407142857142
2020-02-02,9384.41,9477.03,9120.0,9331.51,45690.91254,-0.005674268221518584,0.02486694028845307,64.44140752188648,9309.361428571428,8858.003809523809
2020-02-03,9331.59,9618.79,9234.0,9292.24,50892.133451,-0.004217202035113095,0.023342054123762217,65.040338071456,9364.314285714285,8914.28476190476
2020-02-04,9291.35,9350.0,9093.01,9197.02,53308.175266,-0.01030012470407638,0.012723475342461736,60.661045406400476,9339.00142857143,8932.71380952381
2020-02-05,9197.02,9744.45,9177.22,9612.04,64870.415615,0.044136960790043735,0.021435130757109105,68.42132378000937,9383.359999999999,8970.362857142856
2020-02-06,9612.03,9862.57,9526.35,9772.0,64949.706588,0.016504674065094656,0.02071217772111754,78.42402826855127,9420.33,9020.457619047618
2020-02-07,9772.0,9885.0,9730.0,9813.73,43966.114632,0.00426127217580927,0.018599716929624956,78.48886125790077,9486.164285714287,9063.33619047619
2020-02-08,9813.87,9940.0,9667.11,9895.05,43600.843666,0.008252206527558531,0.018538582006766217,82.44359568384368,9559.084285714285,9109.959523809524
2020-02-09,9895.04,10166.0,9880.75,10151.75,43408.475616,0.025611472320488028,0.0185856876303951,82.31276782748026,9676.261428571428,9179.009523809524
2020-02-10,10151.72,10188.0,9756.0,9851.83,59573.084619,-0.02998887968955256,0.024081762448657028,69.79348336463647,9756.202857142856,9236.60380952381
2020-02-11,9851.74,10323.59,9700.0,10223.08,62422.395224,0.03699068450599928,0.02460415960564541,68.53516981165038,9902.782857142856,9307.415714285713
2020-02-12,10223.08,10450.0,10223.08,10326.46,61008.06393,0.010061623972999353,0.021012767896392053,72.08339258550626,10004.842857142856,9385.70619047619
2020-02-13,10325.33,10500.0,10080.0,10229.63,79344.358759,-0.009421122032285924,0.02198714690889683,66.23990134830035,10070.218571428572,9472.616190476188
2020-02-14,10227.78,10381.56,10111.37,10344.36,47038.480173,0.011153032471666205,0.022022470113284197,72.9491007568919,10146.022857142858,9563.347619047618
2020-02-15,10344.36,10375.0,9801.0,9904.72,57657.202947,-0.043430032448461935,0.02922329701100208,60.126476303216,10147.404285714287,9637.830476190476
2020-02-16,9904.46,10050.0,9638.12,9917.27,60023.999537,0.0012662706092510477,0.027054842060270503,61.58764322339684,10113.907142857144,9699.843333333332
2020-02-17,9910.7,9964.16,9452.67,9706.0,70261.011901,-0.021533430825940978,0.02582758062065634,57.66358463726885,10093.074285714285,9737.86380952381
2020-02-18,9706.0,10250.0,9576.01,10164.71,70604.124019,0.04617766642322519,0.028265222374155363,65.7963898256943,10084.735714285713,9775.506666666668
2020-02-19,10164.78,10250.0,9350.0,9593.79,55162.586895,-0.05780590324636327,0.034796531564512886,49.71651894585434,9980.068571428574,9789.423809523809
2020-02-20,9594.65,9699.0,9400.0,9596.42,60152.342914,0.00027409809652581926,0.035039358190775326,47.132526342607406,9889.61,9793.38619047619
2020-02-21,9597.21,9755.51,9550.21,9677.05,42181.554524,0.008366990519610176,0.034785493763759126,47.795825162555474,9794.279999999999,9808.82238095238
2020-02-22,9677.05,9709.17,9560.02,9650.86,24636.757623,-0.002710072225020686,0.03141207451887504,45.99077281757435,9758.014285714284,9821.500952380953
2020-02-23,9650.85,9990.0,9645.0,9936.4,37702.089843,0.029157751478757078,0.03382469034519546,46.49745136117155,9760.747142857143,9850.305238095238
2020-02-24,9936.4,9990.0,9473.56,9656.13,55796.59612,-0.02861183519342414,0.034680316738914745,46.796571660544615,9753.622857142856,9867.633333333335
2020-02-25,9655.52,9675.0,9250.0,9315.84,54379.344552,-0.03587676971484084,0.029688653596882893,34.997254909742736,9632.355714285715,9873.291428571429
2020-02-26,9316.48,9377.44,8633.63,8785.25,92130.345482,-0.05864199828916444,0.02990241484272773,27.668736724054483,9516.85,9833.920476190477
2020-02-27,8786.0,8971.77,8531.0,8823.21,72483.578762,0.004311570552474216,0.03022877796560179,29.26808415292811,9406.391428571429,9788.74
2020-02-28,8823.25,8900.0,8445.0,8692.91,71155.208977,-0.014877998499183857,0.028864406483794503,25.76735368262264,9265.8,9735.36761904762
2020-02-29,8690.8,8790.0,8523.55,8523.61,36748.183035,-0.019667790863484216,0.028336345516313293,27.987823342842987,9104.764285714286,9670.06095238095
2020-03-01,8523.61,8750.0,8411.0,8531.88,43892.201779,0.0009697757904506052,0.021812154899751336,27.889443226179097,8904.118571428571,9592.924285714285
2020-03-02,8530.3,8965.75,8498.0,8915.24,60401.31773,0.043952436059954136,0.03259634013748666,38.036768977536745,8798.277142857141,9548.324761904762
2020-03-03,8911.18,8919.65,8651.0,8760.07,55154.997282,-0.017558276088587222,0.03100043910950793,26.60040913967383,8718.881428571429,9478.657619047619
2020-03-04,8760.07,8848.29,8660.0,8750.87,38696.482578,-0.0010507717856942027,0.021858348432136472,32.72492519572073,8713.97,9403.629523809523
2020-03-05,8750.99,9159.42,8746.54,9054.68,58201.866355,0.0341286271212737,0.025558083822574486,40.11740754794078,8747.037142857143,9347.679523809526
2020-03-06,9054.64,9170.0,8985.5,9131.88,43782.948044,0.008489836857210005,0.024218151368235345,40.042375203200024,8809.747142857143,9289.942380952381
2020-03-07,9130.89,9188.0,8835.0,8886.66,45422.204525,-0.027220312082118024,0.025727392969868233,37.075846953133414,8861.611428571428,9241.463333333333
2020-03-08,8885.25,8886.76,8000.0,8033.31,77537.315166,-0.10095462863465858,0.04811945486708016,23.000377380975976,8790.387142857142,9151.750952380953
2020-03-09,8034.76,8179.31,7632.01,7929.87,116968.863268,-0.012960005190206313,0.04220428869415795,24.21537523973396,8649.62,9067.173333333334
2020-03-10,7929.87,8149.0,7728.01,7894.56,86783.443875,-0.00446272739082808,0.04245109125142786,26.64273881833236,8525.975714285714,8959.070952380953
2020-03-11,7894.57,7980.0,7590.0,7934.52,79942.411172,0.0050489459763729885,0.04284262754367489,33.33111272214272,8409.354285714286,8880.058095238095
2020-03-12,7934.58,7966.17,4410.0,4800.0,261505.608653,-0.5026069427414592,0.18542249423195795,14.38634943284923,7801.542857142857,8651.657142857142
2020-03-13,4800.01,5955.0,3782.13,5578.6,402201.673764,0.15032193094234547,0.20480018845276846,25.270339590039853,7293.931428571429,8456.492857142857
2020-03-14,5576.05,5640.52,5055.13,5172.06,136910.135974,-0.07566678708579554,0.20391427745802568,24.35280343436969,6763.274285714286,8243.216666666665
2020-03-15,5172.48,5940.0,5093.1,5361.3,139916.146534,0.03593542121832906,0.20779756945404096,26.39152811947126,6381.558571428572,8025.354761904761
2020-03-16,5360.33,5365.42,4442.12,5028.97,227276.92276,-0.06399129121736558,0.20685651960153123,20.840830205780705,5967.144285714286,7805.013809523809
2020-03-17,5028.86,5525.0,4921.45,5312.64,150089.926318,0.054873695073120565,0.21092922650305487,24.622849983584572,5598.298571428572,7614.385238095238
2020-03-18,5312.64,5436.17,5009.37,5393.04,137127.634894,0.015020346505170423,0.21144785857739454,25.538821520516223,5235.2300000000005,7452.851428571429
2020-03-19,5393.26,6400.0,5252.53,6162.37,199020.873439,0.13335221046196347,0.08737885873416686,30.26834090360221,5429.854285714287,7326.144761904762
2020-03-20,6162.05,6900.0,5670.0,6208.36,219298.329514,0.007435327078688863,0.07135850335236296,29.970128393099387,5519.82,7207.8328571428565
2020-03-21,6204.57,6456.98,5860.02,6186.98,128913.668363,-0.0034496869311265673,0.06039685024279013,30.91845418331198,5664.808571428572,7096.564761904762
2020-03-22,6187.04,6407.87,5734.01,5816.19,119115.990527,-0.06180167576087353,0.06837834811121861,33.18197678828794,5729.7928571428565,6967.246190476191
2020-03-23,5816.05,6600.0,5688.0,6467.31,164674.215785,0.1061148487906949,0.0672399480497851,39.75680680414278,5935.2699999999995,6850.678095238095
2020-03-24,6465.25,6833.0,6371.33,6744.72,151138.009878,0.041999719577783305,0.06681029553867697,42.211107016669196,6139.852857142857,6754.709047619048
2020-03-25,6744.69,6957.96,6450.0,6677.43,132155.734989,-0.01002679358492966,0.06864765671694056,41.51601987417342,6323.337142857143,6655.97380952381
2020-03-26,6677.42,6780.0,6510.0,6737.36,83026.555211,0.008934973816594624,0.05156630930475101,72.35061213376957,6405.478571428573,6545.625238095238
2020-03-27,6737.27,6842.59,6261.0,6359.11,82914.968354,-0.057779726345443316,0.05815542914732686,59.92088812737214,6427.0142857142855,6413.588571428572
2020-03-28,6359.11,6360.0,6024.0,6236.65,93159.693429,-0.019445251206402104,0.058781566964490634,64.58506297967716,6434.11,6287.39761904762
2020-03-29,6236.65,6266.0,5866.56,5881.42,63311.627714,-0.058644949893034606,0.058227690002980205,56.81573967784714,6443.428571428572,6184.926666666667
2020-03-30,5880.5,6599.0,5857.76,6394.38,118889.549992,0.08362125023444582,0.05175959119204811,67.08381191178643,6433.01,6111.808095238095
2020-03-31,6394.45,6523.23,6321.4,6410.44,72337.595259,0.002508431734471707,0.04824571203413545,64.72134313147026,6385.255714285713,6041.135714285714
2020-04-01,6412.14,6679.94,6150.11,6642.92,97500.7524,0.03562371453633789,0.050826006678193314,66.10387870167085,6380.325714285714,5979.630952380952
2020-04-02,6643.36,7198.0,6551.0,6794.09,149299.906871,0.02250149077446257,0.051510472443394344,59.68147321702243,6388.429999999999,6074.587619047619
2020-04-03,6793.86,7048.0,6602.1,6734.1,104080.276939,-0.008868945989810946,0.045094726776694856,58.022841307240625,6442.0,6129.611428571428
2020-04-04,6732.97,6990.41,6650.01,6856.99,72990.861139,0.018084399293975692,0.04346369178116726,59.91717065863833,6530.620000000001,6209.846190476191
2020-04-05,6857.41,6895.54,6677.52,6772.78,49685.356983,-0.012356932145710244,0.03288326799298738,65.47154248006599,6657.9571428571435,6277.059523809524
2020-04-06,6772.78,7355.14,6765.0,7329.9,118052.000832,0.07905023544895948,0.03142608243266845,64.38873042085773,6791.602857142857,6386.627619047618
2020-04-07,7329.9,7459.69,7077.0,7197.32,103585.168918,-0.018253138732796458,0.034158581070139464,57.93305803086285,6904.014285714286,6476.374285714285
2020-04-08,7197.32,7420.0,7150.0,7361.28,76059.145838,0.02252509615524215,0.03328657816903346,61.5934682584622,7006.637142857143,6570.1
2020-04-09,7360.26,7371.92,7108.08,7283.54,61094.872417,-0.010616822906183088,0.03432517580386415,59.20393650365678,7076.558571428572,6623.4890476190485
2020-04-10,7283.54,7295.75,6739.98,6858.92,104674.623375,-0.060067012815594734,0.04328551098507381,58.29293140465976,7094.39,6654.468095238095
2020-04-11,6858.92,6944.3,6760.0,6876.83,45470.293206,0.002607795009356709,0.04275621117808216,61.00374021973792,7097.224285714285,6687.318095238096
2020-04-12,6876.84,7177.0,6780.0,6903.79,73868.666501,0.003912746218315506,0.04238697178616832,69.8083816092845,7115.94,6739.108571428571
2020-04-13,6903.79,6903.79,6575.0,6837.91,96415.476573,-0.009588406781744151,0.025773805068643855,60.394081281607825,7045.655714285714,6756.756190476191
2020-04-14,6838.04,6978.0,6754.28,6868.7,69068.623285,0.004492730411147657,0.02598194052070723,60.665642601126486,6998.71,6762.660000000001
2020-04-15,6868.57,6933.0,6605.0,6621.24,61571.384994,-0.03669219621182481,0.024486895512894957,49.4989090640139,6892.989999999999,6759.984285714285
2020-04-16,6621.25,7190.0,6468.27,7101.94,125009.857539,0.07008532257417706,0.04063962512521231,56.17475860575013,6867.047142857143,6777.3452380952385
2020-04-17,7101.99,7148.12,6972.98,7027.55,54126.509763,-0.01052984748182655,0.03270857767740253,55.85212247877123,6891.137142857143,6809.175714285713
2020-04-18,7026.78,7293.08,7014.4,7248.6,49488.542819,0.030970208092469646,0.03430189825670203,57.515439265824064,6944.247142857143,6857.363809523808
2020-04-19,7248.6,7266.15,7055.6,7120.74,45664.86393,-0.017796694163898973,0.0356379502901128,56.56771183305524,6975.24,6916.379047619049
2020-04-20,7121.4,7220.0,6751.0,6826.83,90149.49137,-0.04215121560930678,0.03966853793095675,39.45703974750714,6973.657142857142,6936.971904761905
2020-04-21,6828.98,6940.0,6762.0,6841.37,60109.710808,0.0021275669780452776,0.03963164624631235,42.151981902926664,6969.7528571428575,6957.492380952381
2020-04-22,6841.36,7156.38,6818.0,7125.14,61486.377334,0.0406413711082043,0.03865045171511102,45.05482538804984,7041.738571428571,6980.455238095238
2020-04-23,7125.12,7738.0,7020.0,7482.39,102773.569561,0.048922884583249386,0.033724735376945494,53.72784570449441,7096.088571428571,7013.231428571428
2020-04-24,7483.96,7615.96,7388.0,7505.0,60182.119939,0.003017205417696101,0.032899268560540026,64.26174792943296,7164.295714285714,7049.940952380952
2020-04-25,7505.0,7705.0,7431.07,7538.67,43874.427726,0.004476308802495665,0.031496944318623814,64.5086897809579,7205.734285714286,7082.401904761905
2020-04-26,7539.03,7700.0,7480.0,7693.1,50522.616209,0.02027804933449806,0.030035755578151888,66.38721759241957,7287.5,7126.226666666667
2020-04-27,7693.1,7792.02,7606.0,7774.62,65441.339576,0.010540759050406048,0.019090592333499207,69.32197446316962,7422.898571428572,7147.40380952381
2020-04-28,7773.51,7780.0,7659.12,7738.98,46302.752638,-0.004594686301061086,0.020192923771381356,67.91584321475625,7551.1285714285705,7173.197142857142
2020-04-29,7738.58,8952.89,7710.05,8778.57,183546.887514,0.12604362825102328,0.04588338017155841,83.48924068514373,7787.332857142857,7240.687142857142
2020-04-30,8778.58,9460.0,8401.0,8620.0,206277.214124,-0.018228439547185536,0.048183991943623265,76.18428315164897,7949.848571428572,7304.328095238095
2020-05-01,8620.0,9059.18,8613.56,8826.96,91468.815059,0.023725589801303106,0.04758381288748793,79.679814737231,8138.699999999999,7398.044285714285
2020-05-02,8825.67,9010.0,8753.0,8972.05,59002.08755,0.016303515058974757,0.04701569545232974,79.15754497683906,8343.468571428572,7497.816666666667
2020-05-03,8972.58,9200.0,8712.0,8894.16,90126.065643,-0.008719307953238976,0.048733475018379414,80.51895754171487,8515.048571428571,7592.596190476192
2020-05-04,8894.15,8950.0,8522.0,8871.96,84418.512331,-0.002499140111014321,0.049431847827117924,88.82573384515496,8671.811428571427,7689.455714285715
2020-05-05,8871.92,9118.58,8760.0,9021.83,76480.765342,0.01675145450840847,0.048391127134967175,89.37184459708348,8855.075714285715,7791.985714285714
2020-05-06,9021.36,9395.0,8906.21,9142.92,105925.30242,0.013332613300691144,0.015627841217569913,88.70847689132052,8907.125714285712,7912.065714285714
2020-05-07,9143.4,10067.0,9021.0,9986.4,147154.611378,0.08824435807397825,0.03178986355398963,90.4837661392804,9102.325714285713,8049.420952380952
2020-05-08,9986.3,10035.96,9705.0,9800.01,100683.7964,-0.018840761270535238,0.035086273266760656,85.23856172018709,9241.332857142856,8181.442857142858
2020-05-09,9800.02,9914.25,9520.0,9539.4,81950.679567,-0.026952815683587594,0.03845351519143181,78.71863992214347,9322.382857142857,8290.528571428571
2020-05-10,9539.1,9574.83,8117.0,8722.77,183865.182028,-0.08949374237266458,0.0536782899225111,62.419039302574106,9297.898571428572,8366.815714285713
2020-05-11,8722.77,9168.0,8200.0,8561.52,168807.251832,-0.018659103544510936,0.054010682022195194,59.31185299839537,9253.550000000001,8449.42
2020-05-12,8562.04,8978.26,8528.78,8810.79,86522.780066,0.028699362273097852,0.05499569727712084,62.07295067009997,9223.40142857143,8543.201904761905
2020-05-13,8810.99,9398.0,8792.99,9309.37,92466.274018,0.05504431306987792,0.0592070057747339,56.80882941496404,9247.179999999998,8647.212857142857
2020-05-14,9309.35,9939.0,9256.76,9791.98,129565.37747,0.050542263457842476,0.051302292972997085,63.87970402091939,9219.405714285715,8757.193333333333
2020-05-15,9791.97,9845.62,9150.0,9316.42,115890.761516,-0.049785248551448925,0.054167225511770806,55.44992562108621,9150.32142857143,8843.451428571429
2020-05-16,9315.96,9588.0,9220.0,9381.27,59587.627862,0.006936713576645949,0.05362231513979816,54.63938797536665,9127.73142857143,8931.194285714286
2020-05-17,9380.81,9888.0,9322.1,9680.04,68647.764323,0.03135088520193182,0.0381156035691155,58.484699297800134,9264.484285714287,9025.810476190476
2020-05-18,9681.11,9950.0,9464.23,9733.93,82006.603583,0.005551686585784176,0.035579528413501066,59.24295227167935,9431.971428571429,9119.110952380952
2020-05-19,9733.93,9897.21,9474.0,9775.53,78539.760454,0.004264604253293181,0.03559176892823416,58.27408893904598,9569.79142857143,9216.089523809524
2020-05-20,9775.13,9842.0,9326.0,9511.43,74923.73809,-0.02738809106362215,0.03365841686614242,53.92233038643219,9598.657142857144,9250.987619047619
2020-05-21,9511.43,9578.47,8815.0,9068.65,108928.780969,-0.04767082257525894,0.030929743690364,39.320764552967375,9495.324285714287,9272.351904761905
2020-05-22,9067.51,9271.0,8933.52,9170.0,58943.131024,0.011113875556824242,0.026426906439030815,42.520982466137205,9474.407142857144,9288.687142857143
2020-05-23,9170.0,9307.85,9070.0,9179.15,43526.296966,0.0009973214844743207,0.02617646377741507,45.45183681405114,9445.532857142856,9298.549047619048
2020-05-24,9179.01,9298.0,8700.0,8720.34,70379.86645,-0.05127637976639384,0.02667120378343875,49.96627407656201,9308.432857142858,9290.271904761905
2020-05-25,8718.14,8979.66,8642.72,8900.35,62833.910949,0.02043237382109617,0.029060421600126944,54.67825356982103,9189.35,9291.62380952381
2020-05-26,8900.35,9017.67,8700.0,8841.18,58299.770138,-0.006670249903320307,0.028274157409046468,50.44284411129536,9055.871428571429,9283.021428571428
2020-05-27,8841.0,9225.0,8811.73,9204.07,68910.355514,0.040225425628930105,0.03403968386095629,48.4023862553633,9011.962857142857,9285.933333333334
2020-05-28,9204.07,9625.47,9110.0,9575.89,74110.787662,0.0396027036055747,0.03156754046347111,46.607426014600826,9084.425714285713,9266.385238095238
2020-05-29,9575.87,9605.26,9330.0,9427.07,57374.362961,-0.015663143272285802,0.03269767283953914,51.93578748849723,9121.15,9248.62619047619
2020-05-30,9426.6,9740.0,9331.23,9697.72,55665.27254,0.028305468467552164,0.03389390071656823,55.16432154735442,9195.231428571427,9256.165238095238
2020-05-31,9697.72,9700.0,9381.41,9448.27,48333.786403,-0.026059150370553428,0.027251275122842204,46.155734469180516,9299.221428571429,9290.712857142857
2020-06-01,9448.27,10380.0,9421.67,10200.77,76649.12696,0.07663155167361478,0.036905679147728035,56.28639142495489,9484.995714285715,9368.772380952381
2020-06-02,10202.71,10228.99,9266.0,9518.04,108970.773151,-0.06927426238341051,0.0496755964475998,47.043220041201316,9581.69,9402.450952380954
2020-06-03,9518.02,9690.0,9365.21,9666.24,46252.644939,0.015450457159570928,0.04806438575186792,51.82630894715607,9647.714285714286,9419.444761904762
2020-06-04,9666.32,9881.63,9450.0,9789.06,57456.100969,0.01262603317612486,0.04605398088512841,59.192725546592094,9678.167142857143,9419.305714285714
2020-06-05,9788.14,9854.75,9581.0,9621.16,47788.05005,-0.017300596060589795,0.04616945049770145,55.66084137197234,9705.894285714287,9433.817142857142
2020-06-06,9621.17,9735.0,9531.05,9666.3,32752.950893,0.004680770035723853,0.0448483492066417,56.057708329706465,9701.405714285715,9447.39
2020-06-07,9666.85,9802.0,9372.46,9746.99,57952.848385,0.008312909833360433,0.04343839415753995,64.09153423612122,9744.08,9450.578095238094
2020-06-08,9746.99,9800.0,9633.0,9782.01,40664.664125,0.0035864650046320786,0.02985862401415617,62.60306478357826,9684.257142857143,9452.86761904762
2020-06-09,9782.0,9877.0,9570.0,9772.43,46024.001289,-0.000979828700433323,0.010823542887668538,63.50338291461369,9720.598571428573,9452.72
2020-06-10,9772.44,9992.72,9704.18,9885.0,47130.762982,0.011453300920539622,0.010191469502433818,60.64655131977649,9751.85,9470.509047619047
2020-06-11,9885.22,9964.0,9113.0,9280.4,94418.98473,-0.06311380730512214,0.0261785873937875,45.69340682723782,9679.184285714287,9480.592380952381
2020-06-12,9278.88,9557.12,9232.51,9465.13,50119.066932,0.019709870061973344,0.027597271005723754,50.54895603159309,9656.894285714285,9494.646190476189
2020-06-13,9464.96,9494.73,9351.0,9473.34,27759.784851,0.0008670183509335627,0.027473030661849123,46.49859244602297,9629.32857142857,9508.655238095238
2020-06-14,9473.34,9480.99,9245.0,9342.1,30055.506608,-0.013950471361775322,0.02724898891482853,48.279773034385094,9571.487142857144,9538.262857142856
2020-06-15,9342.1,9495.0,8910.45,9426.02,86107.924707,0.008942883921489994,0.027637502540583753,33.97522079963596,9520.631428571429,9563.294761904763
2020-06-16,9426.05,9589.0,9373.09,9525.59,52052.446927,0.010507911061560557,0.0282703253872762,50.20581292014457,9485.368571428571,9595.885714285714
2020-06-17,9526.97,9565.0,9236.61,9465.14,48046.411152,-0.006366285463241823,0.02747424326669602,44.24257346373193,9425.388571428572,9608.317619047619
2020-06-18,9465.13,9489.0,9280.0,9386.32,37381.953765,-0.008362265766844552,0.012015933347304988,38.17168299617022,9440.52,9599.290476190476
2020-06-19,9386.32,9438.3,9215.79,9310.23,45330.983673,-0.008139514519042584,0.009341406446561075,40.347565859322124,9418.391428571427,9593.726666666667
2020-06-20,9310.23,9395.0,9170.95,9358.95,30329.065384,0.005219309107220791,0.009728596106141673,40.47986321482341,9402.050000000001,9577.594761904762
2020-06-21,9358.95,9422.0,9281.54,9294.69,24316.926234,-0.006889835356610858,0.008545107844083744,35.84598630599962,9395.277142857143,9570.281428571428
2020-06-22,9294.69,9780.0,9277.09,9685.69,57895.468343,0.04120626916014081,0.018047579747290904,47.53500941773812,9432.372857142856,9545.753809523809
2020-06-23,9685.69,9720.0,9577.03,9624.89,41031.02938,-0.006297086976149205,0.01813682053296962,46.320661552733675,9446.558571428572,9550.841904761905
2020-06-24,9624.33,9670.0,9208.0,9296.49,61571.561464,-0.03471554197335148,0.022757756618666317,36.750104691531476,9422.465714285716,9533.234761904761
2020-06-25,9298.33,9340.0,9009.69,9249.49,55831.619156,-0.0050684946945599284,0.02265180102554714,49.07077278275143,9402.918571428572,9507.540952380952
2020-06-26,9249.49,9298.0,9045.45,9162.21,50292.298277,-0.009480998907668087,0.022717015113171906,40.32674228489681,9381.772857142858,9485.68619047619
2020-06-27,9162.21,9196.24,8833.0,9012.0,46290.930113,-0.016530393391535187,0.02300441886475373,36.492832716540974,9332.208571428571,9454.529047619048
2020-06-28,9012.0,9191.0,8948.06,9116.35,30688.176421,0.011512482108878288,0.023841590102795827,43.28472755180354,9306.731428571427,9424.498571428572
2020-06-29,9116.16,9238.0,9024.67,9192.56,42120.293261,0.008324956553215883,0.015521020479954838,43.023380907982485,9236.284285714286,9396.429523809524
2020-06-30,9192.93,9205.0,9064.89,9138.55,31463.162801,-0.0058927316772564384,0.015526842985668839,38.110100761857936,9166.807142857142,9366.244761904763
2020-07-01,9138.08,9292.0,9080.1,9232.0,38488.528699,0.01017398021090804,0.010969553133150145,42.98024810309529,9157.594285714285,9335.149523809525
2020-07-02,9231.99,9261.96,8940.0,9086.54,45725.168076,-0.01588151210121853,0.012317400634079446,41.32199346934999,9134.315714285714,9325.918095238096
2020-07-03,9086.54,9125.0,9037.47,9058.26,28943.420177,-0.0031171490343047835,0.011948987117150927,42.49834765366823,9119.465714285714,9306.543333333333
2020-07-04,9057.79,9190.0,9040.04,9135.46,26441.968484,0.008486495706433785,0.010388998628596425,43.45720793250224,9137.102857142858,9290.453809523811
2020-07-05,9135.0,9145.24,8893.03,9069.41,34073.653627,-0.007256331939539371,0.009919224024661843,43.41170965666489,9130.397142857142,9277.468571428572
2020-07-06,9069.41,9375.0,9055.92,9344.2,54463.132277,0.029848617569280738,0.015152261012793246,39.284840193537455,9152.06,9273.57238095238
2020-07-07,9342.47,9379.42,9203.0,9257.39,34587.336678,-0.009333678488988535,0.015515224885502778,38.65390552639703,9169.037142857143,9260.800952380952
2020-07-08,9257.4,9470.0,9231.0,9436.06,56140.517781,0.01911636867434222,0.01664243508025224,54.74802179932914,9198.18857142857,9259.416190476191
2020-07-09,9436.06,9440.79,9160.0,9232.43,48044.450645,-0.021816234347635674,0.01787731015670411,49.475528775209064,9219.03,9252.088095238096
2020-07-10,9232.42,9317.48,9125.0,9288.34,38295.494006,0.006037564295295626,0.017751479608553836,53.95384412832363,9251.898571428572,9251.045714285714
2020-07-11,9288.34,9299.28,9178.25,9234.03,22561.366,-0.005864277156991474,0.0179187223451316,57.40529507114129,9265.98,9245.097142857143
2020-07-12,9234.02,9345.0,9157.5,9302.75,30872.702286,0.00741448243121315,0.0175739925691671,56.368295182781,9299.314285714285,9245.480952380953
2020-07-13,9303.31,9343.82,9200.89,9242.62,42740.069115,-0.006484660129130597,0.013412063665223134,51.72928382915814,9284.802857142857,9224.38238095238
2020-07-14,9242.61,9279.54,9113.0,9255.85,45772.552509,0.0014303888111533642,0.012982635752196997,54.169510322470614,9284.582857142857,9206.809047619046
2020-07-15,9255.85,9276.49,9160.57,9197.6,39053.579665,-0.006313203598260291,0.009934156293479044,48.745843784635134,9250.517142857143,9202.1
2020-07-16,9197.6,9226.15,9047.25,9133.72,43375.571191,-0.006969520861188566,0.006348720563439216,51.8288806537143,9236.415714285715,9196.587142857144
2020-07-17,9133.72,9186.83,9089.81,9154.32,28054.358741,0.0022528394199239758,0.005726992202954063,53.74596390522391,9217.27,9196.211428571429
2020-07-18,9154.31,9219.3,9121.1,9170.28,22554.541457,0.0017419211372258878,0.00560885405747486,51.42595049715799,9208.162857142857,9203.748571428572
2020-07-19,9170.3,9232.27,9101.35,9208.99,26052.019417,0.004212360691051645,0.004894247527182563,55.84701742627345,9194.768571428573,9208.16
2020-07-20,9208.99,9221.52,9131.0,9160.78,35458.764082,-0.005248852945236642,0.004700711895921445,40.51622510392751,9183.077142857142,9206.646666666667
2020-07-21,9160.78,9437.73,9152.8,9390.0,60413.582486,0.02471396532100174,0.010977516010441498,55.976492433051256,9202.24142857143,9218.620476190476
2020-07-22,9390.0,9544.0,9261.0,9518.16,48815.004107,0.013556259591711564,0.011021662926798523,53.87659124390892,9248.035714285714,9232.247142857143
2020-07-23,9518.16,9664.0,9440.33,9603.27,51856.2335,0.008902112662382592,0.009731330742749986,69.71714164185458,9315.114285714286,9256.853333333333
2020-07-24,9603.27,9637.0,9463.44,9537.8,43931.136205,-0.006840814574633343,0.011017784274052622,63.1300265274327,9369.897142857142,9279.688571428573
2020-07-25,9538.1,9732.9,9513.0,9700.42,40679.545416,0.01690633264140375,0.011550523267048803,72.03549188770347,9445.631428571429,9306.591428571428
2020-07-26,9700.42,10111.0,9650.0,9931.54,65279.269319,0.023546368090711377,0.012736548427511103,75.75593731311493,9548.852857142858,9347.64523809524
2020-07-27,9931.54,11394.86,9917.21,11029.96,150188.933144,0.10489965515383327,0.036146206310288934,89.56112547366925,9815.878571428571,9427.919523809524
2020-07-28,11029.96,11242.23,10565.0,10906.27,97267.734187,-0.011277353573673094,0.03890172489745347,84.82751053000312,10032.488571428572,9506.43761904762
2020-07-29,10906.27,11342.82,10812.0,11100.53,76838.094233,0.017655001714241426,0.03879495631511248,87.97611587631664,10258.54142857143,9585.698095238095
2020-07-30,11100.52,11170.0,10831.0,11099.61,60794.826456,-8.288236024881114e-05,0.039442621236590016,90.2438924531315,10472.304285714286,9674.611428571428
2020-07-31,11099.79,11444.0,10960.0,11335.46,70063.660974,0.02102589283746785,0.03756270698548053,91.0340442183526,10729.112857142858,9772.093333333332
2020-08-01,11335.46,11861.0,11220.0,11801.17,85087.485126,0.04026281369533566,0.03779502661520024,92.33170392634526,11029.220000000001,9894.338095238096
2020-08-02,11801.17,12123.46,10518.5,11071.35,97553.077604,-0.06383798859409126,0.05147012259499889,74.51389729846417,11192.05,9978.557142857144
2020-08-03,11071.36,11473.0,10936.0,11219.81,56931.841475,0.013320275400209495,0.03344941401061752,76.40574223549116,11219.17142857143,10072.709047619048
2020-08-04,11219.68,11414.98,11000.0,11191.97,58629.113709,-0.002484409031295822,0.03301074182061111,74.3677399288699,11259.985714285713,10164.905238095238
2020-08-05,11191.99,11780.93,11093.0,11744.91,74970.256852,0.04822339837274129,0.036952033107640336,77.00904607457613,11352.039999999999,10286.205714285714
2020-08-06,11744.91,11900.0,11562.5,11762.46,63529.08502,0.0014931490218287942,0.03689890573548052,76.62596462844078,11446.732857142857,10411.38380952381
2020-08-07,11762.47,11909.94,11322.0,11594.23,65755.926022,-0.01440554370016026,0.03728817339970728,74.73198586626836,11483.699999999999,10527.569999999998
2020-08-08,11594.36,11808.27,11512.0,11761.41,41858.16104,0.014316272674542746,0.03415031655883174,74.75967025389299,11478.02,10650.957142857142
2020-08-09,11761.02,11797.11,11521.97,11681.68,41493.067342,-0.006802030569309808,0.02065071169945361,71.8189298359348,11565.210000000001,10768.704285714286
2020-08-10,11681.69,12067.35,11450.0,11892.92,84952.337887,0.01792146240338923,0.020932000186036692,63.81434453259571,11661.368571428571,10898.80619047619
2020-08-11,11892.9,11935.0,11125.0,11392.08,90748.284634,-0.04302488795968553,0.028617949744000764,56.93901278934573,11689.955714285714,10994.143333333333
2020-08-12,11392.09,11617.52,11150.0,11564.33,64909.613644,0.01500698346852347,0.021695638283172114,56.666551676555805,11664.158571428572,11091.58
2020-08-13,11564.34,11792.96,11270.36,11780.0,70132.491502,0.01847781763804461,0.023084572337156183,59.21111414963813,11666.664285714285,11195.23380952381
2020-08-14,11779.77,11850.0,11634.03,11760.54,59818.852697,-0.001653318439828755,0.022225879274996373,56.11288151582438,11690.422857142856,11301.07857142857
2020-08-15,11760.55,11980.0,11680.0,11852.4,56237.90505,0.007780518936332989,0.02175627207108331,50.82547283818927,11703.421428571428,11403.55380952381
2020-08-16,11852.4,11931.72,11686.0,11911.0,41368.236906,0.004931964178818936,0.021496366537162998,67.26360589674529,11736.18142857143,11497.81380952381
2020-08-17,11910.99,12468.0,11769.78,12281.13,84734.21154,0.03060159513066791,0.023432317509806753,69.99834182519825,11791.640000000001,11557.393333333333
2020-08-18,12281.15,12387.77,11817.93,11945.01,75923.835527,-0.027750320081645123,0.018438501969761413,62.71253967182122,11870.630000000001,11606.857142857141
2020-08-19,11945.1,12020.08,11561.0,11754.59,73940.169606,-0.01606981533902176,0.01981480572830757,50.18620541072913,11897.81,11638.002857142857
2020-08-20,11754.38,11888.0,11668.0,11853.55,46085.254351,0.008383598166900236,0.018784396711815882,51.699002868664415,11908.317142857142,11673.904761904761
2020-08-21,11853.54,11878.0,11485.81,11531.34,64448.306142,-0.02755885468727366,0.021695147262428015,48.890699799271175,11875.574285714285,11683.23238095238
2020-08-22,11531.23,11686.0,11376.81,11662.96,43678.701646,0.011349461965321588,0.02202498458092727,48.2414053038287,11848.511428571428,11676.650952380951
2020-08-23,11663.51,11718.07,11514.13,11648.13,37900.00469,-0.001272355947377651,0.021809147194476533,49.386477263999446,11810.95857142857,11704.116666666665
2020-08-24,11648.12,11824.9,11585.09,11748.2,46212.391867,0.008554385259456227,0.017226607355322637,47.24136879346103,11734.825714285715,11729.278095238094
2020-08-25,11748.19,11767.85,11117.64,11318.42,69590.923272,-0.03726855030411857,0.019432836553817515,48.5568068715272,11645.312857142857,11735.299523809523
2020-08-26,11318.42,11539.32,11244.0,11461.43,53998.231231,0.01255599829022591,0.0203668598099931,47.96055082965347,11603.432857142858,11721.800476190476
2020-08-27,11461.42,11592.2,11125.0,11330.38,63246.036383,-0.011499871598155137,0.019794175782815133,40.779370990763354,11528.694285714286,11701.225238095238
2020-08-28,11330.38,11542.65,11276.89,11526.91,45953.908365,0.017196688078947187,0.01905324405567207,45.53321173604975,11528.061428571427,11698.019523809524
2020-08-29,11526.9,11580.02,11417.04,11465.84,32973.7992,-0.005312121743530515,0.01842135305132897,42.52128153536605,11499.901428571427,11683.944761904762
2020-08-30,11465.84,11719.0,11458.0,11711.16,43177.879054,0.02117005324622385,0.02049381174991785,46.394237708940786,11508.905714285715,11685.34857142857
2020-08-31,11711.17,11800.77,11570.0,11649.51,55353.617744,-0.005278114294061569,0.020284037059463793,37.17595750901474,11494.807142857142,11673.75761904762
2020-09-01,11649.51,12050.85,11515.0,11921.97,78148.193668,0.023118797396930114,0.014368883426582874,49.519795913263124,11581.028571428571,11698.990476190476
2020-09-02,11921.97,11954.57,11160.1,11388.54,87221.845602,-0.04577532981158565,0.024345657699022614,43.32510330088732,11570.615714285714,11690.619523809524
2020-09-03,11388.54,11462.6,9960.8,10140.85,121950.106015,-0.11603576554688845,0.0502272495212448,27.989935024879728,11400.682857142858,11612.564761904761
2020-09-04,10138.29,10627.05,9875.5,10446.25,92733.599113,0.02967124125373026,0.05179190222939345,35.994899210358525,11246.302857142857,11549.979523809523
2020-09-05,10446.25,10565.68,9825.0,10166.69,90001.605568,-0.027126372308919018,0.051833867522589575,31.398237129679146,11060.710000000001,11469.707619047618
2020-09-06,10166.69,10347.14,9994.86,10256.2,56368.788815,0.008765710743617944,0.050499153685822605,33.01086529330924,10852.858571428571,11390.907619047619
2020-09-07,10255.89,10410.75,9875.0,10373.44,62620.230676,0.011366292597355596,0.05162947224159541,33.290468434742436,10670.562857142857,11300.065238095238
2020-09-08,10373.45,10438.0,9850.0,10126.65,73491.878418,-0.0240781306870189,0.04857334920626244,34.84027058724759,10414.08857142857,11213.476666666667
2020-09-09,10126.66,10343.0,9981.01,10219.2,49347.113776,0.009097741146643187,0.0487720986237438,33.99291282778172,10247.039999999999,11140.362857142856
2020-09-10,10219.29,10483.35,10070.83,10336.87,58253.75375,0.011448811499434249,0.020669987485881655,37.15356347640342,10275.042857142858,11068.14
2020-09-11,10336.86,10397.6,10200.0,10387.89,43830.254467,0.004923589278497632,0.017103746574041453,34.69618634047765,10266.705714285714,11013.689999999999
2020-09-12,10387.89,10477.97,10269.25,10440.92,35379.153096,0.00509199657416824,0.012573777524828389,36.19941184708023,10305.881428571429,10955.497619047619
2020-09-13,10440.67,10580.11,10200.0,10332.83,43837.609865,-0.010406496224025646,0.013374993718660931,30.728533118573623,10316.828571428572,10892.864285714286
2020-09-14,10332.84,10750.0,10212.34,10671.77,67059.291361,0.03227573226362602,0.017696256650827344,37.31321592991088,10359.447142857143,10841.605714285713
2020-09-15,10671.77,10930.04,10606.48,10785.31,61822.452786,0.010583085836546963,0.0126410296602862,34.61669635075221,10453.54142857143,10816.219523809525
2020-09-16,10785.23,11093.0,10661.22,10954.01,64991.51244,0.015520576216204314,0.012879973804981355,43.47499647118534,10558.514285714287,10792.056666666667
2020-09-17,10954.01,11045.46,10745.83,10939.99,55601.614529,-0.0012807163530045075,0.013511245933062658,69.06290850452751,10644.674285714285,10773.466666666667
2020-09-18,10940.0,11038.03,10812.84,10933.39,47266.728275,-0.0006034732812486935,0.013884233673890578,63.55229627321586,10722.602857142858,10745.20380952381
2020-09-19,10933.4,11179.79,10887.37,11080.65,38440.036858,0.013378934222998818,0.014016111377580734,77.44690563136645,10813.992857142857,10726.86142857143
2020-09-20,11080.64,11080.64,10723.0,10920.28,39157.922565,-0.014578732844710519,0.015007527072380377,69.12871150234469,10897.914285714285,10689.200476190477
2020-09-21,10920.28,10988.86,10296.35,10417.22,70683.431179,-0.047161404910191086,0.021936907246458123,51.03174902433963,10861.55,10630.52
2020-09-22,10417.22,10572.71,10353.0,10529.61,43991.235476,0.010731082319475616,0.021952750458854756,60.138684809081944,10825.021428571428,10564.217142857142
2020-09-23,10529.61,10537.15,10136.82,10241.46,51876.568079,-0.027747100849892316,0.021819318465365063,50.509886203294755,10723.228571428572,10509.594285714285
2020-09-24,10241.46,10795.24,10190.93,10736.32,57676.619427,0.047188198471375946,0.030760988008627626,57.801666386722,10694.132857142857,10537.95
2020-09-25,10736.33,10760.53,10556.24,10686.67,48101.117008,-0.00463521561603508,0.030753269840537677,55.838603018767635,10658.887142857142,10549.398571428572
2020-09-26,10686.57,10820.94,10644.68,10728.6,28420.836659,0.0039159023986676655,0.030100988097396277,55.646186939659906,10608.594285714285,10576.156190476191
2020-09-27,10728.59,10799.0,10594.82,10774.25,30549.483253,0.004245955171710726,0.029902446891205966,58.88126126706154,10587.732857142857,10600.825238095238
2020-09-28,10774.26,10950.0,10626.0,10696.12,50095.251734,-0.007277969114733297,0.02280305983672392,50.54736075457109,10627.575714285715,10616.190952380954
2020-09-29,10696.11,10867.54,10635.87,10840.48,41874.898399,0.013406216589902006,0.022960949872638164,51.22321107874047,10671.985714285713,10650.182857142858
2020-09-30,10840.58,10849.34,10665.13,10776.59,39596.027322,-0.005911086565506154,0.019055309392834875,45.87456750623163,10748.432857142858,10676.725238095238
2020-10-01,10776.59,10920.0,10437.0,10619.13,60866.332893,-0.014719097354311225,0.009326733477227902,43.00580705915178,10731.691428571428,10690.16619047619
2020-10-02,10619.13,10664.64,10374.0,10570.4,50130.393705,-0.004599449436267366,0.009324782644702413,42.230156385788725,10715.08142857143,10698.857142857143
2020-10-03,10570.4,10603.56,10496.46,10542.06,22298.221341,-0.0026846721814158783,0.00900673858802071,37.85301560237621,10688.432857142858,10703.673333333332
2020-10-04,10542.07,10696.87,10517.87,10666.63,23212.001595,0.011747206689254342,0.010297658147996061,44.18546009710382,10673.058571428572,10719.568571428572
2020-10-05,10666.62,10798.0,10615.64,10792.21,34025.761653,0.011704400948838524,0.01097910921039873,60.39507897698606,10686.785714285714,10725.30380952381
2020-10-06,10792.2,10800.0,10525.0,10599.66,48674.740471,-0.018002652442652742,0.011596994441138021,51.8592244605462,10652.382857142857,10716.463333333333
2020-10-07,10599.65,10681.87,10546.17,10666.39,32811.990279,0.006275751163339584,0.012030461996089916,62.78038774564947,10636.64,10702.767142857143
2020-10-08,10666.4,10950.0,10530.41,10925.57,51959.691572,0.0240082372384519,0.013708932101591513,56.63220606273,10680.417142857143,10702.080476190476
2020-10-09,10925.44,11104.64,10829.0,11050.64,48240.073237,0.011382431304897278,0.013351782645559503,62.11480724551815,10749.022857142858,10707.66380952381
2020-10-10,11050.64,11491.0,11050.51,11293.22,43648.036943,0.02171420080767896,0.013778878252795416,66.57896900435748,10856.331428571428,10717.78619047619
2020-10-11,11293.22,11445.0,11221.0,11369.02,29043.851339,0.006689566668831729,0.013794356316092007,67.1604240119564,10956.672857142856,10739.15476190476
2020-10-12,11369.02,11720.01,11172.0,11528.25,52825.28371,0.013908432475919988,0.01388827113700458,72.93544350548767,11061.82142857143,10792.06095238095
2020-10-13,11528.24,11557.0,11300.0,11420.56,42205.283709,-0.009385304987830363,0.011167252291379989,66.31821762124451,11179.092857142856,10834.487142857142
2020-10-14,11420.57,11547.98,11280.0,11417.89,41415.106015,-0.00023381621889088832,0.011843392036733366,68.68393758230486,11286.449999999999,10890.50761904762
2020-10-15,11417.89,11617.34,11250.83,11505.12,48760.717679,0.007610730096360131,0.01003065870790212,76.91424405358612,11369.242857142857,10927.117142857143
2020-10-16,11505.13,11541.15,11200.0,11319.32,48797.749502,-0.016281153381309317,0.013155467566082062,71.00144698320824,11407.625714285712,10957.243333333332
2020-10-17,11319.24,11402.42,11255.0,11360.2,22368.915241,0.003605018472487021,0.010466877496734184,72.78230746953597,11417.194285714286,10987.319523809525
2020-10-18,11360.31,11505.0,11346.22,11503.14,23284.041191,0.012504022806047878,0.0112121945292198,73.05794600673673,11436.354285714287,11022.028571428571
2020-10-19,11503.14,11823.99,11407.96,11751.47,47414.534692,0.021358297570117018,0.012807031230328947,74.765578206002,11468.242857142859,11072.283333333333
2020-10-20,11751.46,12038.38,11677.59,11909.99,62134.750663,0.013399204588298025,0.012086964680094106,84.43434157622258,11538.16142857143,11123.21238095238
2020-10-21,11910.0,13217.68,11886.95,12780.96,114584.456767,0.07057901976281855,0.02674748957095467,89.0590308435141,11732.885714285714,11218.658571428572
2020-10-22,12780.75,13185.0,12678.08,12968.52,70038.824144,0.014568318834834563,0.026507177424322667,88.76168286361545,11941.942857142856,11330.534285714286
2020-10-23,12968.84,13027.69,12720.08,12923.07,50386.999841,-0.0035107961066538486,0.02416219290823555,86.63314616633727,12171.050000000001,11442.566190476191
2020-10-24,12923.06,13166.73,12870.0,13111.73,35952.20907,0.014493163177937982,0.02334803850257131,86.34504922593558,12421.26857142857,11564.931428571428
2020-10-25,13111.73,13350.0,12888.0,13028.83,38481.579504,-0.006342655085969485,0.025416693097246958,83.07936368745584,12639.224285714285,11677.417142857143
2020-10-26,13029.64,13238.81,12765.0,13052.19,60951.672986,0.0017913414618498272,0.0260277425811867,82.11052862247989,12825.04142857143,11785.035238095237
2020-10-27,13052.15,13789.29,13019.87,13636.17,80811.01945,0.04376988541595295,0.028160936725998613,88.88058260945859,13071.638571428572,11929.630952380952
2020-10-28,13636.16,13859.48,12888.0,13266.4,94440.561226,-0.027491298279312352,0.022177710341687768,78.73614500909413,13140.98714285714,12053.440952380952
2020-10-29,13266.4,13642.91,12920.77,13455.7,74872.602132,0.01416828517726635,0.022150422279274246,79.39019171774515,13210.584285714287,12173.923333333332
2020-10-30,13455.69,13669.98,13115.0,13560.1,70657.778881,0.007728849021307219,0.021812773347026113,84.61177255623998,13301.58857142857,12293.42142857143
2020-10-31,13560.1,14100.0,13411.5,13791.0,67339.238515,0.016884548375875077,0.021970151154559962,85.46500770344085,13398.627142857144,12412.363333333333
2020-11-01,13791.0,13895.0,13603.0,13761.5,36285.648526,-0.0021413673004317957,0.021592168926936724,84.07713664896184,13503.294285714286,12526.290952380952
2020-11-02,13761.49,13830.0,13195.05,13549.37,64566.421908,-0.015534786411904644,0.023321662382913094,77.42875450051872,13574.320000000002,12622.534761904764
2020-11-03,13549.63,14066.11,13284.99,14023.53,74115.630787,0.03439658130142223,0.020889743110071832,79.41158461915259,13629.657142857144,12746.485714285714
2020-11-04,14023.53,14259.0,13525.0,14144.01,93016.988262,0.00855457982732576,0.015607712499037142,73.97583155969113,13755.03,12876.300952380952
2020-11-05,14144.01,15750.0,14093.56,15590.02,143741.522673,0.09733975303388694,0.03702584957298912,81.96171665447451,14059.932857142858,13070.820000000002
2020-11-06,15590.02,15960.0,15166.0,15579.92,122618.197695,-0.0006480603012701369,0.037657486420752805,82.67435711386864,14348.478571428572,13273.705714285714
2020-11-07,15579.93,15753.52,14344.22,14818.3,101431.206553,-0.050120002204518566,0.04610181063727744,68.39527358411249,14495.235714285716,13438.377142857142
2020-11-08,14818.3,15650.0,14703.88,15475.1,65547.178574,0.04336937714861154,0.04725544370562779,73.46537464676327,14740.035714285714,13627.518095238092
2020-11-09,15475.1,15840.0,14805.54,15328.41,108976.334134,-0.009524311280312406,0.04662107609900638,71.32953761731984,14994.184285714286,13797.848571428573
2020-11-10,15328.41,15460.0,15072.46,15297.21,61681.919606,-0.0020375104761155144,0.04647000529266486,67.36377967242726,15176.138571428572,13959.144761904763
2020-11-11,15297.21,15965.0,15272.68,15684.24,78469.746458,0.024985927702935035,0.04665688323404671,75.18415438970734,15396.171428571428,14097.39619047619
2020-11-12,15684.25,16340.7,15440.64,16291.86,102196.356592,0.03800921004285134,0.03235272040735753,77.17336317508008,15496.434285714286,14255.650476190478
2020-11-13,16291.85,16480.0,15952.35,16320.7,75691.881014,0.0017686441983009846,0.03227914583537984,76.83800368650691,15602.26,14417.442380952383
2020-11-14,16320.04,16326.99,15670.0,16070.45,59116.347179,-0.015452058926512477,0.02361711772291998,72.07729693187122,15781.138571428572,14558.33380952381
2020-11-15,16069.56,16180.0,15774.72,15957.0,43596.841513,-0.007084577418178802,0.019670657543711178,70.92395137218423,15849.98142857143,14697.770476190479
2020-11-16,15957.0,16880.0,15864.0,16713.57,81300.675924,0.04632335988450774,0.023950898285687305,77.32082848370348,16047.861428571428,14872.121904761905
2020-11-17,16713.08,17858.82,16538.0,17659.38,115221.403102,0.055046122658961215,0.02766254476990307,79.02888157548057,16385.314285714285,15063.703333333331
2020-11-18,17659.38,18476.93,17214.45,17776.12,149019.788134,0.006588896577796588,0.02803822197224489,79.01634996237253,16684.154285714285,15278.451904761905
2020-11-19,17777.75,18179.8,17335.65,17802.82,93009.561008,0.00150088816654907,0.027049172403923915,72.86224382260681,16900.005714285715,15485.457619047618
2020-11-20,17802.81,18815.22,17740.04,18655.67,88423.018489,0.04679324961628493,0.029285617666624027,77.06492413989723,17233.572857142855,15728.103809523813
2020-11-21,18655.66,18965.9,18308.58,18703.8,75577.458394,0.0025765904402387323,0.02638985830305508,89.09992191084953,17609.765714285713,15962.046666666669
2020-11-22,18703.8,18750.0,17610.86,18414.43,81645.737778,-0.0155921153820781,0.02807721511555455,81.94055963053516,17960.827142857142,16183.614761904764
2020-11-23,18413.88,18766.0,18000.0,18368.0,82961.506093,-0.002524576253394546,0.0266105247125148,83.76579374759774,18197.174285714285,16413.073333333334
2020-11-24,18368.01,19418.97,18018.0,19160.01,113581.509241,0.04221527432609045,0.023534660400316827,86.70607016610285,18411.55,16657.66761904762
2020-11-25,19160.0,19484.21,18500.27,18719.11,93266.576887,-0.023280367279034576,0.0270506130550813,78.54644851918951,18546.262857142858,16875.529523809524
2020-11-26,18718.83,18915.03,16188.0,17149.47,181005.246693,-0.08757765783988204,0.045166310912349995,56.83061763164477,18452.92714285714,16949.789047619044
2020-11-27,17149.47,17457.62,16438.08,17139.52,85297.024787,-0.000580361234278455,0.03920887206949976,56.541349779510455,18236.334285714285,17024.055714285714
2020-11-28,17139.53,17880.49,16865.56,17719.85,64910.69997,0.03329857201976857,0.042691455991561884,62.51654302400407,18095.77,17162.22476190476
2020-11-29,17719.84,18360.05,17517.0,18184.99,55329.016303,0.02591104840521473,0.04426883983120718,66.05048288541144,18062.992857142857,17291.267142857145
2020-11-30,18185.0,19863.16,18184.99,19695.87,115463.466888,0.07981244056034183,0.05392665713958054,69.37846983968562,18252.68857142857,17499.24142857143
2020-12-01,19695.87,19888.0,18001.12,18764.96,127698.762652,-0.0484176681386951,0.055744393079498196,57.197805202617715,18196.25285714286,17664.37238095238
2020-12-02,18764.96,19342.0,18330.0,19204.09,75911.013478,0.023131976224671752,0.05568704264360467,58.92216930734272,18265.535714285714,17831.984285714287
2020-12-03,19204.08,19598.0,18867.2,19421.9,66689.391279,0.011278018177224554,0.038611563811855425,59.88029506388008,18590.168571428574,17981.03380952381
2020-12-04,19422.34,19527.0,18565.31,18650.52,71283.6682,-0.04052726761991646,0.044308558717966746,49.968256942484054,18806.02571428571,18091.97761904762
2020-12-05,18650.51,19177.0,18500.0,19147.66,42922.748573,0.02630648721030668,0.0438264106433437,52.59233128762695,19009.99857142857,18238.51142857143
2020-12-06,19147.66,19420.0,18857.0,19359.4,37043.091861,0.01099757468367193,0.04334459308934132,55.56953057680951,19177.77142857143,18400.530476190474
2020-12-07,19358.67,19420.91,18902.88,19166.9,41372.296293,-0.009993256658502918,0.03015508812722987,54.62891073137833,19102.204285714288,18517.355714285717
2020-12-08,19166.9,19294.84,18200.0,18324.11,61626.947614,-0.044967153911558415,0.029322598618181362,45.18504096660923,19039.225714285716,18549.009523809524
2020-12-09,18324.11,18639.57,17650.0,18541.28,79585.553801,0.011781918605685223,0.027890009466437913,48.948561522424725,18944.538571428573,18585.445714285717
2020-12-10,18541.29,18557.32,17911.12,18254.63,52890.675094,-0.015580851185682042,0.027111160714740606,57.70305233692803,18777.785714285714,18606.960476190477
2020-12-11,18254.81,18292.73,17572.33,18036.53,72610.724259,-0.01201960068239654,0.023455114066063786,56.07592861777889,18690.07285714286,18577.47761904762
2020-12-12,18036.53,18948.66,18020.7,18808.69,49519.978432,0.041919851281025024,0.027327037161277757,57.18848616887833,18641.648571428574,18582.47238095238
2020-12-13,18808.69,19411.0,18711.12,19174.99,56560.821744,0.019287828659587614,0.028178492662627487,56.62237479698073,18615.304285714286,18618.689523809524
2020-12-14,19174.99,19349.0,19000.0,19273.14,47257.201294,0.005105590997883581,0.027985379228125308,46.5132391829005,18630.481428571427,18661.79142857143
2020-12-15,19273.69,19570.0,19050.0,19426.43,61834.366011,0.007922093279086292,0.019393574895351613,56.25881146261291,18787.955714285716,18674.478095238093
2020-12-16,19426.43,21560.0,19278.6,21335.52,114306.33557,0.09373877942102818,0.03780949122151701,65.77838907831638,19187.132857142857,18799.069047619047
2020-12-17,21335.52,23800.0,21230.0,22797.16,184882.476748,0.06626267735967427,0.03760748312593694,71.10038634175615,19836.065714285713,19068.006666666668
2020-12-18,22797.15,23285.18,22350.0,23107.39,79646.134315,0.013516512987803837,0.033689023512695024,79.56680089426094,20560.47428571429,19352.19095238095
2020-12-19,23107.39,24171.47,22750.0,23821.61,86045.064677,0.030440672117046565,0.03359764560804338,80.13884393018856,21276.605714285713,19642.750952380953
2020-12-20,23821.6,24295.0,23060.0,23455.52,76690.145685,-0.015487290255670515,0.03833068543791567,75.89733927808223,21888.110000000004,19893.72857142857
2020-12-21,23455.54,24102.77,21815.0,22719.71,88030.297243,-0.03187303196066846,0.044232017514010055,71.01834071055609,22380.477142857144,20037.720952380954
2020-12-22,22719.88,23837.1,22353.4,23810.79,87033.12616,0.046906009597780754,0.04439719294768555,81.5327161671636,23006.81428571429,20277.998571428572
2020-12-23,23810.79,24100.0,22600.0,23232.76,119047.259733,-0.02457548767882941,0.03768992769268555,75.88876969464198,23277.84857142857,20469.84
2020-12-24,23232.39,23794.43,22703.42,23729.2,69013.834252,0.02114300567337218,0.029963464944881564,79.52641837717606,23410.997142857144,20674.949523809522
2020-12-25,23728.99,24789.86,23433.6,24712.47,79519.943569,0.04060161725614667,0.03275607171803202,83.26062695549929,23640.294285714284,20963.61380952381
2020-12-26,24712.47,26867.03,24500.0,26493.39,97806.513386,0.06958729338063542,0.039546340694785735,84.78952534098232,24021.977142857144,21313.410476190475
2020-12-27,26493.4,28422.0,25700.0,26281.66,148455.586214,-0.008023910388927925,0.03867249215680528,82.62936880566463,24425.711428571427,21643.041904761903
2020-12-28,26281.54,27500.0,26101.0,27079.41,79721.742496,0.02990230298266988,0.03239980781535049,83.67793856383183,25048.52571428571,22019.828095238096
2020-12-29,27079.42,27410.0,25880.0,27385.0,69411.592606,0.011221757725855123,0.031177065873591897,83.88964638571812,25559.12714285714,22451.29904761905
2020-12-30,27385.0,28996.0,27320.0,28875.54,95356.057826,0.05299945173010715,0.02606891272838376,83.29415172555092,26365.238571428574,22943.406666666666
2020-12-31,28875.55,29300.0,27850.0,28923.63,75508.505152,0.0016640381201618827,0.028252329865334536,80.9111999346101,27107.3,23451.454285714284
2021-01-01,28923.63,29600.0,28624.57,29331.69,54182.925011,0.014009593427538712,0.028106675131763816,81.09780347375298,27767.18857142857,23989.319047619047
2021-01-02,29331.7,33300.0,28946.53,32178.33,129993.873362,0.09262474311680098,0.03481649040391069,84.41800850738547,28579.32285714286,24625.968571428573
2021-01-03,32176.45,34778.11,31962.99,33000.05,120957.56675,0.025215831986554423,0.031199711415808497,87.88813933677207,29539.09285714286,25284.304761904765
2021-01-04,33000.05,33600.0,28130.0,31988.71,140899.88569,-0.031126048570094073,0.03948078366653406,86.00674373795758,30240.42142857143,25889.808095238095
2021-01-05,31989.75,34360.0,29900.0,33949.53,116049.997038,0.059491981974053296,0.041099697197734625,86.89245422802222,31178.21142857143,26581.384285714288
2021-01-06,33949.53,36939.21,33288.0,36769.36,127139.20131,0.07978987964728743,0.044619288009835695,92.34755742757498,32305.899999999998,27316.32904761905
2021-01-07,36769.36,40365.0,36300.0,39432.28,132825.700437,0.06991988054158309,0.04368978831858636,93.26103270553774,33807.13571428571,28108.477619047615
2021-01-08,39432.48,41950.0,36500.0,40582.81,139789.957499,0.028759807724559636,0.04232104890543641,93.32257071227657,35414.43857142857,28940.640476190474
2021-01-09,40586.96,41380.0,38720.0,40088.22,75785.979675,-0.012262052365310671,0.04178440139542505,89.91400545503123,36544.422857142854,29715.24095238095
2021-01-10,40088.22,41350.0,35111.11,38150.02,118209.544503,-0.04955624359220215,0.05194927476404025,81.63778975103189,37280.13285714285,30414.97904761905
2021-01-11,38150.02,38264.74,30420.0,35404.47,251156.138287,-0.07468819862209011,0.06101324497833929,70.10454772459214,37768.09857142857,31019.015238095235
2021-01-12,35410.37,36628.0,32531.0,34051.24,133948.151996,-0.03897163438842312,0.06025550770153621,65.32323835075849,37782.62857142857,31506.655714285716
2021-01-13,34049.15,37850.0,32380.0,37371.38,124477.914938,0.09303872186648503,0.06329525575261545,68.0136597678026,37868.631428571425,32179.923333333332
2021-01-14,37371.38,40100.0,36701.23,39144.5,102950.389421,0.04635475642223115,0.05962063889955698,70.19400798761117,37827.520000000004,32913.985238095236
2021-01-15,39145.21,39747.76,34408.0,36742.22,118300.920916,-0.06333342468810564,0.062058293848909714,63.5719468691703,37278.864285714284,33486.83047619047
2021-01-16,36737.43,37950.0,35357.8,35994.98,86348.431508,-0.020547018278436267,0.06209411058656522,57.572264519070494,36694.11571428571,33939.287142857145
2021-01-17,35994.98,36852.5,33850.0,35828.61,80157.727384,-0.004632748030488363,0.060268577690748414,55.761715885498994,36362.485714285714,34393.90380952381
2021-01-18,35824.99,37469.83,34800.0,36631.27,70698.11875,0.02215551096647076,0.05339104233284681,59.537881489784475,36537.74285714285,34848.75428571429
2021-01-19,36622.46,37850.0,35844.06,35891.49,79611.307769,-0.020402027184059653,0.05126903299197475,54.200387256861355,36800.63571428571,35253.82523809524
2021-01-20,35901.94,36415.31,33400.0,35468.23,89368.422918,-0.011862853824953393,0.034787666274734785,46.8601878293638,36528.75714285715,35567.76285714286
2021-01-21,35468.23,35600.0,30071.0,30850.13,135004.076658,-0.13949640193442464,0.05301219407854272,31.075785940935077,35343.84714285714,35659.50095238096
2021-01-22,30851.99,33826.53,28850.0,32945.17,142971.684049,0.06570370018688361,0.06267358032208031,33.8319596131342,34801.41142857143,35831.57142857143
2021-01-23,32950.0,33456.0,31390.16,32078.0,64595.287675,-0.02667422755262735,0.06279712727553126,33.306574569838276,34241.84285714286,35826.793809523806
2021-01-24,32078.0,33071.0,30900.0,32259.9,57978.037966,0.005654535963060998,0.0632388243985297,36.7553463237728,33732.02714285714,35791.54857142857
2021-01-25,32259.45,34875.0,31910.0,32254.2,88499.226921,-0.00017670555784965065,0.06159456670822665,41.920723184613855,33106.73142857143,35804.19095238095
2021-01-26,32254.19,32921.88,30837.37,32467.77,84972.20691,0.006599637655448867,0.06227390408668106,45.68685570590636,32617.628571428573,35733.630952380954
2021-01-27,32464.01,32557.29,29241.72,30366.15,95911.961711,-0.06691940379282074,0.06531420061959745,29.562061897056864,31888.760000000002,35428.71619047619
2021-01-28,30362.19,33783.98,29842.1,33364.86,92621.145617,0.09417474914995402,0.0541200908835433,34.26315388217867,32248.007142857143,35139.791428571436
2021-01-29,33368.18,38531.9,31915.4,34252.2,231827.005626,0.026247545889008964,0.049340411545002634,42.61054126015076,32434.725714285716,34838.33380952381
2021-01-30,34246.28,34933.0,32825.0,34262.88,84889.68134,0.00031175618817061364,0.04741910317243579,44.62478044178525,32746.85142857143,34560.93666666667
2021-01-31,34262.89,34342.69,32171.67,33092.98,68742.280384,-0.03474137711240443,0.05032197229366593,42.0082931016048,32865.862857142856,34320.125238095236
2021-02-01,33092.97,34717.27,32296.16,33526.37,82718.276882,0.013011118061134976,0.050401966575796646,40.72951649811062,33047.601428571434,34230.69190476191
2021-02-02,33517.09,35984.33,33418.0,35466.24,78056.65988,0.056248964732994594,0.053946943549503995,48.8152120916626,33475.95428571429,34298.072857142855
2021-02-03,35472.71,37662.63,35362.38,37618.87,80784.333663,0.05892452811562625,0.04285067646571201,55.46524073955484,34512.05714285714,34309.858095238094
2021-02-04,37620.26,38708.27,36161.95,36936.66,92080.735898,-0.018301232416527882,0.035493358298505216,69.33492505907029,35022.31428571428,34204.72285714286
2021-02-05,36936.65,38310.12,36570.0,38290.24,66681.334275,0.03599047963365647,0.036213224410193076,67.81895511949047,35599.177142857145,34278.438095238096
2021-02-06,38289.32,40955.51,38215.94,39186.94,98757.311183,0.023148494595260992,0.03559608960512802,73.65263045821746,36302.614285714284,34430.43619047619
2021-02-07,39181.01,39700.0,37351.0,38795.69,84363.679763,-0.010034370035014157,0.03016924713674588,71.44689131497691,37117.287142857145,34571.72571428571
2021-02-08,38795.69,46794.45,37988.89,46374.87,138597.536914,0.1784485597042829,0.06546086133748083,80.95195091060617,38952.787142857145,35035.706666666665
2021-02-09,46374.86,48142.19,44961.09,46420.42,115499.861712,0.0009817309404045217,0.06737246720550437,80.81060443120296,40517.67,35537.084285714285
2021-02-10,46420.42,47310.0,43727.0,44807.58,97154.1822,-0.03536212709216373,0.07187204403291386,82.59352897444823,41544.62857142858,35981.81523809524
2021-02-11,44807.58,48678.9,43994.02,47969.51,89561.081454,0.06818827920686066,0.07061434684295886,82.72083451889925,43120.75,36797.02380952381
2021-02-12,47968.66,48985.8,46125.0,47287.6,85870.035697,-0.01431749606359439,0.07328388077574131,79.4763567753064,44406.08714285715,37479.996666666666
2021-02-13,47298.15,48150.0,46202.53,47153.69,63768.097399,-0.0028358377938660748,0.07434802758196625,78.98785015414992,45544.19428571429,38197.886666666665
2021-02-14,47156.78,49707.43,47014.17,48577.79,73735.475533,0.029754163680420775,0.07259516306474648,84.42744357809691,46941.637142857144,38974.92904761905
2021-02-15,48580.47,49010.92,45570.79,47911.1,79398.156784,-0.013819220219635515,0.034250727530242095,81.65326209657012,47161.09857142857,39720.49571428572
2021-02-16,47911.1,50689.18,47003.62,49133.45,88813.266298,0.025192855227892837,0.035031447160030975,81.05502291996802,47548.67428571428,40514.09952380952
2021-02-17,49133.45,52618.74,48947.0,52119.71,85743.637818,0.05900312258279128,0.03364163595682144,81.74653632512876,48593.26428571429,41549.98333333334
2021-02-18,52117.67,52530.0,50901.9,51552.6,60758.046954,-0.010940542497739106,0.02823627684692025,82.16060476971715,49105.13428571429,42416.066190476195
2021-02-19,51552.61,56368.0,50710.2,55906.0,79659.77802,0.0810690632665145,0.03625805550116156,84.24102307724007,50336.33428571428,43447.19952380952
2021-02-20,55906.0,57700.46,53863.93,55841.19,80948.205314,-0.001159939811759115,0.03605693339376004,83.45397124857732,51577.40571428571,44474.73809523809
2021-02-21,55841.19,58352.8,55477.59,57408.57,58166.708511,0.027681826201509746,0.03601179810983622,85.70142346269789,52838.94571428571,45632.62333333333
2021-02-22,57412.35,57508.47,47622.0,54087.67,134019.434944,-0.05958734671550698,0.04659342126672744,67.68249458713181,53721.31285714286,46611.73285714286
2021-02-23,54087.67,54183.59,44892.56,48891.0,169375.025051,-0.10101291813933688,0.06415041140973222,54.58189201439452,53686.677142857145,47251.00714285715
2021-02-24,48891.0,51374.99,46988.69,49676.2,91881.209252,0.015932614704777116,0.05935521292367944,59.315216002069434,53337.60428571428,47825.165714285715
2021-02-25,49676.21,52041.73,46674.34,47073.73,83310.673121,-0.053810849213675946,0.061999275676335036,48.24859344719229,52697.76571428571,48307.88333333334
2021-02-26,47073.73,48424.11,44106.78,46276.87,109423.200663,-0.017072827721116277,0.04629297590941981,48.0326890534181,51322.17571428571,48688.19904761905
2021-02-27,46276.88,48394.0,45000.0,46106.43,66060.834292,-0.0036898485630648403,0.0460669015885327,47.9644807468637,49931.49571428572,49017.69857142857
2021-02-28,46103.67,46638.46,43000.0,45135.66,83055.369042,-0.02127979822740345,0.03957547502475606,43.18964865691569,48178.22285714286,49319.601904761905
2021-03-01,45134.11,49790.0,44950.53,49587.03,85086.111648,0.09405668615894246,0.06038684018551006,52.88396643858978,47535.274285714295,49472.561904761904
2021-03-02,49595.76,50200.0,47047.6,48440.65,64221.06214,-0.023389970343295822,0.04706183715720657,48.80469371656749,47470.938571428575,49568.763333333336
2021-03-03,48436.61,52640.0,48100.71,50349.37,81035.913705,0.03864676941605752,0.04918498274611704,46.827629658725684,47567.10571428571,49832.6580952381
2021-03-04,50349.37,51773.88,47500.0,48374.09,82649.716829,-0.04002176686968146,0.04679906926582209,44.57789233606214,47752.87142857143,49851.92380952381
2021-03-05,48374.09,49448.93,46300.0,48751.71,78192.496372,0.007775933948251446,0.045877068180205254,35.88054724575258,48106.41999999999,49921.64333333333
2021-03-06,48746.81,49200.0,47070.0,48882.2,44399.234242,0.002673048282055846,0.04568235635987083,36.30149740852067,48502.958571428564,50003.95333333333
2021-03-07,48882.2,51450.03,48882.2,50971.75,55235.028032,0.04185823565066163,0.04508595310573203,37.58459760395514,49336.68571428571,50117.951428571425
2021-03-08,50959.11,52402.78,49274.67,52375.17,66987.359664,0.02716106637595351,0.03101708619187605,46.433070446285896,49734.99142857142,50330.526190476194
2021-03-09,52375.18,54895.0,51789.41,54884.5,71656.737076,0.04679835308017754,0.030590226338487486,64.05743530085046,50655.541428571436,50604.385714285716
2021-03-10,54874.67,57387.69,53005.0,55851.59,84749.238943,0.017467017083068827,0.02920552588872383,64.36151236826035,51441.572857142855,50782.09428571429
2021-03-11,55851.59,58150.0,54272.82,57773.16,81914.812859,0.03382631374464177,0.016797386598179642,75.69644683266014,52784.29714285714,51078.31142857143
2021-03-12,57773.15,58081.51,54962.84,57221.72,73405.406047,-0.009590761378339105,0.020665518077691437,76.5994263485936,53994.298571428575,51140.96476190476
2021-03-13,57221.72,61844.0,56078.23,61188.39,83245.091346,0.06702391904951818,0.024188697070214187,80.94408220043742,55752.32571428572,51395.59333333333
2021-03-14,61188.38,61724.79,58966.78,58968.31,52601.05275,-0.03695728467773086,0.034864790722145926,76.99684726302849,56894.69142857143,51469.86666666666
2021-03-15,58976.08,60633.43,54600.0,55605.2,102771.427298,-0.05872345889857389,0.04569146419529692,62.26658377750373,57356.124285714286,51542.13
2021-03-16,55605.2,56938.29,53271.34,56900.75,77986.694355,0.023031800001562738,0.04319010809176754,67.13964226788416,57644.159999999996,51923.54666666667
2021-03-17,56900.74,58974.73,54123.69,58912.97,70421.620841,0.03475274808665303,0.044486149818865076,67.27687300622753,58081.5,52363.392857142855
2021-03-18,58912.97,60129.97,57023.0,57648.16,66580.406675,-0.02170294068462528,0.04398302452954881,69.26242940728079,58063.642857142855,52866.937142857154
2021-03-19,57641.0,59468.0,56270.74,58030.01,52392.652961,0.006601961060385554,0.043839109247496545,69.26782953817681,58179.112857142856,53426.61047619048
2021-03-20,58030.01,59880.0,57820.17,58102.28,44476.941776,0.001244615245755456,0.03338172456706441,69.19333726356179,57738.24,53997.841428571424
2021-03-21,58100.02,58589.1,55450.11,57351.56,48564.470274,-0.013004861172545526,0.030987992685183208,64.06475624257885,57507.275714285715,54579.55095238095
2021-03-22,57351.56,58430.73,53650.0,54083.25,62581.626169,-0.05867551851751849,0.030973877298375984,53.479483821972856,57289.85428571428,54793.65666666667
2021-03-23,54083.25,55830.9,53000.0,54340.89,59789.365427,0.004752456139708097,0.029027959044197173,48.78077882487721,56924.159999999996,55074.62047619048
2021-03-24,54342.8,57200.0,51700.0,52303.65,83537.465021,-0.038210823911918046,0.024453747416017323,42.40708147930019,55979.97142857143,55167.68142857143
2021-03-25,52303.66,53287.0,50427.56,51293.78,87400.534538,-0.019496661048352345,0.024397171211342102,35.57045365668111,55072.20285714286,55306.71428571428
2021-03-26,51293.78,55073.46,51214.6,55025.59,63813.774692,0.07022885249165932,0.04083424760655728,45.716063615420474,54643.0,55605.47047619047
2021-03-27,55025.59,56700.36,53950.0,55817.14,50105.475055,0.014282640925523643,0.041594894202512105,38.041049951841366,54316.55142857142,55935.705714285716
2021-03-28,55817.14,56559.75,54691.84,55777.63,39050.387511,-0.0007080977298643483,0.04149609347865218,42.132058554599766,54091.70428571429,56164.55714285714
2021-03-29,55777.65,58405.82,54800.01,57635.47,67857.937398,0.0327652838371849,0.035343136931299486,55.407941638223264,54599.16428571428,56415.04761904762
2021-03-30,57635.46,59368.0,57071.35,58746.57,55122.443122,0.019094591554397786,0.035465436849695116,54.965421585495896,55228.54714285714,56598.95571428571
2021-03-31,58746.57,59800.0,56769.0,58740.55,60975.542666,-0.00010247931867370034,0.02895534701703084,49.48005312251592,56148.10428571428,56736.52523809524
2021-04-01,58739.46,59490.0,57935.45,58720.44,47415.61722,-0.00034241155632151754,0.025699806996325743,53.49599369842147,57209.055714285714,56781.6338095238
2021-04-02,58720.45,60200.0,58428.57,58950.01,47382.418781,0.003901919152452414,0.012780262865737054,53.02959253297646,57769.68714285714,56863.93333333333
2021-04-03,58950.01,59791.72,56880.0,57051.94,47409.852113,-0.03272771563018565,0.02023498332242459,46.91246466651304,57946.08714285714,56666.95952380953
2021-04-04,57051.95,58492.85,56388.0,58202.01,41314.081973,0.019957809235045493,0.021072615646642194,52.44259913572,58292.427142857145,56630.46904761905
2021-04-05,58202.01,59272.0,56777.77,59129.99,54258.01579,0.015818350490323988,0.018284650004533113,66.74612665727835,58505.93,56798.316190476195
2021-04-06,59129.99,59495.24,57413.02,57991.15,54201.000727,-0.019447828016770405,0.01866047178379564,61.443122640220004,58398.01285714286,56850.240000000005
2021-04-07,57990.03,58655.0,55473.0,55953.45,71228.405659,-0.035770317641772804,0.02256527260738042,61.44135061730252,57999.855714285724,56709.310476190476
2021-04-08,55953.44,58153.31,55700.0,58077.52,44283.147019,0.03725857482507307,0.028176476824278263,69.87706455136589,57908.01,56729.75619047618
2021-04-09,58077.52,58894.9,57654.0,58142.54,40831.884911,0.001118911946587532,0.02810590005019832,61.63262411876888,57792.65714285715,56735.114761904755
2021-04-10,58142.55,61500.0,57900.01,59769.13,69906.424117,0.027591725106052453,0.026292489350800766,63.883691469307195,58180.827142857146,56814.48857142857
2021-04-11,59769.13,60699.0,59232.52,60002.43,41156.715391,0.003895754468994307,0.025629728467851734,64.64272147774756,58438.030000000006,56940.72047619048
2021-04-12,59998.8,61300.0,59350.59,59860.0,56375.037117,-0.0023765589774449635,0.025191952272671198,58.750502522644005,58542.317142857144,57215.803809523815
2021-04-13,59860.01,63777.77,59805.15,63575.0,82848.688746,0.060211808883630515,0.031276344231338016,65.76396511341666,59340.01,57655.52333333333
2021-04-14,63575.01,64854.0,61301.0,62959.53,82616.343993,-0.009728172284078391,0.025506471092589782,63.24705385883891,60340.87857142857,58162.9461904762
2021-04-15,62959.53,63800.0,62020.0,63159.98,51649.70034,0.0031787337071748686,0.024180464836594306,63.78348740977711,61066.94428571429,58728.003333333334
2021-04-16,63158.74,63520.61,60000.0,61334.8,91764.139884,-0.02932349103283781,0.0287636144483982,56.73663021315615,61522.98142857143,59028.441904761894
2021-04-17,61334.81,62506.05,59580.91,60006.66,58912.256128,-0.021891825636385424,0.029120154532322563,58.62428080400509,61556.91428571428,59227.94285714286
2021-04-18,60006.67,60499.0,50931.3,56150.01,124882.131824,-0.06642869678323018,0.03842456645869067,44.82780002036617,61006.56857142857,59245.675238095246
2021-04-19,56150.01,57526.81,54221.58,55633.14,78229.042267,-0.00924779241999631,0.03830042990460138,40.999428077532315,60402.73142857143,59150.32619047618
2021-04-20,55633.14,57076.24,53329.96,56425.0,72744.482151,0.014133255844769198,0.026167467137009882,45.89556013424374,59381.30285714286,59039.77523809524
2021-04-21,56425.0,56757.91,53536.02,53787.63,66984.756909,-0.0478688076233732,0.028276168217838436,44.496961135051635,58071.031428571434,58803.92190476191
2021-04-22,53787.62,55521.48,50500.0,51690.96,104656.631337,-0.03976060378705051,0.02637237637265304,33.750038165996656,56432.59999999999,58469.18476190477
2021-04-23,51690.95,52131.85,47500.0,51125.14,132230.780719,-0.011006558547651292,0.027187842972562958,32.5886521303308,54974.07714285714,58096.571904761906
2021-04-24,51110.56,51166.22,48657.14,50047.84,55361.512573,-0.02129700475873513,0.027203784747025707,25.203966226774043,53551.38857142858,57763.04333333333
2021-04-25,50047.84,50567.91,46930.0,49066.77,58255.645004,-0.019797324384079943,0.020520923384749066,23.131426201506812,52539.49714285714,57328.0319047619
2021-04-26,49066.76,54356.62,48753.44,54001.39,86310.802124,0.09582776337101846,0.04846833480679166,38.349175717421566,52306.39,57083.812857142846
2021-04-27,54001.38,55460.0,53222.0,55011.97,54064.034675,0.018541010943021647,0.04877467198959512,30.918506732982607,52104.52857142857,56941.94714285714
2021-04-28,55011.97,56428.0,53813.16,54846.22,55130.459015,-0.003017528793609669,0.04477558272389598,31.55087266745589,52255.75571428571,56889.2219047619
2021-04-29,54846.23,55195.84,52330.94,53555.0,52486.019455,-0.023824105906546798,0.042604332999950346,29.19117296601688,52522.04714285714,56673.863809523806
2021-04-30,53555.0,57963.0,53013.01,57694.27,68578.910045,0.07444869860711945,0.0489966852223079,42.831680462360175,53460.49428571429,56652.51761904761
2021-05-01,57697.25,58458.07,56956.14,57800.37,42600.351836,0.001837315218213768,0.046687622063003295,45.436108749480276,54567.99857142857,56558.76714285715
2021-05-02,57797.35,57911.02,56035.25,56578.21,36812.878863,-0.02137124828966742,0.04691767520129199,50.99411886522793,55641.06142857143,56395.70904761904
2021-05-03,56578.21,58981.44,56435.0,57169.39,57649.931286,0.01039468653491475,0.0330830776442957,53.554329120812255,56093.63285714285,56267.58476190475
2021-05-04,57169.39,57200.0,53046.69,53200.01,85324.625903,-0.07196003096966748,0.04416910093095012,43.49498497084737,55834.78142857143,55773.53761904761
2021-05-05,53205.05,58069.82,52900.0,57436.11,77263.923439,0.07661461528794215,0.05388609896562558,56.91334668828319,56204.76571428571,55510.51761904761
2021-05-06,57436.11,58360.0,55200.0,56393.68,70181.671908,-0.018316104117848727,0.05340601794262662,59.28181366740115,56610.291428571436,55188.312857142846
2021-05-07,56393.68,58650.0,55241.63,57314.75,74542.747829,0.016200912209963583,0.045107145528036977,62.047560302909154,56556.07428571429,54996.8819047619
2021-05-08,57315.49,59500.0,56900.0,58862.05,69709.906028,0.02663856290765698,0.04631965045198076,66.84787158764183,56707.74285714286,54942.37666666666
2021-05-09,58866.53,59300.0,56235.66,58240.84,69806.11991,-0.010609743743877945,0.045563852861479806,67.78032875720442,56945.26142857142,55041.94
2021-05-10,58240.83,59500.0,53400.0,55816.14,89586.34925,-0.04252375198618774,0.04863891207583633,53.896244704993244,56751.94,55050.654285714285
2021-05-11,55816.14,56862.43,54370.0,56670.02,64329.54055,0.01518224822672772,0.03820630851653378,53.58392685378321,57247.65571428572,55062.321904761906
2021-05-12,56670.02,58000.01,48600.0,49631.32,99842.789836,-0.13262323703978,0.054773087482776914,41.309861455038714,56132.68571428572,54864.40238095238
2021-05-13,49537.15,51367.19,46000.0,49670.97,147332.002121,0.0007985717571492955,0.055394258256592374,43.24590053326368,55172.29857142857,54768.21238095238
2021-05-14,49671.92,51483.0,48799.75,49841.45,80082.204306,0.0034263093346637553,0.05427368393267693,34.157697965731586,54104.684285714284,54707.084285714285
2021-05-15,49844.16,50700.0,46555.0,46762.99,89437.449359,-0.06375488905286,0.05204695305337822,30.117629257080253,52376.24714285714,54550.66285714285
2021-05-16,46762.99,49795.89,43825.39,46431.5,114269.812775,-0.007113969892819319,0.05231225909500797,31.11609716805944,50689.19857142858,54425.1738095238
2021-05-17,46426.83,46686.0,42001.0,43538.04,166657.172736,-0.06434306949225864,0.05365085384062782,26.63328797588889,48935.184285714284,53926.91904761905
2021-05-18,43538.02,45799.29,42250.02,42849.78,116979.860784,-0.0159345278743997,0.049911454849607226,30.00897355023855,46960.864285714284,53347.76714285715
2021-05-19,42849.78,43584.9,30000.0,36690.09,354347.243161,-0.15519381949293082,0.05710754687818019,12.701477628459187,45112.11714285713,52483.189523809524
2021-05-20,36671.23,42451.67,34850.0,40526.64,203017.596923,0.0994528443006428,0.0780845569429906,24.077615022431047,43805.78428571428,51862.791428571436
2021-05-21,40525.39,42200.0,33488.0,37252.01,202100.888258,-0.084253632547951,0.07903045998904533,19.56359611462429,42007.29285714286,50889.35047619047
2021-05-22,37263.35,38829.0,35200.62,37449.73,126542.243689,0.005293597223083863,0.08010492101634806,16.129264940738167,40676.82714285714,49920.27238095238
2021-05-23,37458.51,38270.64,31111.01,34655.25,217136.046593,-0.07755027101425602,0.08091758762628767,15.09163863164423,38994.50571428571,48876.321904761906
2021-05-24,34681.44,39920.0,34031.0,38796.29,161630.893971,0.11287539419061506,0.09849872766293337,26.02736060040864,38317.11285714286,48001.41238095238
2021-05-25,38810.99,39791.77,36419.62,38324.72,111996.228404,-0.012229504705664857,0.09851205658889818,23.87913491729455,37670.67571428571,47293.06523809524
2021-05-26,38324.72,40841.0,37800.44,39241.91,104780.773396,0.02365018953907607,0.07728248480742947,32.083931288060896,38035.221428571436,46426.67476190477
2021-05-27,39241.92,40411.14,37134.27,38529.98,86547.158794,-0.018308668772305418,0.06653450691014488,31.223229890501045,37749.98428571429,45576.02238095238
2021-05-28,38529.99,38877.83,34684.0,35663.49,135377.62972,-0.07730916315521141,0.06523346609315231,28.0953905328808,37523.05285714286,44545.009999999995
2021-05-29,35661.79,37338.58,33632.76,34605.15,112663.092689,-0.030124961488519942,0.06556385612150281,29.96588321989637,37116.68428571429,43389.91952380953
2021-05-30,34605.15,36488.0,33379.0,35641.27,73535.386967,0.02950172116854018,0.05975935811565337,32.62301243869469,37257.54428571429,42313.74952380952
2021-05-31,35641.26,37499.0,34153.84,37253.81,94160.735289,0.04424998538763259,0.04187599866529465,39.44414115844799,37037.19,41429.82904761905
2021-06-01,37253.82,37894.81,35666.0,36693.09,81234.66377,-0.015165767520091036,0.04196579524586953,39.61387374274646,36804.1,40478.54666666667
2021-06-02,36694.85,38225.0,35920.0,37568.68,67587.372495,0.02358227059865497,0.04195774644673215,51.80372253479894,36565.067142857144,39904.13523809524
2021-06-03,37568.68,39476.0,37170.0,39246.79,75889.106011,0.04369893289158691,0.04538688145328913,47.11699653143045,36667.46857142857,39407.74571428572
2021-06-04,39246.78,39289.07,35555.15,36829.0,91317.799245,-0.06358407913456297,0.04148663865516174,49.00886285282359,36833.97,38788.10523809524
2021-06-05,36829.15,37925.0,34800.0,35513.2,70459.62149,-0.03638111995464031,0.0424162117438743,45.688496289247645,36963.69142857143,38252.40095238095
2021-06-06,35516.07,36480.0,35222.0,35796.31,47650.206637,0.007940357113332096,0.04098914631720768,52.860324249962645,36985.84,37745.96333333333
2021-06-07,35796.31,36900.0,33300.0,33552.79,77574.952573,-0.06472479604498639,0.04232915672176004,35.474119637738085,36457.12285714286,37270.475238095234
2021-06-08,33556.96,34068.01,31000.0,33380.81,123251.189037,-0.005138835456786614,0.04248989962627304,36.0728887957393,35983.939999999995,36819.571904761906
2021-06-09,33380.8,37534.79,32396.82,37388.05,136607.597517,0.11336995068009252,0.06377604204828397,45.55200563551141,35958.135714285716,36852.80809523809
2021-06-10,37388.05,38491.0,35782.0,36675.72,109527.284943,-0.019236178908744933,0.06084439059288898,45.551131303359746,35590.840000000004,36669.43095238096
2021-06-11,36677.83,37680.4,35936.77,37331.98,78466.0053,0.01773537623175507,0.05644078874072041,54.47809785044648,35662.694285714286,36673.23904761905
2021-06-12,37331.98,37463.63,34600.36,35546.11,87717.54999,-0.04901960505525715,0.05805008627963805,52.43054443410077,35667.39571428572,36582.590476190475
2021-06-13,35546.12,39380.0,34757.0,39020.57,86921.025555,0.09325821606697823,0.0680569182849033,57.75235233986011,36128.00428571429,36790.462857142855
2021-06-14,39020.56,41064.05,38730.0,40516.29,108522.391949,0.03761517248338315,0.0591580923511518,57.524690361417996,37122.79,36872.36761904762
2021-06-15,40516.28,41330.0,39506.4,40144.04,80679.622838,-0.009230129428558456,0.059546787584080677,58.02918841900174,38088.96571428572,36959.001904761906
2021-06-16,40143.8,40527.14,38116.01,38349.01,87771.976937,-0.04574527341953061,0.05047328362126814,51.7410719664499,38226.24571428572,36916.48285714286
2021-06-17,38349.0,39559.88,37365.0,38092.97,79541.307119,-0.006698961944875928,0.04974401315334291,47.2511602199415,38428.71,36895.672857142854
2021-06-18,38092.97,38202.84,35129.29,35819.84,95228.042935,-0.06152782082782359,0.05519518460490094,47.57910908066789,38212.69,36903.1180952381
2021-06-19,35820.48,36457.0,34803.52,35483.72,68712.449461,-0.00942793009744289,0.051975659715675956,49.92579189711959,38203.77714285714,36944.95476190476
2021-06-20,35483.72,36137.72,33336.0,35600.16,89878.17085,0.0032761324830971688,0.032456656252354464,49.502066114653516,37715.14714285714,36942.99714285714
2021-06-21,35600.17,35750.0,31251.23,31608.93,168778.873159,-0.11891045662276035,0.043670464091509736,45.46761113779549,36442.66714285714,36674.193333333336
2021-06-22,31614.12,33298.78,28805.0,32509.56,204208.179762,0.028094524319938106,0.049320860073698965,48.03531361693972,35352.02714285714,36474.97761904762
2021-06-23,32509.56,34881.0,31683.0,33678.07,126966.100563,0.0353126837670968,0.05430815449052459,40.40556490579817,34684.75,36289.71047619048
2021-06-24,33675.07,35298.0,32286.57,34663.09,86625.80426,0.028828548379449724,0.057184703431457935,44.86749689264541,34194.76714285714,36071.439047619046
2021-06-25,34663.08,35500.0,31275.0,31584.45,116061.130356,-0.09301052120369376,0.0625772979525947,36.954681287334154,33589.71142857143,35821.69857142857
2021-06-26,31576.09,32730.0,30151.0,32283.65,107820.375287,0.021895999249812816,0.06438438121271865,42.210881072961,33132.55857142857,35667.910476190475
2021-06-27,32283.65,34749.0,31973.45,34700.34,96613.244211,0.07218857505595316,0.07217458514358982,39.136771328637906,33004.01285714286,35615.72142857143
2021-06-28,34702.49,35297.71,33862.72,34494.89,82222.267819,-0.005938288050668354,0.05188718243864437,33.8085486044708,33416.29285714286,35660.583333333336
2021-06-29,34494.89,36600.0,34225.43,35911.73,90788.79622,0.04025278594807432,0.052694140782459625,39.22471494177139,33902.317142857144,35781.10333333333
2021-06-30,35911.72,36100.0,34017.55,35045.0,77152.197634,-0.024431033120821895,0.053539642352115085,41.17078650844679,34097.59285714286,35669.52952380952
2021-07-01,35045.0,35057.57,32711.0,33504.69,71708.266112,-0.04494752092035272,0.05545154266868106,38.526397178486164,33932.107142857145,35518.52809523809
2021-07-02,33502.33,33977.04,32699.0,33786.55,56172.181378,0.008377365268202767,0.039548673603011904,44.353123557585775,34246.69285714286,35349.6980952381
2021-07-03,33786.54,34945.61,33316.73,34669.13,43044.578641,0.025786871340954098,0.03977651322964974,47.80435500991097,34587.47571428572,35307.93714285714
2021-07-04,34669.12,35967.85,34357.15,35286.51,43703.475789,0.017651072284598005,0.029662889385863356,49.17681789001877,34671.21428571428,35130.124761904764
2021-07-05,35288.13,35293.78,33125.55,33690.14,64123.874245,-0.04629552498009569,0.034994796497288296,56.24754971268975,34556.25,34805.07
2021-07-06,33690.15,35118.88,33532.0,34220.01,58210.596349,0.01560534774517823,0.03087078803673351,55.251466800119125,34314.57571428572,34522.97333333333
2021-07-07,34220.02,35059.09,33777.77,33862.12,53807.521675,-0.010513575195606917,0.02998860369773959,50.59467535346108,34145.59285714286,34309.311904761904
2021-07-08,33862.11,33929.64,32077.0,32875.71,70136.48032,-0.029562898272273284,0.026977454914339654,44.225398708470166,34055.73857142857,34060.87095238095
2021-07-09,32875.71,34100.0,32261.07,33815.81,47153.939899,0.028194357383748637,0.029276385687814124,58.36487305138523,34059.91857142857,33965.44095238095
2021-07-10,33815.81,34262.0,33004.78,33502.87,34761.175468,-0.009297337803434783,0.027070748469693037,54.706897004343936,33893.31,33871.11476190476
2021-07-11,33502.87,34666.0,33306.47,34258.99,31572.647448,0.022317905214544593,0.027766875092619346,48.04554130114208,33746.52142857143,33807.24952380952
2021-07-12,34259.0,34678.43,32658.34,33086.63,48181.403762,-0.034819738727865,0.025077265227474946,44.25563887692367,33660.305714285714,33877.61619047619
2021-07-13,33086.94,33340.0,32202.25,32729.77,41126.361008,-0.01084421199366593,0.023842348079103317,35.79200520103089,33447.41428571429,33888.10238095238
2021-07-14,32729.12,33114.03,31550.0,32820.02,46777.823484,0.002753633750060858,0.023984115588414092,39.32484430925121,33298.54285714286,33847.24285714285
2021-07-15,32820.03,33185.25,31133.0,31880.0,51639.576353,-0.029059841124266395,0.023896976224949823,41.72849839273148,33156.29857142857,33714.71476190476
2021-07-16,31874.49,32249.18,31020.0,31383.87,48499.864154,-0.015684787261425026,0.0192217505764006,38.028834272685934,32808.87857142857,33705.16333333334
2021-07-17,31383.86,31955.92,31164.31,31520.07,34012.242132,0.004330419138805793,0.020055070634318002,33.04933845772912,32525.62142857143,33668.80238095238
2021-07-18,31520.07,32435.0,31108.97,31778.56,35923.716186,0.008167362765899914,0.016865132444787,30.358644615179585,32171.274285714284,33529.670000000006
2021-07-19,31778.57,31899.0,30407.44,30839.65,47340.468499,-0.029990648832101084,0.01577966447078838,32.77139455186126,31850.277142857143,33355.61095238096
2021-07-20,30839.65,31063.07,29278.0,29790.35,61034.049017,-0.03461668416799106,0.018331639640723256,24.808518672699392,31430.359999999997,33064.11666666667
2021-07-21,29790.34,32858.0,29482.61,32144.51,82796.265128,0.07605715848404894,0.03872252240219611,42.03944105855905,31333.858571428573,32925.9980952381
2021-07-22,32144.51,32591.35,31708.0,32287.83,46148.092433,0.0044487049941116285,0.03699239516797104,47.044391442671625,31392.12,32868.05238095238
2021-07-23,32287.58,33650.0,31924.32,33634.09,50112.863626,0.040849756917323884,0.03866823539197765,49.12223755038005,31713.579999999998,32860.79238095238
2021-07-24,33634.1,34500.0,33401.14,34258.14,47977.550138,0.01838406474345351,0.038696156677053443,53.54173485781382,32104.73285714286,32841.22142857143
2021-07-25,34261.51,35398.0,33851.12,35381.02,47852.928313,0.03225131745929758,0.03937371869303771,55.08663827534025,32619.37,32845.72190476191
2021-07-26,35381.02,40550.0,35205.78,37237.6,152452.512724,0.05114348533727734,0.035562814340639806,67.7188794723313,33533.362857142856,33014.64857142857
2021-07-27,37241.33,39542.61,36383.0,39457.87,88397.267015,0.05791451692422995,0.024279538916479673,74.77789349788831,34914.43714285714,33264.07047619048
2021-07-28,39456.61,40900.0,38772.0,40019.56,101344.528441,0.014134814167452743,0.019902496550680014,75.62431219239963,36039.444285714286,33557.281904761905
2021-07-29,40019.57,40640.0,39200.0,40016.48,53998.439283,-7.696532715802908e-05,0.020965394664969307,81.02845480088962,37143.537142857145,33897.31857142857
2021-07-30,40018.49,42316.71,38313.23,42206.37,73602.784805,0.05327978825254109,0.02244662405012607,86.5499544750856,38368.148571428566,34296.869047619046
2021-07-31,42206.36,42448.0,41000.15,41461.83,44849.791012,-0.017797912555153794,0.029331037173829986,82.2503376927379,39397.24714285714,34675.86714285714
2021-08-01,41461.84,42599.0,39422.01,39845.44,53953.186326,-0.03976527538307319,0.038490296512152036,74.04962757850903,40035.02142857143,34941.88857142857
2021-08-02,39850.27,40480.01,38690.0,39147.82,50837.351954,-0.017663231962589804,0.03707008677493656,75.13053515329372,40307.909999999996,35230.51666666666
2021-08-03,39146.86,39780.0,37642.03,38207.05,57117.435853,-0.024324684058787516,0.030800469817574495,75.62707426239993,40129.22142857143,35491.339523809525
2021-08-04,38207.04,39969.66,37508.56,39723.18,52329.35243,0.03891484283709042,0.03451312763208969,74.31637497938523,40086.881428571425,35820.06142857143
2021-08-05,39723.17,41350.0,37332.7,40862.46,84343.755621,0.028276896761954197,0.036267255909703616,75.85924244681513,40207.735714285714,36247.79761904762
2021-08-06,40862.46,43392.43,39853.86,42836.87,75753.941347,0.04718738719477047,0.03490680495265741,76.74048297320138,40297.80714285715,36793.17857142857
2021-08-07,42836.87,44700.0,42446.41,44572.54,73396.740808,0.03971879398871793,0.0361834611221512,78.15188436176254,40742.194285714286,37414.72476190476
2021-08-08,44572.54,45310.0,43261.0,43794.37,69329.092698,-0.01761270403291667,0.031771030384825275,73.40358474704988,41306.327142857146,37986.90619047619
2021-08-09,43794.36,46454.15,42779.0,46253.4,74587.884845,0.05462970446216788,0.031702633273216346,74.26610625861959,42321.409999999996,38720.89428571429
2021-08-10,46248.87,46700.0,44589.46,45584.99,53814.643421,-0.01455647910352678,0.029358173075674513,67.9943941526266,43375.40142857143,39473.020000000004
2021-08-11,45585.0,46743.47,45341.14,45511.0,52734.901977,-0.0016244406865866849,0.03019361584426027,66.60311367338721,44202.23285714286,40109.519523809526
2021-08-12,45510.67,46218.12,43770.0,44399.0,55266.108781,-0.02473710831782772,0.03401233454180936,62.41767395998027,44707.45285714285,40686.24190476191
2021-08-13,44400.06,47886.0,44217.39,47800.0,48239.370431,0.07380869283538957,0.03964324364447461,64.83138458568806,45416.47142857143,41360.809047619055
2021-08-14,47799.99,48144.0,45971.03,47068.51,46114.359022,-0.015421439567330678,0.03954428601857067,64.87628128522275,45773.03857142857,41970.826666666675
2021-08-15,47068.5,47372.27,45500.0,46973.82,42110.711334,-0.002013774690601655,0.038294373214496816,70.57530425465835,46227.24571428571,42522.86476190476
2021-08-16,46973.82,48053.83,45660.0,45901.29,52480.574014,-0.023097203992741226,0.03425685365522359,69.08021835766155,46176.944285714286,42935.42142857143
2021-08-17,45901.3,47160.0,44376.0,44695.95,57039.341629,-0.02661032775885209,0.035332554059507186,68.0627141309443,46049.938571428575,43184.85380952381
2021-08-18,44695.95,46000.0,44203.28,44705.29,54099.415985,0.00020894564849409231,0.0353496298064308,65.13826810125582,45934.83714285715,43407.98380952381
2021-08-19,44699.37,47033.0,43927.7,46760.62,53411.75392,0.0449495565754806,0.03778891804904158,66.97663976421015,46272.211428571434,43729.13333333334
2021-08-20,46760.62,49382.99,46622.99,49322.47,56850.352228,0.05333836243326847,0.032167565331669125,68.05684554236242,46489.70714285714,44067.99523809524
2021-08-21,49322.47,49757.04,48222.0,48821.87,46745.136584,-0.010201389940111036,0.03168623659950189,62.7044619723902,46740.18714285714,44418.473333333335
2021-08-22,48821.88,49500.0,48050.0,49239.22,37007.887795,0.008512092205915797,0.03153486287754639,66.63773952740794,47063.815714285716,44865.79619047619
2021-08-23,49239.22,50500.0,49029.0,49488.85,52462.541954,0.005056931265299252,0.028771126158726033,61.42981796086494,47576.32428571429,45358.22619047619
2021-08-24,49488.85,49860.0,47600.0,47674.01,51014.594748,-0.03736100600577641,0.031275770199541905,56.82687166911331,48001.76142857143,45809.03380952381
2021-08-25,47674.01,49264.3,47126.28,48973.32,44655.830342,0.026889274355853948,0.0316191762556077,60.475815870211136,48611.479999999996,46249.51666666666
2021-08-26,48973.32,49352.84,46250.0,46843.87,49371.277774,-0.044455503018913885,0.034500712858115096,56.96832024625559,48623.37285714286,46534.345714285715
2021-08-27,46843.86,49149.93,46348.0,49069.9,42068.104965,0.04642565518730656,0.0327842501175855,53.87926768321667,48587.291428571436,46831.15666666667
2021-08-28,49069.9,49299.0,48346.88,48895.35,26681.063786,-0.0035635122599486395,0.032559982659565785,55.777175659231254,48597.78857142857,47037.00476190476
2021-08-29,48895.35,49632.27,47762.54,48767.83,32652.283473,-0.002611425769036323,0.032358363885344056,55.66159860688844,48530.44714285714,47273.836190476184
2021-08-30,48767.84,48888.61,46853.0,46982.91,40288.35083,-0.03728695560163383,0.034820020715815386,53.26653805313584,48172.455714285716,47308.57476190476
2021-08-31,46982.91,48246.11,46700.0,47100.89,48645.52737,0.0025079782457921107,0.0322745895788129,57.77356856102971,48090.58142857143,47380.76047619047
2021-09-01,47100.89,49156.0,46512.0,48810.52,49904.65528,0.03565396658703159,0.03370801038238373,61.95536254607872,48067.32428571429,47537.880476190476
2021-09-02,48810.51,50450.13,48584.06,49246.64,54410.770538,0.008895278543618722,0.02758125947574575,57.99374653532076,48410.577142857146,47768.72047619048
2021-09-03,49246.63,51000.0,48316.84,49999.14,59025.644157,0.015164663339698799,0.02215907166421648,52.462331964865726,48543.32571428571,47873.44142857143
2021-09-04,49998.0,50535.69,49370.0,49915.64,34664.65959,-0.0016714247769793876,0.022081624224089956,54.10471706397724,48689.08142857143,48009.01904761904
2021-09-05,49917.54,51900.0,49450.0,51756.88,40544.835873,0.036222989665486205,0.025120653932147657,58.536049506279824,49116.08857142857,48236.78380952381
2021-09-06,51756.88,52780.0,50969.33,52663.9,49249.667081,0.017372841164721087,0.01495528381344381,60.305518932319636,49927.65857142857,48558.81285714285
2021-09-07,52666.2,52920.0,42843.05,46863.73,123048.802719,-0.11668618261666851,0.052929257274753685,47.91056599453118,49893.77857142857,48662.04047619047
2021-09-08,46868.57,47340.99,44412.02,46048.31,65069.3152,-0.017552965928858206,0.050604308049353744,42.264354532014885,49499.177142857145,48725.99380952381
2021-09-09,46048.31,47399.97,45513.08,46395.14,50651.66002,0.007503649579212201,0.050528070553494765,48.689719291053244,49091.82,48708.590000000004
2021-09-10,46395.14,47033.0,44132.29,44850.91,49048.26618,-0.03385083421309653,0.05009307391417116,37.169793992444795,48356.35857142857,48495.65857142857
2021-09-11,44842.2,45987.93,44722.22,45173.69,30440.4081,0.007170959564001218,0.05060941719305734,38.78332909379585,47678.93714285714,48321.93571428572
2021-09-12,45173.68,46460.0,44742.06,46025.24,32094.28052,0.018675103944809108,0.04806259809554609,42.079798358427816,46860.131428571425,48168.88904761905
2021-09-13,46025.23,46880.0,43370.0,44940.73,65429.15056,-0.023845431156868973,0.04564713825712853,43.85384639461449,45756.821428571435,47952.311904761904
2021-09-14,44940.72,47250.0,44594.44,47111.52,44855.85099,0.047173046597374216,0.027989285318729153,50.028473788846085,45792.219999999994,47925.52666666667
2021-09-15,47103.28,48500.0,46682.32,48121.41,43204.71174,0.021209635319469546,0.027595560116600533,48.08224172142122,46088.37714285714,47884.95952380953
2021-09-16,48121.4,48557.0,47021.1,47737.82,40725.08895,-0.00800323656818104,0.02809978802301731,45.788717440306534,46280.188571428575,47927.52857142857
2021-09-17,47737.81,48150.0,46699.56,47299.98,34461.92776,-0.009214083189828333,0.023766501474320384,42.331652969198885,46630.055714285714,47843.246666666666
2021-09-18,47299.98,48843.2,47035.56,48292.74,30906.47038,0.02077136613693967,0.024276490914612453,45.61582657161906,47075.63428571429,47814.55095238095
2021-09-19,48292.75,48372.83,46829.18,47241.75,29847.24349,-0.0220032032815168,0.02649233953563285,37.258619161920656,47249.42142857143,47741.880476190476
2021-09-20,47241.75,47347.25,42500.0,43015.62,78003.524443,-0.09371472997414354,0.045181688029410416,27.068831437985892,46974.40571428571,47552.961904761905
2021-09-21,43016.64,43639.0,39600.0,40734.38,84534.080485,-0.054490852225822076,0.041319999609392706,32.50611494672786,46063.385714285716,47249.79476190476
2021-09-22,40734.09,44000.55,40565.39,43543.61,58349.05542,0.06669051131367976,0.05137496159274689,43.58176048412391,45409.41428571428,46998.98952380953
2021-09-23,43546.37,44978.0,43069.09,44865.26,48699.57655,0.029900811262542855,0.05407351002607745,46.26625040635168,44999.04857142857,46790.352380952376
2021-09-24,44865.26,45200.0,40675.0,42810.57,84113.426292,-0.04687874118217047,0.05595515006457226,45.14150161637212,44357.70428571429,46448.03952380953
2021-09-25,42810.58,42966.84,41646.28,42670.64,33594.57189,-0.00327393879868255,0.054156296866018014,43.98732824112084,43554.54714285715,46103.03952380953
2021-09-26,42670.63,43950.0,40750.0,43160.9,49879.99765,0.011423896898211428,0.05517584934823109,42.997922116019275,42971.56857142857,45693.70714285715
2021-09-27,43160.9,44350.0,42098.0,42147.35,39776.84383,-0.023763181042317418,0.043118177090492794,43.147615557236726,42847.530000000006,45192.91904761905
2021-09-28,42147.35,42787.38,40888.0,41026.54,43372.2624,-0.026952637413386934,0.03865307276116319,34.26235325275083,42889.26714285714,44914.95761904762
2021-09-29,41025.01,42590.0,40753.88,41524.28,33511.53487,0.012059142038448096,0.0269175971289638,32.47346896268465,42600.79142857143,44699.527619047614
2021-09-30,41524.29,44141.37,41410.17,43824.1,46381.22781,0.053905577976211407,0.03317240398558495,40.56327351007685,42452.05428571429,44577.097142857136
2021-10-01,43820.01,48495.0,43283.03,48141.61,66244.87492,0.09396298154418624,0.043483613215210846,51.70949667110952,43213.631428571425,44733.79714285715
2021-10-02,48141.6,48336.59,47430.18,47634.9,30508.98131,-0.01058119005719298,0.0441278238874049,48.63689823483047,43922.811428571425,44850.997619047615
2021-10-03,47634.89,49228.08,47088.0,48200.01,30825.05601,0.01179354266560912,0.04412204390657484,52.0264011997777,44642.68428571429,44954.55809523809
2021-10-04,48200.01,49536.12,46891.0,49224.94,46796.49372,0.02104117710619458,0.04053440392426021,65.18677622561654,45653.76857142857,45158.5680952381
2021-10-05,49224.93,51886.3,49022.4,51471.99,52125.66793,0.04463737058465869,0.03468194994721257,76.30607884074615,47145.97571428572,45366.20952380953
2021-10-06,51471.99,55750.0,50382.41,55315.0,79877.545181,0.07200634327060802,0.036189865612550706,77.44838936387416,49116.07857142857,45708.76142857143
2021-10-07,55315.0,55332.31,53357.0,53785.22,54917.37766,-0.02804541125150523,0.043768417021529255,70.59951318420943,50539.09571428572,45996.73285714286
2021-10-08,53785.22,56100.0,53617.61,53951.43,46160.25785,0.00308548914159256,0.03369649725827539,78.18698317311342,51369.07000000001,46313.46857142857
2021-10-09,53955.67,55489.0,53661.67,54949.72,55177.08013,0.018334387918285084,0.03155989946554881,79.7735585171851,52414.044285714284,46630.467619047624
2021-10-10,54949.72,56561.31,54080.0,54659.0,89237.836128,-0.005304699876692706,0.03296795961579602,78.15230612832522,53336.75714285714,46983.670000000006
2021-10-11,54659.01,57839.04,54415.06,57471.35,52933.165751,0.05017267734198954,0.03518512407365403,84.48238617032193,54514.81571428571,47672.038095238095
2021-10-12,57471.35,57680.0,53879.0,55996.93,53471.2855,-0.02598969495671528,0.03769129527171992,83.15899289658519,55161.235714285714,48398.8261904762
2021-10-13,55996.91,57777.0,54167.19,57367.0,55808.44492,0.024172357303921338,0.028130287418145876,83.78557859385704,55454.37857142858,49057.08285714286
2021-10-14,57370.83,58532.54,56818.05,57347.94,43053.336781,-0.00033230196825961595,0.024369762677530146,81.94826229068256,55963.338571428576,49651.49619047619
2021-10-15,57347.94,62933.0,56850.0,61672.42,82512.908022,0.07269990621610015,0.03384045932870635,81.95420502083158,57066.33714285714,50549.67952380952
2021-10-16,61672.42,62378.42,60150.0,60875.57,35467.88096,-0.013004884546981205,0.03596609909241291,80.8463014034357,57912.887142857144,51416.58095238095
2021-10-17,60875.57,61718.39,58963.0,61528.33,39099.24124,0.010665774343540647,0.03498388348435453,80.92420503406501,58894.22000000001,52291.22047619047
2021-10-18,61528.32,62695.78,59844.45,62009.84,51798.44844,0.007795362977312687,0.03178973343633953,80.43073211415863,59542.57571428572,53237.05333333334
2021-10-19,62005.6,64486.0,61322.22,64280.59,53628.107744,0.035964637291379095,0.028248215717202596,80.45278565267384,60725.95571428571,54344.38904761906
2021-10-20,64280.59,67000.0,63481.4,66001.41,51428.934856,0.0264183860137485,0.02832003167545275,78.25885984132702,61959.44285714285,55509.96666666667
2021-10-21,66001.4,66639.74,62000.0,62193.15,68538.64537,-0.05943124037142096,0.04125652056758963,69.84261241211996,62651.61571428571,56384.68333333333
2021-10-22,62193.15,63732.39,60000.0,60688.22,52119.35886,-0.024495255024330125,0.032736723319151284,64.95384960979379,62511.01571428571,56982.14095238095
2021-10-23,60688.23,61747.64,59562.15,61286.75,27626.93678,0.009814059457965237,0.03262883327203273,64.3206416484863,62569.75571428571,57632.22904761904
2021-10-24,61286.75,61500.0,59510.63,60852.22,31226.57676,-0.007115367573461971,0.032439036756455805,63.90527416194119,62473.16857142857,58234.71523809524
2021-10-25,60852.22,63710.63,60650.0,63078.78,36853.83806,0.03593611946449075,0.03540267045678738,62.93015943437255,62625.874285714286,58894.4219047619
2021-10-26,63078.78,63293.48,59817.55,60328.81,40217.50083,-0.044574653976376374,0.035777501884022345,59.43391459936547,62061.33428571429,59316.17523809524
2021-10-27,60328.81,61496.0,58000.0,58413.44,62124.49016,-0.03226376706842764,0.032831554867303936,52.226053186682655,60977.33857142857,59463.719999999994
2021-10-28,58413.44,62499.0,57820.0,60575.89,61056.35301,0.03635095878154798,0.0323739501827558,56.292847292376685,60746.30142857142,59787.08523809524
2021-10-29,60575.9,62980.0,60174.81,62253.71,43973.90414,0.027321172837900806,0.032765262028116526,51.263612929984696,60969.94285714285,60182.43190476191
2021-10-30,62253.7,62359.25,60673.0,61859.19,31478.12566,-0.006357458874696461,0.03282730519874486,52.17626792242768,61051.72000000001,60511.45428571429
2021-10-31,61859.19,62405.3,59945.36,61299.8,39267.63794,-0.009084092793678443,0.03292000376555945,49.49227763457765,61115.659999999996,60827.68285714286
2021-11-01,61299.81,62437.74,59405.0,60911.11,44687.66672,-0.006360992003154558,0.029110138288033705,47.54885535317428,60805.99285714286,60991.48095238096
2021-11-02,60911.12,64270.0,60624.68,63219.99,46368.2841,0.03720496031871912,0.02690527540165426,47.63793766970503,61219.01857142857,61335.4361904762
2021-11-03,63220.57,63500.0,60382.76,62896.48,43336.09049,-0.005130348313391929,0.021835224193670604,42.62606390128724,61859.45285714286,61598.74476190477
2021-11-04,62896.49,63086.31,60677.01,61395.01,35930.93314,-0.024161638804099172,0.021902771903719927,47.8712429227242,61976.469999999994,61791.46238095238
2021-11-05,61395.01,62595.72,60721.0,60937.12,31604.48749,-0.007486048650989339,0.018923009073295253,50.70312402893176,61788.38571428571,61756.44809523809
2021-11-06,60940.18,61560.49,60050.0,61470.61,25590.57408,0.008716661568431403,0.019337552897338923,50.52130648148463,61732.87428571429,61784.78333333333
2021-11-07,61470.62,63286.35,61322.78,63273.59,25515.6883,0.02890884809094554,0.021829036284872552,56.37102371784651,62014.84428571428,61867.89095238095
2021-11-08,63273.58,67789.0,63273.58,67525.83,54442.094554,0.06504216884637133,0.030752192158789802,60.57377856041302,62959.80428571429,62130.55714285714
2021-11-09,67525.82,68524.25,66222.4,66947.66,44661.378068,-0.008599071276880508,0.03003716738537409,67.55023500718839,63492.32857142858,62257.560476190476
2021-11-10,66947.67,69000.0,62822.9,64882.43,65171.504046,-0.03133425720348249,0.033415905545467826,67.01763007103273,63776.035714285725,62204.275714285715
2021-11-11,64882.42,65600.07,64100.0,64774.26,37237.98058,-0.0016685606442103456,0.03121612157176829,62.38278242967832,64258.78571428572,62327.18571428572
2021-11-12,64774.25,65450.7,62278.0,64122.23,44490.10816,-0.010117196545531833,0.03144382331155831,55.86601333864101,64713.80142857144,62490.71000000001
2021-11-13,64122.22,65000.0,63360.22,64380.0,22504.97383,0.004011920193832118,0.031458234422053165,57.98234442121583,65129.42857142857,62638.007619047625
2021-11-14,64380.01,65550.51,63576.27,65519.1,25705.07347,0.01753867731607232,0.03039014864883709,62.88759299238467,65450.21571428572,62860.240000000005
2021-11-15,65519.11,66401.82,63400.0,63606.74,37829.37124,-0.029622263612827583,0.017566045904302285,57.532516379044885,64890.345714285715,62885.38095238096
2021-11-16,63606.73,63617.31,58574.07,60058.87,77455.15609,-0.057394191714532264,0.025488025923443486,41.738778650531984,63906.23285714286,62872.52666666667
2021-11-17,60058.87,60840.23,58373.0,60344.87,46289.38491,0.004750691928607092,0.025403645755212437,43.31856314582474,63258.01,62964.499523809536
2021-11-18,60344.86,60976.0,56474.26,56891.62,62146.99931,-0.058927885424531284,0.030787730304337485,39.30135817984419,62131.91857142858,62789.05809523809
2021-11-19,56891.62,58320.0,55600.0,58052.24,50715.88726,0.020195240460608506,0.03412073364453468,43.36787240773027,61264.77714285714,62588.98809523809
2021-11-20,58057.1,59845.0,57353.0,59707.51,33811.5901,0.028114513307780045,0.03733079452615664,46.1455656187339,60597.27857142857,62486.52714285714
2021-11-21,59707.52,60029.76,58486.65,58622.02,31902.22785,-0.018347414213866074,0.03519955348638137,39.50153406426143,59611.98142857143,62359.013809523814
2021-11-22,58617.7,59444.0,55610.0,56247.18,51724.32047,-0.0413544874234942,0.03622671316096204,22.187424942679,58560.61571428572,62136.9219047619
2021-11-23,56243.83,58009.99,55317.0,57541.27,49917.85017,0.022746522987712518,0.0341457497538583,27.595394265173184,58200.95857142857,61866.50666666666
2021-11-24,57541.26,57735.0,55837.0,57138.29,39612.04964,-0.007027959623695437,0.033809476255657264,29.968432227064454,57742.875714285714,61592.30714285714
2021-11-25,57138.29,59398.9,57000.0,58960.36,42153.51522,0.0313908838384089,0.027733951668475188,36.18615322181322,58038.409999999996,61476.37142857143
2021-11-26,58960.37,59150.0,53500.0,53726.53,65927.87066,-0.09295843321180253,0.04504455956069219,29.71613476242841,57420.451428571425,61133.009999999995
2021-11-27,53723.72,55280.0,53610.0,54721.03,29716.99957,0.0183411757514558,0.04376103584362507,31.680314328014987,56708.09714285714,60811.60142857143
2021-11-28,54716.47,57445.05,53256.64,57274.88,36163.7137,0.04561403694585218,0.04872281375516518,35.159999164777204,56515.64857142857,60525.94857142858
2021-11-29,57274.89,58865.97,56666.67,57776.25,40125.28009,0.008715658399547181,0.04579607489309536,38.94317802111278,56734.08714285714,60061.68285714286
2021-11-30,57776.25,59176.99,55875.55,56950.56,49161.05194,-0.014394268550105557,0.04538912400631245,43.4268107774326,56649.700000000004,59585.630476190476
2021-12-01,56950.56,59053.55,56458.01,57184.07,44956.63656,0.004091840063051094,0.04535692923628281,43.30093729229684,56656.23999999999,59219.0419047619
2021-12-02,57184.07,57375.47,55777.77,56480.34,37574.05976,-0.012382750098007033,0.04329691032054833,49.0133308767364,56301.951428571425,58824.09333333333
2021-12-03,56484.26,57600.0,51680.0,53601.05,58927.69027,-0.05232395555977342,0.030570376934924006,40.134996948207295,56284.025714285715,58323.08476190476
2021-12-04,53601.05,53859.1,42000.3,49152.47,114203.373748,-0.08664155778315352,0.04307557327541624,29.18451736266961,55488.51714285714,57597.96428571428
2021-12-05,49152.46,49699.05,47727.21,49396.33,45580.82012,0.004949030282182365,0.0355755793168287,31.181424425969297,54363.009999999995,56830.21333333333
2021-12-06,49396.32,50891.11,47100.0,50441.92,58571.21575,0.020946445463868552,0.03753285291276876,37.479456876478984,53315.24857142857,56203.31714285714
2021-12-07,50441.91,51936.33,50039.74,50588.95,38253.46877,0.0029105975984963822,0.03847508828635683,34.22500031766374,52406.44714285714,55752.36857142857
2021-12-08,50588.95,51200.0,48600.0,50471.19,38425.92466,-0.002330494560926045,0.037963665580543836,34.6737984042783,51447.46428571428,55282.19333333332
2021-12-09,50471.19,50797.76,47320.0,47545.59,37692.68665,-0.05971363822672122,0.0409290604368746,25.026964420966124,50171.07142857143,54837.14428571429
2021-12-10,47535.9,50125.0,46852.0,47140.54,44233.57391,-0.008555687528783013,0.039298661895534534,31.731372545756244,49248.14142857143,54317.53952380953
2021-12-11,47140.54,49485.71,46751.0,49389.99,28889.19358,0.0466144194002914,0.03236678311837499,36.174946940824746,49282.072857142855,53826.229047619054
2021-12-12,49389.99,50777.0,48638.0,50053.9,26017.93421,0.013352652721007085,0.03270522137640451,29.238626784171984,49376.01142857143,53418.22333333333
2021-12-13,50053.9,50189.97,45672.75,46702.75,50869.52093,-0.06929737535263912,0.040740469639678284,22.644786118714237,48841.84428571428,52963.72666666667
2021-12-14,46702.76,48700.41,46290.0,48343.28,39955.98445,0.034524176232671906,0.04414948737242272,29.56004833047099,48521.03428571428,52525.72714285714
2021-12-15,48336.95,49500.0,46547.0,48864.98,51629.181,0.010733758816394861,0.044627995532174426,30.51117380077899,48291.57571428572,52131.759999999995
2021-12-16,48864.98,49436.43,47511.0,47632.38,31949.86739,-0.025548202428183887,0.03912776352963366,29.77340996063478,48303.974285714285,51592.33238095238
2021-12-17,47632.38,47995.96,45456.0,46131.2,43104.4887,-0.03202327139996514,0.04097099435743744,31.775510771694528,48159.78285714286,51230.649999999994
2021-12-18,46133.83,47392.37,45500.0,46834.48,25020.05271,0.015130173120065147,0.03603573898382405,43.08008566640139,47794.71,50855.09999999999
2021-12-19,46834.47,48300.01,46406.91,46681.23,29305.70665,-0.0032775271061218484,0.03495699673543279,41.85050137831012,47312.9,50350.64047619047
2021-12-20,46681.24,47537.57,45558.85,46914.16,35848.50609,0.00497739217481098,0.023262478827563816,38.86820292551415,47343.101428571434,49833.398095238095
2021-12-21,46914.17,49328.96,46630.0,48889.88,37713.92924,0.041250873237454126,0.024971413456180213,45.193336467861755,47421.18714285714,49449.55619047619
2021-12-22,48887.59,49576.13,48421.87,48588.16,27004.2022,-0.0061905422711137255,0.024758789561083197,44.72778973315706,47381.64142857143,49040.22714285714
2021-12-23,48588.17,51375.0,47920.42,50838.81,35192.54046,0.04528015945422746,0.027306499715045087,59.582718388744304,47839.70285714285,48771.58285714286
2021-12-24,50838.82,51810.0,50384.43,50820.0,31684.84269,-0.0003700613889668522,0.021276776311408122,60.95280790241997,48509.53142857143,48639.1519047619
2021-12-25,50819.99,51156.23,50142.32,50399.66,19135.51613,-0.008305548869195585,0.02282532817451615,53.37281371907774,49018.84285714286,48698.54190476191
2021-12-26,50399.67,51280.0,49412.0,50775.49,22569.88914,0.007429328815574095,0.022096830404566094,52.45778350905229,49603.73714285715,48764.21619047619
2021-12-27,50775.48,52088.0,50449.0,50701.44,28792.21566,-0.0014594452777345129,0.022567202710898737,67.53413040370657,50144.77714285714,48776.57428571428
2021-12-28,50701.44,50704.05,47313.01,47543.74,45853.33924,-0.06430418312979821,0.03224573451759596,46.905747475185294,49952.47142857143,48631.56428571428
2021-12-29,47543.74,48139.08,46096.99,46464.66,39498.87,-0.02295810578396181,0.033049339550360005,41.09484653272131,49649.11428571429,48440.77714285714
2021-12-30,46464.66,47900.0,45900.0,47120.87,30352.29569,0.01402397902343454,0.026335307326589147,48.0175183613356,49117.98,48420.55238095238
2021-12-31,47120.88,48548.26,45678.0,46216.93,34937.99796,-0.019369821492674983,0.02605286600639246,50.3483965144906,48460.39857142857,48376.57095238095
2022-01-01,46216.93,47954.63,46208.37,47722.65,19604.46325,0.03205994678177879,0.03134110211966859,53.38842281559138,48077.968571428566,48297.17380952381
2022-01-02,47722.66,47990.0,46654.0,47286.18,18340.4604,-0.009188052743592882,0.03061654550979052,52.25910194582636,47579.49571428571,48165.37761904762
2022-01-03,47286.18,47570.0,45696.0,46446.1,27662.0771,-0.01792557472959721,0.030467885413530123,48.32791762406116,46971.590000000004,48153.15619047619
2022-01-04,46446.1,47557.54,45500.0,45832.01,35491.4136,-0.013309745191831738,0.02048414727335771,37.89891164721888,46727.05714285715,48033.571904761906
2022-01-05,45832.01,47070.0,42500.0,43451.13,51784.11857,-0.0533458970167032,0.027037136733078854,32.543555901412574,46296.55285714286,47775.769523809526
2022-01-06,43451.14,43816.0,42430.58,43082.31,38880.37305,-0.00852438625717462,0.025024672942079048,19.776777155895928,45719.61571428571,47559.09952380953
2022-01-07,43082.3,43145.83,40610.0,41566.48,54836.50818,-0.03581839879060997,0.02647458610749106,17.710607270270714,45055.26571428571,47341.7319047619
2022-01-08,41566.48,42300.0,40501.0,41679.74,32952.73111,0.0027210861918856148,0.019030827057783924,18.90620141549394,44191.99285714286,47096.2680952381
2022-01-09,41679.74,42786.7,41200.02,41864.62,22724.39426,0.00442591939892638,0.020850086532210276,17.78662585017291,43417.48428571429,46866.90571428571
2022-01-10,41864.62,42248.5,39650.0,41822.49,50729.17019,-0.0010068457032168852,0.021740180996780184,17.827769802211577,42756.968571428566,46624.445238095235
2022-01-11,41822.49,43100.0,41268.93,42729.29,37296.43729,0.02145040043967803,0.02577974095172543,29.15495848267132,42313.72285714286,46331.08380952381
2022-01-12,42729.29,44322.0,42450.0,43902.66,33943.2928,0.027090276943410884,0.020665448395581668,38.99718960221535,42378.22714285715,46107.96476190476
2022-01-13,43902.65,44500.0,42311.22,42560.11,34910.87762,-0.03105748088409937,0.02397321013705125,31.50366377317539,42303.62714285714,45713.740952380955
2022-01-14,42558.35,43448.78,41725.95,43059.96,32640.88292,0.011676133382902501,0.01890723447631197,36.762928804258046,42516.98142857143,45344.21523809524
2022-01-15,43059.96,43800.0,42555.0,43084.29,21936.05616,0.0005648665034966843,0.018968826951087845,27.79273680642403,42717.63142857143,44995.864285714284
2022-01-16,43084.29,43475.0,42581.79,43071.66,20602.35271,-0.0002931892710942959,0.01906524662305934,28.968411597385128,42890.065714285716,44629.015238095235
2022-01-17,43071.66,43176.18,41540.42,42201.62,27562.08613,-0.020406631301085873,0.021213609761156556,28.882049383748026,42944.22714285715,44224.26190476191
2022-01-18,42201.63,42691.0,41250.0,42352.12,29324.08257,0.0035598699462948903,0.019378083881903645,31.848856702625866,42890.34571428572,43977.04190476191
2022-01-19,42352.12,42559.13,41138.56,41660.01,31685.72159,-0.016476803005825883,0.015325052473534393,38.65963454939159,42569.967142857146,43748.24904761904
2022-01-20,41660.0,43505.0,40553.31,40680.91,42330.33953,-0.023782735226194826,0.013611373394388225,35.88637159736611,42301.51,43441.584285714285
2022-01-21,40680.92,41100.0,35440.45,36445.31,88860.891999,-0.109946159879111,0.0395412864617478,27.1929207323319,41356.560000000005,42976.26904761905
2022-01-22,36445.31,36835.22,34008.0,35071.42,90471.338961,-0.038426226985850784,0.038258243892011615,23.5408535384192,40211.864285714284,42373.82952380952
2022-01-23,35071.42,36499.0,34601.01,36244.55,44279.52354,0.032902471390134344,0.044081104082173334,29.147901867241345,39236.56285714286,41848.03761904762
2022-01-24,36244.55,37550.0,32917.17,36660.35,91904.753211,0.011406764386201865,0.04618188713019492,31.36371184935416,38444.95285714286,41382.049523809525
2022-01-25,36660.35,37545.14,35701.0,36958.32,49232.40183,0.008095001638556682,0.04659919895681784,28.2077386153629,37674.409999999996,40959.49285714286
2022-01-26,36958.32,38919.98,36234.63,36809.34,69830.16036,-0.004039173875103207,0.046967617501108866,20.96823307532121,36981.45714285714,40643.217142857146
2022-01-27,36807.24,37234.47,35507.01,37160.1,53020.87934,0.009483987687842301,0.04792106479143564,25.94583903876189,36478.48428571429,40361.20714285714
2022-01-28,37160.11,38000.0,36155.01,37716.56,42154.26956,0.014863650295472364,0.022038006718699796,26.317445684451286,36660.09142857143,40177.87761904761
2022-01-29,37716.57,38720.74,37268.44,38166.84,26129.49682,0.011867820497437117,0.010986882240578758,28.99827030259027,37102.294285714284,40010.596666666665
2022-01-30,38166.83,38359.26,37351.63,37881.76,21430.66527,-0.007497346048860223,0.008573602183446747,28.338773091145853,37336.18142857143,39820.93666666667
2022-01-31,37881.75,38744.0,36632.61,38466.9,36855.2458,0.015328401493649993,0.009075474795758315,34.03256148031605,37594.26,39661.14666666667
2022-02-01,38466.9,39265.2,38000.0,38694.59,34574.44663,0.005901665736712944,0.009064058941057359,34.46511592347595,37842.29857142857,39469.0180952381
2022-02-02,38694.59,38855.92,36586.95,36896.36,35794.6813,-0.04758689578779582,0.02251456995727215,31.504855914415998,37854.729999999996,39135.38476190476
2022-02-03,36896.37,37387.0,36250.0,37311.61,32081.10999,0.01119163707773322,0.02263910050212314,36.31951899667538,37876.374285714286,38885.45619047619
2022-02-04,37311.98,41772.33,37026.73,41574.25,64703.95874,0.108176446956934,0.04691128317222274,70.779577516145,38427.47285714286,38814.70809523809
2022-02-05,41571.7,41913.69,40843.01,41382.59,32532.34372,-0.004620724246786973,0.04744197256380105,78.27820777179461,38886.86571428571,38733.67476190476
2022-02-06,41382.6,42656.0,41116.56,42380.87,22405.16704,0.02383682019847353,0.04681873036538673,77.93243398256774,39529.595714285715,38700.78
2022-02-07,42380.87,44500.5,41645.85,43839.99,51060.62006,0.033849333356895696,0.04729323789037037,79.84666856231617,40297.18,38778.79761904762
2022-02-08,43839.99,45492.0,42666.0,44042.99,64880.29387,0.004619787837026135,0.047353399745564184,79.6862704346172,41061.23714285715,38859.31523809523
2022-02-09,44043.0,44799.0,43117.92,44372.72,34428.16729,0.007458663819307352,0.03824519441877423,81.21926936628442,42129.28857142857,38988.49190476191
2022-02-10,44372.71,45821.0,43174.01,43495.44,62357.29091,-0.019968761180241705,0.04193976367008589,75.06099760756469,43012.692857142865,39122.51714285714
2022-02-11,43495.44,43920.0,41938.51,42373.73,44975.1687,-0.02612751026362113,0.021763365914829375,67.63399567893899,43126.904285714285,39404.822857142855
2022-02-12,42373.73,43079.49,41688.88,42217.87,26556.85681,-0.0036850036261710803,0.021713572170326864,65.6886900524915,43246.229999999996,39745.13
2022-02-13,42217.87,42760.0,41870.0,42053.66,17732.08113,-0.003897169253580327,0.01968220453774343,66.30948099266604,43199.485714285714,40021.75428571428
2022-02-14,42053.65,42842.4,41550.56,42535.94,34010.1306,0.011402943760908854,0.014064735223925163,66.03633342634237,43013.192857142865,40301.54428571429
2022-02-15,42535.94,44751.4,42427.03,44544.86,38095.19576,0.046147405647282806,0.023829487964735233,70.21772622245939,43084.88857142858,40662.80809523809
2022-02-16,44544.85,44549.97,43307.0,43873.56,28471.8727,-0.015184910543850608,0.024433834589186545,76.14899364676745,43013.58,40999.19952380952
2022-02-17,43873.56,44164.71,40073.21,40515.7,47245.99494,-0.07962230741964704,0.03834460631268438,59.83824464116286,42587.90285714286,41158.990000000005
2022-02-18,40515.71,40959.88,39450.0,39974.44,43845.92241,-0.013449303448535153,0.037758427032599635,43.6325818091506,42245.147142857146,41266.50809523809
2022-02-19,39974.45,40444.32,39639.03,40079.17,18042.0551,0.0026164981129269994,0.03796211051721337,44.77609786830872,41939.618571428575,41357.57142857143
2022-02-20,40079.17,40125.44,38000.0,38386.89,33439.29011,-0.04314075292804988,0.04018656331776739,34.83629648415962,41415.794285714284,41381.625238095236
2022-02-21,38386.89,39494.35,36800.0,37008.16,62347.68496,-0.03657756618202442,0.03940838048636773,23.90269803615972,40626.111428571436,41312.161428571424
2022-02-22,37008.16,38429.0,36350.0,38230.33,53785.94589,0.032490750766217165,0.03576394307136533,29.399886024700308,39724.03571428572,41290.05380952381
2022-02-23,38230.33,39249.93,37036.79,37250.01,43560.732,-0.025976966353583753,0.035661795446564774,25.869796617771883,38777.81428571429,41306.89428571429
2022-02-24,37250.02,39843.0,34322.28,38327.21,120476.29458,0.028507874523143458,0.030247369680749557,32.72515296985121,38465.17285714286,41355.25619047619
2022-02-25,38328.68,39683.53,38014.37,39219.17,56574.57125,0.02300557006710982,0.032213658211514166,39.29138819260942,38357.27714285714,41243.10952380953
2022-02-26,39219.16,40348.45,38573.18,39116.72,29361.2568,-0.0026156608014754846,0.03212965616390519,39.434383574991784,38219.78428571428,41135.210952380956
2022-02-27,39116.73,39855.7,37000.0,37699.07,46229.44719,-0.03691457135600522,0.030911571295213876,36.331345567956994,38121.524285714295,40912.2680952381
2022-02-28,37699.08,44225.84,37450.17,43160.0,73945.63858,0.1352787146752529,0.05680980877873492,51.492412386597124,39000.35857142857,40879.88761904762
2022-03-01,43160.0,44949.0,42809.98,44421.2,61743.09873,0.028802692569624658,0.05671297259776109,49.693304179952015,39884.76857142857,40897.897619047624
2022-03-02,44421.2,45400.0,43334.09,43892.98,57782.65081,-0.01196243454904842,0.054980955336696315,50.04850886448294,40833.764285714286,40875.05285714286
2022-03-03,43892.99,44101.12,41832.28,42454.0,50940.61021,-0.033333261588257904,0.05886285226710002,55.35498793242157,41423.305714285714,40825.46047619048
2022-03-04,42454.0,42527.3,38550.0,39148.66,61964.68498,-0.0810549423019875,0.06870601655133177,48.02086648745863,41413.23285714286,40671.885714285716
2022-03-05,39148.65,39613.24,38407.59,39397.96,30363.13341,0.006347843793420254,0.06873825276122653,48.37859105153444,41453.409999999996,40537.60428571429
2022-03-06,39397.97,39693.87,38088.57,38420.81,39677.26158,-0.025114798426121913,0.06779098837112724,50.08358138342959,41556.51571428571,40364.611428571436
2022-03-07,38420.8,39547.57,37155.0,37988.0,63994.11559,-0.011328919506856962,0.03446141329167577,52.53245168947279,40817.65857142857,40148.04285714285
2022-03-08,37988.01,39362.08,37867.65,38730.63,55583.06638,0.019360439473765596,0.032438848044538976,51.32592040555194,40004.719999999994,39871.17476190476
2022-03-09,38730.63,42594.06,38656.45,41941.71,67392.58799,0.07965003732031377,0.04983966088671568,61.119406168678815,39725.967142857146,39779.18190476191
2022-03-10,41941.7,42039.63,38539.73,39422.0,71962.93154,-0.06195676107004793,0.05345177197841881,52.42861281639583,39292.82428571429,39727.100952380955
2022-03-11,39422.01,40236.26,38223.6,38729.57,59018.7642,-0.017720645144228633,0.04407278247240057,48.90420181308047,39232.95428571429,39667.82142857143
2022-03-12,38729.57,39486.71,38660.52,38807.36,24034.36432,0.002006528401358036,0.04397376038022545,49.30684080192801,39148.58285714285,39607.259047619045
2022-03-13,38807.35,39310.0,37578.51,37777.34,32791.82359,-0.026900467390317852,0.04413401967097244,50.17847378576487,39056.65857142857,39578.23285714286
2022-03-14,37777.35,39947.12,37555.0,39671.37,46945.45375,0.04892031687140569,0.047825895839937134,40.49973067460973,39297.14,39705.05238095239
2022-03-15,39671.37,39887.61,38098.33,39280.33,46015.54926,-0.009905884169983963,0.0477622610080607,35.30384728192915,39375.66857142857,39755.05238095238
2022-03-16,39280.33,41718.0,38828.48,41114.0,88120.76167,0.045624811430510115,0.039573801621875564,42.60751501118856,39257.42428571428,39939.0519047619
2022-03-17,41114.01,41478.82,40500.0,40917.9,37189.38087,-0.004781075985047464,0.030109061981022214,45.624419618187105,39471.124285714286,40062.4180952381
2022-03-18,40917.89,42325.02,40135.04,41757.51,45408.00969,0.02031169524144141,0.028654660309332707,58.64580771864148,39903.68714285714,40183.29142857143
2022-03-19,41757.51,42400.0,41499.29,42201.13,29067.18108,0.010567682574771557,0.028400670169241884,59.171662296513006,40388.51142857143,40330.1680952381
2022-03-20,42201.13,42296.26,40911.0,41262.11,30653.33468,-0.022502352481311442,0.027429290131556525,59.3196733571423,40886.33571428571,40499.83666666667
2022-03-21,41262.11,41544.22,40467.94,41002.25,39426.24877,-0.006317702205992036,0.022794641056582816,60.000424667614645,41076.46142857143,40397.08666666667
2022-03-22,41002.26,43361.0,40875.51,42364.13,59454.94294,0.03267507037255884,0.02389785479510231,61.579134549320386,41517.00428571428,40299.130952380954
2022-03-23,42364.13,43025.96,41751.47,42882.76,40828.87039,0.012167866742905374,0.018509590713917196,53.620144321060906,41769.684285714284,40251.02523809524
2022-03-24,42882.76,44220.89,42560.46,43991.46,56195.12374,0.02552564380828476,0.019097930167315733,69.71906718221362,42208.764285714286,40324.23761904762
2022-03-25,43991.46,45094.14,43579.0,44313.16,54614.43648,0.007286174227543661,0.018593086986070165,74.8919146158901,42573.857142857145,40570.16619047619
2022-03-26,44313.16,44792.99,44071.97,44511.27,23041.61741,0.004460717136023095,0.018622386211157464,75.15841139591689,42903.87714285714,40813.65714285715
2022-03-27,44511.27,46999.0,44421.46,46827.76,41874.91071,0.05073377393082759,0.01943757212318821,85.85046021140097,43698.969999999994,41213.98809523809
2022-03-28,46827.76,48189.84,46663.56,47122.21,58949.2614,0.006268250306015814,0.017265851114645535,83.79715646001772,44573.25,41648.950476190475
2022-03-29,47122.21,48096.47,46950.85,47434.8,36772.28457,0.006611696768465159,0.016850481920492762,87.25397302554819,45297.631428571425,42063.43476190476
2022-03-30,47434.79,47700.22,46445.42,47067.99,40947.2085,-0.007762984396878372,0.01916107581101682,81.41095238547433,45895.521428571425,42307.54333333333
2022-03-31,47067.99,47600.0,45200.0,45510.34,48645.12667,-0.03365359925692603,0.02502710774215653,71.18456110828183,46112.50428571429,42597.46428571428
2022-04-01,45510.35,46720.09,44200.0,46283.49,56271.06474,0.01684575714059203,0.025439671107045262,71.00678940948659,46393.979999999996,42957.17476190477
2022-04-02,46283.49,47213.0,45620.0,45811.0,37073.53582,-0.010261073071446306,0.02620584300364198,66.70999386198066,46579.65571428572,43290.68142857143
2022-04-03,45810.99,47444.11,45530.92,46407.35,33394.67794,0.012933614904539842,0.017419161307845748,74.59751827637044,46519.59714285714,43701.63428571428
2022-04-04,46407.36,46890.71,45118.0,46580.51,44641.87514,0.0037243614415168034,0.017261053231706187,76.89054160367752,46442.21142857143,44030.64095238095
2022-04-05,46580.5,47200.0,45353.81,45497.55,42192.74852,-0.023523734948063195,0.018565327160996032,65.52236942745839,46165.46142857143,44326.69904761905
2022-04-06,45497.54,45507.14,43121.0,43170.47,60849.32936,-0.052501781655002897,0.025642618713680874,51.20869389137173,45608.67285714286,44424.62619047619
2022-04-07,43170.47,43900.99,42727.35,43444.19,37396.54156,0.006320429156202368,0.024534246640638867,47.52740426016406,45313.508571428574,44544.92571428571
2022-04-08,43444.2,43970.62,42107.14,42252.01,42375.04203,-0.027825199218427053,0.02318031166240031,41.36668679982475,44737.58285714286,44568.47333333333
2022-04-09,42252.02,42800.0,42125.48,42753.97,17891.66047,0.011810129932037259,0.025044134041636818,42.822096815303304,44300.864285714284,44594.799047619046
2022-04-10,42753.96,43410.3,41868.0,42158.85,22771.09403,-0.014017429746878484,0.022937948526091382,27.808667001911672,43693.93571428572,44637.50095238096
2022-04-11,42158.85,42414.71,39200.0,39530.45,63560.44721,-0.06437336581826365,0.028155532526189818,20.468397229729874,42686.78428571428,44567.41523809524
2022-04-12,39530.45,40699.0,39254.63,40074.94,57751.01778,0.013679940298762482,0.03145601570800665,21.87784665798536,41912.125714285714,44458.40619047619
2022-04-13,40074.95,41561.31,39588.54,41147.79,41342.27254,0.02641901842530263,0.031225617542071964,28.536873276119636,41623.17142857143,44375.788571428566
2022-04-14,41147.78,41500.0,39551.94,39942.38,36807.01401,-0.029732304130666604,0.0316604732230899,29.28481500552114,41122.91285714286,44182.975238095234
2022-04-15,39942.37,40870.36,39766.4,40551.9,24026.35739,0.015144719601020222,0.03224236403549622,28.41321242059739,40880.03999999999,44003.86761904762
2022-04-16,40551.9,40709.35,39991.55,40378.71,15805.44718,-0.004279969331170057,0.03133281603709502,29.068562211832443,40540.717142857146,43807.079047619045
2022-04-17,40378.7,40595.67,39546.17,39678.12,19988.49259,-0.017502763604226226,0.03146870223779008,24.27788264020927,40186.327142857146,43466.619999999995
2022-04-18,39678.11,41116.73,38536.51,40801.13,54243.49575,0.027909874843025737,0.022207747675768594,29.404197147923654,40367.852857142854,43165.61619047619
2022-04-19,40801.13,41760.0,40571.0,41493.18,35788.85843,0.01681929927737526,0.022453900882924552,35.3207615782609,40570.458571428564,42882.68190476191
2022-04-20,41493.19,42199.0,40820.0,41358.19,40877.35041,-0.0032586092287824916,0.020440114616378013,42.084371407506296,40600.51571428571,42610.78666666667
2022-04-21,41358.19,42976.0,39751.0,40480.01,59316.27657,-0.02146219513885801,0.018536377018077806,37.70247777536231,40677.32,42371.24714285714
2022-04-22,40480.01,40795.06,39177.0,39709.18,46664.0196,-0.019225876795201283,0.018992946349236237,39.06835336814384,40556.93142857143,42058.18476190476
2022-04-23,39709.19,39980.0,39285.0,39441.6,20291.42375,-0.006761298356655494,0.01904390265204339,35.467229894851016,40423.05857142857,41754.88
2022-04-24,39441.61,39940.0,38929.62,39450.13,26703.61186,0.0002162457340772487,0.017998827192778212,37.47078990750832,40390.48857142857,41423.58380952381
2022-04-25,39450.12,40616.0,38200.0,40426.08,63037.12784,0.02443777865032932,0.017100447209132015,54.890320917925536,40336.909999999996,41130.51571428571
2022-04-26,40426.08,40797.31,37702.26,38112.65,66650.258,-0.05892887322404605,0.0255758084317627,41.02018010069458,39853.97714285715,40778.853809523804
2022-04-27,38112.64,39474.72,37881.31,39235.72,57083.12272,0.02904130834995406,0.029979821966110546,41.290030456445834,39550.76714285714,40591.48476190476
2022-04-28,39235.72,40372.63,38881.43,39742.07,56086.6715,0.012822767969639432,0.0301238538499048,49.02547077190733,39445.34714285714,40415.193333333336
2022-04-29,39742.06,39925.25,38175.0,38596.11,51453.65715,-0.02925883015250115,0.03126234534852711,40.95689638431213,39286.33714285714,40241.10285714286
2022-04-30,38596.11,38795.38,37578.2,37630.8,35321.18989,-0.025328630177714796,0.03230004077904367,38.16151020650828,39027.65142857143,39997.142380952384
2022-05-01,37630.8,38675.0,37386.38,38468.35,38812.24104,0.02201296126766681,0.03408102179912286,44.84888173934813,38887.39714285714,39821.404285714285
2022-05-02,38468.35,39167.34,38052.0,38525.16,53200.92628,0.0014757090645608362,0.03197240930476314,39.34130654075883,38615.83714285714,39773.53333333334
2022-05-03,38525.16,38651.51,37517.8,37728.95,40316.45358,-0.02088383006942929,0.023852657919021903,32.54189179788048,38561.02285714286,39661.81952380952
2022-05-04,37728.95,40023.77,37670.0,39690.0,62574.61736,0.05067156251954114,0.029250642331117148,43.38377432514649,38625.92,39592.40095238095
2022-05-05,39690.0,39845.51,35571.9,36552.97,88722.43355,-0.08233682535055205,0.04236329846896271,36.791571985367625,38170.33428571429,39431.00047619048
2022-05-06,36552.97,36675.63,35258.0,36013.77,68437.80187,-0.014861076122788424,0.04172759035231733,37.37391545596121,37801.42857142857,39214.899047619045
2022-05-07,36013.77,36146.3,34785.0,35472.39,34281.70682,-0.015146717920837932,0.041274852972523,36.68749911959019,37493.08428571428,38981.264761904764
2022-05-08,35472.4,35514.22,33713.95,34038.4,72445.64344,-0.04126534832558704,0.040414506410155704,33.433435639727236,36860.23428571429,38712.70666666667
2022-05-09,34038.39,34243.15,30033.33,30076.31,191876.926428,-0.12375148039084222,0.05551954693363915,23.2140906848701,35653.25571428571,38202.00095238096
2022-05-10,30074.23,32658.99,29730.4,31017.1,165532.00311,0.03080084662153245,0.06093903618513469,30.231701602347826,34694.42,37703.14
2022-05-11,31017.11,32162.59,27785.0,29103.94,207063.739278,-0.0636651051045502,0.05082691745259395,22.963001310783866,33182.125714285714,37119.60428571429
2022-05-12,29103.94,30243.0,26700.0,29029.75,204507.263138,-0.00255239398280821,0.049816021909243696,20.738913242049037,32107.38,36574.35380952381
2022-05-13,29029.74,31083.37,28751.67,29287.05,97872.36957,0.008824272580558484,0.05200343286038087,23.27449492020584,31146.420000000002,36078.061904761904
2022-05-14,29287.05,30343.27,28630.0,30086.74,51095.87863,0.02693910433173367,0.05620727183295672,28.133717168953368,30377.04142857143,35632.59238095238
2022-05-15,30086.74,31460.0,29480.0,31328.89,46275.66912,0.040456131904645545,0.06024981081850119,29.780674526933964,29989.96857142857,35245.86666666666
2022-05-16,31328.89,31328.9,29087.04,29874.01,73082.19658,-0.04755180340819563,0.040214842455648284,27.297275877796324,29961.068571428572,34743.387142857144
2022-05-17,29874.01,30788.37,29450.38,30444.93,56724.13307,0.018930606202495235,0.03888028429588568,30.656231045336114,29879.329999999998,34378.25761904762
2022-05-18,30444.93,30709.99,28654.47,28715.32,59749.15799,-0.05848869957421896,0.03755318629440345,20.492429171699,29823.812857142857,33877.28619047619
2022-05-19,28715.33,30545.18,28691.38,30319.23,67877.36415,0.05435138641776955,0.04313735401222631,31.73344366785713,30008.024285714284,33428.57952380952
2022-05-20,30319.22,30777.33,28730.0,29201.01,60517.25325,-0.03757886695618367,0.0461300546199032,30.69195138043382,29995.73285714286,32981.19380952381
2022-05-21,29201.01,29656.18,28947.28,29445.06,20987.13124,0.008322856374715153,0.04480752904323584,32.62511566767273,29904.064285714285,32591.396666666664
2022-05-22,29445.07,30487.99,29255.11,30293.94,36158.98748,0.028421538420796314,0.04305530441358336,38.82906996725505,29756.214285714286,32202.139047619043
2022-05-23,30293.93,30670.51,28866.35,29109.15,63901.49932,-0.039895134769211214,0.04186907555680378,46.54154395410276,29646.94857142857,31753.757619047614
2022-05-24,29109.14,29845.86,28669.0,29654.58,59442.96036,0.018564024573910418,0.0418362609469993,44.98600887012611,29534.04142857143,31369.26380952381
2022-05-25,29654.58,30223.74,29294.21,29542.15,59537.38659,-0.003798525195082192,0.034348343372532064,51.85895668331008,29652.16,30886.032857142854
2022-05-26,29542.14,29886.64,28019.56,29201.35,94581.65463,-0.011603116040031471,0.026372072200222058,50.711852425857,29492.46285714286,30535.955714285716
2022-05-27,29201.35,29397.66,28282.9,28629.8,90998.5201,-0.0197668076759755,0.023442603640608663,47.3427932185738,29410.86142857143,30184.338095238094
2022-05-28,28629.81,29266.0,28450.0,29031.33,34479.35127,0.013927458255286653,0.02397632519566839,45.5911238475581,29351.757142857146,29877.620952380956
2022-05-29,29031.33,29587.78,28839.21,29468.1,27567.34764,0.014932730664861931,0.02154011593043043,41.66594259824414,29233.780000000002,29659.987619047617
2022-05-30,29468.1,32222.0,29299.62,31734.22,96785.9476,0.07408727158891816,0.030890338326939236,57.76704988137797,29608.790000000005,29738.935714285715
2022-05-31,31734.23,32399.0,31200.01,31801.04,62433.11632,0.002103399738536469,0.030963543670145335,55.91108290449494,29915.42714285714,29776.266190476195
2022-06-01,31801.05,31982.97,29301.0,29805.83,103395.63382,-0.06479498169315473,0.04207686865139146,54.64580186103024,29953.095714285715,29809.689523809524
2022-06-02,29805.84,30689.0,29594.55,30452.62,56961.42928,0.021468021186670065,0.04224692403931939,50.618727033718976,30131.84857142857,29877.445238095235
2022-06-03,30452.63,30699.0,29282.36,29700.21,54067.44727,-0.025017916656657774,0.04282327011775324,52.39687024058969,30284.764285714286,29897.119523809524
2022-06-04,29700.21,29988.88,29485.0,29864.04,25617.90113,0.005500964525962497,0.04265659351900887,52.02731734885845,30403.722857142857,29886.51476190476
2022-06-05,29864.03,30189.0,29531.42,29919.21,23139.9281,0.001845667997686214,0.04238554020434292,48.03593423238799,30468.167142857146,29819.387142857144
2022-06-06,29919.2,31765.64,29890.23,31373.1,68836.92456,0.047450088834951915,0.03548720963192512,61.54046132279851,30416.578571428574,29890.772380952385
2022-06-07,31373.1,31589.6,29218.96,31125.33,110674.51658,-0.007928880711022794,0.03551364102417103,57.73176365695204,30320.04857142857,29923.17238095238
2022-06-08,31125.32,31327.22,29843.88,30204.77,68542.61276,-0.030022098209930834,0.02680450655003279,53.21061087950445,30377.04,29994.098571428574
2022-06-09,30204.77,30700.0,29944.1,30109.93,46291.1865,-0.00314484124646771,0.025386549379877495,54.509860760071724,30328.084285714285,29984.131904761907
2022-06-10,30109.93,30382.8,28850.0,29091.88,76204.2498,-0.0343959202434377,0.027022082067863613,52.196247823144255,30241.18,29978.93523809524
2022-06-11,29091.87,29440.41,28099.99,28424.7,65901.39895,-0.023200611947273582,0.027694084490412097,47.18772860744282,30035.559999999998,29930.346666666668
2022-06-12,28424.71,28544.96,26560.0,26574.53,92474.598809,-0.06730524721449922,0.03528288985544001,38.13994971640676,29557.74857142857,29753.23190476191
2022-06-13,26574.53,26895.84,21925.77,22487.41,254611.034966,-0.16699764123151092,0.05667569562329484,17.02234195755861,28288.364285714284,29437.910952380953
2022-06-14,22485.27,23362.88,20846.0,22136.41,187201.64671,-0.01573183286725236,0.055836588514106174,16.21701357453408,27004.23285714286,29079.902857142857
2022-06-15,22136.42,22800.0,20111.62,22583.72,200774.493467,0.020005528538409763,0.06153446258525191,21.691521461513673,25915.511428571426,28748.54904761905
2022-06-16,22583.72,22995.73,20232.0,20401.31,99673.59429,-0.10163017824163617,0.06254361703031987,14.835173677607514,24528.565714285713,28329.49952380952
2022-06-17,20400.6,21365.43,20246.66,20468.81,86694.33663,0.0033031496542327322,0.06619134253644421,16.077990416556432,23296.698571428573,27940.880952380954
2022-06-18,20468.81,20792.06,17622.0,18970.79,196441.655524,-0.0760018363469714,0.06560472980745072,13.545755669470353,21946.139999999996,27461.807619047617
2022-06-19,18970.79,20815.95,17960.41,20574.0,128320.87595,0.08112771492687064,0.08354310794150338,21.662341568909767,21088.92142857143,27038.279047619046
2022-06-20,20574.0,21090.0,19637.03,20573.89,109028.94154,-5.346568195921985e-06,0.0608487710829167,14.087028815616634,20815.56142857143,26506.834761904764
2022-06-21,20573.9,21723.0,20348.4,20723.52,104371.0749,0.007246490991842595,0.06127655130545079,15.181316867854633,20613.72,25979.33380952381
2022-06-22,20723.51,20900.0,19770.51,19987.99,92133.97938,-0.03613769395083157,0.06045155245356085,15.371730630528035,20242.90142857143,25511.817619047622
2022-06-23,19988.0,21233.0,19890.07,21110.13,83127.08716,0.05462142687846785,0.052510633192701175,21.48240298414767,20344.161428571428,25066.937142857147
2022-06-24,21110.12,21558.41,20736.72,21237.69,77430.36622,0.0060244133369918825,0.0525070942135738,23.623990774329044,20454.00142857143,24663.96
2022-06-25,21237.68,21614.5,20906.62,21491.19,51431.67794,0.011865650317023644,0.03846595192056348,26.050399268818893,20814.058571428573,24265.252857142856
2022-06-26,21491.18,21888.0,20964.73,21038.07,53278.10464,-0.02130943009010775,0.028583349866539133,28.83318448466757,20880.354285714282,23842.341428571428
2022-06-27,21038.08,21539.85,20510.0,20742.56,64475.0013,-0.014146025460121855,0.02933629831562209,40.60549935121224,20904.450000000004,23336.12523809524
2022-06-28,20742.57,21212.1,20202.01,20281.29,63801.0832,-0.022488841996465433,0.0304412022636881,40.12900108760198,20841.274285714288,22819.742380952383
2022-06-29,20281.28,20432.31,19854.92,20123.01,77309.04379,-0.007834849739538354,0.02700446660217976,36.49117952873308,20860.562857142857,22339.65857142857
2022-06-30,20123.0,20179.08,18626.0,19942.21,93846.64806,-0.009025345538186133,0.013020038954997568,46.76971312294367,20693.717142857142,21855.481428571427
2022-07-01,19942.21,20918.35,18975.0,19279.8,111844.59494,-0.03378067520510561,0.014424161091744391,42.280248640127546,20414.018571428573,21388.239523809523
2022-07-02,19279.8,19467.39,18977.01,19252.81,46180.3021,-0.001400891578015631,0.010937357837272106,52.263381091032834,20094.25,20951.482857142855
2022-07-03,19252.82,19647.63,18781.0,19315.83,51087.46631,0.003267942871976135,0.012651638783158087,36.586301965726136,19848.215714285714,20605.830476190476
2022-07-04,19315.83,20354.01,19055.31,20236.71,74814.04601,0.04657331482099153,0.02544392140620706,46.9951734561476,19775.95142857143,20498.65428571429
2022-07-05,20236.71,20750.0,19304.4,20175.83,96041.13756,-0.0030129284649952903,0.024051632823102395,45.040737863304045,19760.885714285712,20405.29333333333
2022-07-06,20175.84,20675.22,19761.25,20564.51,82439.5808,0.019081421173606727,0.024866970246128117,55.57019849121938,19823.957142857143,20309.140476190478
2022-07-07,20564.51,21838.1,20251.68,21624.98,85014.58261,0.05028235345384914,0.02968392795000691,55.034351122645134,20064.352857142858,20367.41047619048
2022-07-08,21624.99,22527.37,21189.26,21594.75,403081.57349,-0.0013988983702488548,0.023267770913359076,53.55918214368308,20395.06,20421.02666666667
2022-07-09,21594.75,21980.0,21322.12,21591.83,178417.84468,-0.00013522719346830976,0.023112612640616204,51.05593164143654,20729.205714285716,20545.838095238094
2022-07-10,21592.15,21607.65,20655.0,20862.47,192188.21556,-0.03436315139820555,0.030016042709272293,48.25852391058573,20950.15428571429,20559.57476190476
2022-07-11,20861.11,20868.48,19875.23,19963.61,137535.40724,-0.04404073474684607,0.03161620925317968,43.10059255453891,20911.140000000003,20530.513809523807
2022-07-12,19963.61,20059.42,19240.0,19328.75,139506.45862,-0.032317491445751946,0.033656127007516815,41.81475396312538,20790.12857142857,20464.09619047619
2022-07-13,19331.28,20366.61,18910.94,20234.87,209250.24888,0.045813728987704215,0.038202785544997446,50.85175010051047,20743.037142857145,20475.852380952383
2022-07-14,20234.87,20900.0,19616.07,20588.84,174809.21696,0.017341827629275455,0.03220259828585482,54.79720757012606,20595.01714285714,20451.02904761905
2022-07-15,20588.84,21200.0,20382.29,20830.04,143343.3049,0.011646994153803221,0.032950571553496094,62.26758503681292,20485.772857142856,20431.617142857143
2022-07-16,20830.04,21588.94,20478.61,21195.6,121011.67393,0.01739743738897494,0.03404356721733268,64.59206160122937,20429.16857142857,20417.54142857143
2022-07-17,21195.6,21684.54,20750.01,20798.16,118229.4525,-0.018929091711402925,0.03209079690337349,60.60105014281771,20419.981428571427,20406.117142857143
2022-07-18,20799.58,22777.63,20762.45,22432.58,239942.73132,0.07564984518217717,0.03656332122956995,64.249698571182,20772.691428571427,20486.594285714287
2022-07-19,22432.58,23800.0,21579.54,23396.62,263770.76574,0.04207720104807247,0.030216445105112958,68.7078378230812,21353.815714285713,20634.943333333333
2022-07-20,23398.48,24276.74,22906.19,23223.3,238762.17094,-0.007435482451242203,0.03145201594689016,65.83976446393743,21780.734285714287,20782.576190476193
2022-07-21,23223.3,23442.77,22341.46,23152.19,184817.68191,-0.003066708544995841,0.03262860361042128,60.31423357614937,22146.927142857145,20935.43238095238
2022-07-22,23152.19,23756.49,22500.0,22684.83,171598.43966,-0.02039295734074819,0.03557969390393072,56.951562009759556,22411.897142857142,21097.576666666668
2022-07-23,22684.83,23000.77,21934.57,22451.07,122137.77375,-0.010358144626696868,0.036438303948516014,55.32275769447107,22591.25,21249.87476190476
2022-07-24,22448.58,23014.64,22257.15,22579.68,115189.67277,0.005712112265188854,0.034517971630366434,61.49307354265972,22845.752857142856,21405.29619047619
2022-07-25,22577.13,22666.0,21250.0,21310.9,180344.76643,-0.05783170787580325,0.029887533554409717,58.59180797265499,22685.512857142858,21456.448095238095
2022-07-26,21310.9,21347.82,20706.5,21254.67,177817.24326,-0.002642042980227913,0.021035640437251986,63.26040496177318,22379.52,21507.821428571428
2022-07-27,21254.67,23112.63,21042.53,22952.45,210971.19796,0.07684804868982513,0.040419973175764845,66.87187561308139,22340.82714285714,21621.532857142858
2022-07-28,22954.31,24199.72,22582.13,23842.93,236029.0741,0.03806305270838894,0.043085634226419735,68.9409540528679,22439.504285714287,21727.149523809523
2022-07-29,23845.25,24442.66,23414.03,23773.75,198298.50623,-0.0029057065160629104,0.04191306615478329,67.48447090603904,22595.06428571429,21830.911428571428
2022-07-30,23777.28,24668.0,23502.25,23643.51,151060.13211,-0.0054933721401181045,0.04162244557347373,64.95774647887323,22765.412857142856,21928.610476190475
2022-07-31,23644.64,24194.82,23227.31,23293.32,127743.32483,-0.014922034485878831,0.04248308604840321,65.33501321369306,22867.36142857143,22044.365238095237
2022-08-01,23296.36,23509.68,22850.0,23268.01,144210.16219,-0.001087168364516185,0.03296735824780449,56.400398995463,23146.948571428573,22201.71761904762
2022-08-02,23266.9,23459.89,22654.37,22987.79,158073.28225,-0.012116250420426194,0.03387701341450693,46.50128282587973,23394.537142857145,22375.95761904762
2022-08-03,22985.93,23647.68,22681.22,22818.37,145948.80995,-0.007397292091435454,0.01783201779531915,46.532343838579685,23375.382857142857,22498.981428571427
2022-08-04,22816.91,23223.32,22400.0,22622.98,154854.67016,-0.008599709479179367,0.004896847711108954,45.56251519801442,23201.104285714282,22595.845238095237
2022-08-05,22622.41,23472.86,22586.95,23312.42,175251.69749,0.030020061930577643,0.015142943762972597,55.073459627519966,23135.2,22714.053809523808
2022-08-06,23313.56,23354.36,22909.52,22954.21,83911.80307,-0.01548490381388308,0.015891588794227262,53.98717485434615,23036.72857142857,22797.797142857144
2022-08-07,22954.21,23402.0,22844.62,23174.39,88890.00877,0.009546427689530375,0.015837917735590675,54.645409737464945,23019.73857142857,22910.95095238095
2022-08-08,23174.39,24245.0,23154.25,23810.0,170958.44152,0.02705787086036656,0.018991154741126674,71.66393891689837,23097.16571428571,22976.542380952378
2022-08-09,23810.98,23933.25,22865.0,23149.95,143182.50858,-0.028113039796074532,0.021894474216676417,64.87263995480015,23120.33142857143,22964.79619047619
2022-08-10,23151.32,24226.0,22664.69,23954.05,208916.54953,0.03414479115449657,0.02468935865278009,59.141989258892806,23282.571428571428,22999.59380952381
2022-08-11,23954.05,24918.54,23852.13,23934.39,249759.79557,-0.0008210750278983731,0.02403994354566947,50.99257683625628,23469.915714285715,23036.841428571428
2022-08-12,23933.09,24456.5,23583.0,24403.68,174207.5704,0.01941760376984897,0.022722945954267566,56.290103868144776,23625.809999999998,23118.691428571427
2022-08-13,24401.7,24888.0,24291.22,24441.38,152852.25435,0.0015436569219570487,0.02080301825262053,58.11706346380404,23838.262857142858,23213.468095238095
2022-08-14,24443.06,25047.56,24144.0,24305.24,151206.14473,-0.005585632561017508,0.02150719550160339,60.76345751289167,23999.812857142857,23295.63761904762
2022-08-15,24305.25,25211.32,23773.22,24094.82,242539.54758,-0.008695085325241067,0.02009524732558813,58.46130544861366,24040.50142857143,23428.205238095237
2022-08-16,24093.04,24247.49,23671.22,23854.74,179324.94821,-0.01001393990872997,0.016454793983800335,58.945578441873096,24141.185714285715,23552.018095238094
2022-08-17,23856.15,24446.71,23180.4,23342.66,210668.68766,-0.021700351923622782,0.012666178412900481,55.052569699422754,24053.844285714284,23570.599523809524
2022-08-18,23342.66,23600.0,23111.04,23191.2,144185.97011,-0.0065096914314182845,0.01263361341624378,55.52268282916249,23947.674285714285,23539.564761904763
2022-08-19,23191.45,23208.67,20783.57,20834.39,283995.87747,-0.10716790958304105,0.03793766474166545,31.810728163962793,23437.77571428572,23399.595238095237
2022-08-20,20834.39,21382.85,20761.9,21140.07,183041.68363,0.014565304906857087,0.03960104059953004,36.5803357172235,22966.16,23280.38380952381
2022-08-21,21140.07,21800.0,21069.11,21515.61,159200.6841,0.017608426506096567,0.041978303271976915,38.00526999314497,22567.64142857143,23195.730952380953
2022-08-22,21516.7,21548.71,20890.18,21399.83,222222.04526,-0.005395740129964921,0.04211085775756249,31.15520603491281,22182.64285714286,23106.77
2022-08-23,21400.75,21684.87,20890.14,21529.12,200967.77164,0.00602345926973469,0.04297811253898955,36.17989676041901,21850.411428571428,23037.309523809523
2022-08-24,21529.11,21900.0,21145.0,21368.08,174383.22046,-0.007508217623966096,0.04292501250493566,25.23477438100585,21568.32857142857,22968.248095238097
2022-08-25,21368.05,21819.88,21310.15,21559.04,169915.78301,0.008896998430986994,0.04367926930967526,27.97448940798587,21335.16285714286,22917.584285714285
2022-08-26,21559.04,21886.77,20107.9,20241.05,273811.61955,-0.06308249760374372,0.027638380370325365,16.650777042671223,21250.4,22771.328571428574
2022-08-27,20239.14,20402.93,19800.0,20037.6,162582.46032,-0.010102211978267828,0.026402751325529435,15.631555616602526,21092.904285714285,22632.442380952383
2022-08-28,20037.6,20171.18,19520.0,19555.61,139307.95976,-0.024348306776797283,0.02439903912574849,14.830945847284795,20812.904285714285,22460.119523809524
2022-08-29,19555.61,20433.62,19550.79,20285.73,210509.49545,0.03665548140456874,0.03104128967628547,23.810859607797823,20653.74714285714,22292.297142857144
2022-08-30,20287.2,20576.25,19540.0,19811.66,256634.35529,-0.023647029931174457,0.0308903085523005,23.068612065129614,20408.395714285714,22133.33095238095
2022-08-31,19813.03,20490.0,19797.94,20050.02,276946.60765,0.011959497995954903,0.03219782538473503,27.23731911610581,20220.101428571426,21947.424761904764
2022-09-01,20048.44,20208.37,19565.66,20131.46,245289.97263,0.004053614327647557,0.03179627432675125,28.640618106476467,20016.161428571428,21766.332857142857
2022-09-02,20132.64,20441.26,19755.29,19951.86,245986.6033,-0.008961393513317224,0.021632867991193912,41.14869486551488,19974.84857142857,21554.34142857143
2022-09-03,19950.98,20055.93,19652.72,19831.9,146639.03204,-0.006030619708257377,0.021434286211188758,36.37206511389514,19945.462857142855,21334.84238095238
2022-09-04,19832.45,20029.23,19583.1,20000.3,145588.77893,0.008455521077103931,0.019053490559434293,33.502161155810015,20008.989999999998,21129.845238095237
2022-09-05,20000.3,20057.27,19633.83,19796.84,222543.01057,-0.010224944437388826,0.01242540834660539,32.87451416947813,19939.148571428574,20925.179523809526
2022-09-06,19795.34,20180.0,18649.51,18790.61,356315.05718,-0.052165052029039496,0.021499609500688476,25.36012682942625,19793.284285714286,20684.030476190477
2022-09-07,18790.61,19464.06,18510.77,19292.84,287394.7788,0.02637676564806005,0.024201829422625686,32.40803219932654,19685.115714285716,20491.181904761906
2022-09-08,19292.85,19458.25,19012.0,19319.77,262813.28273,0.0013948813284810479,0.024047287598062253,30.474536249853912,19569.16,20306.828095238092
2022-09-09,19320.54,21597.22,19291.75,21360.11,428919.74652,0.10039623993986292,0.046630057452045855,58.66604301348395,19770.338571428572,20331.86238095238
2022-09-10,21361.62,21810.8,21111.13,21648.34,307997.33504,0.013403613252505489,0.0461100151433839,62.31196570743701,20029.829999999998,20356.065714285716
2022-09-11,21647.21,21860.0,21350.0,21826.87,280702.55149,0.008213002469083833,0.04611366863453999,68.20532551018773,20290.768571428573,20370.88761904762
2022-09-12,21826.87,22488.0,21538.51,22395.74,395395.61828,0.02572898259027063,0.04515495527262763,67.36162194630268,20662.04,20418.311904761904
2022-09-13,22395.44,22799.0,19860.0,20173.57,431915.03333,-0.10449743036114226,0.0603951151868745,52.31259784657656,20859.605714285713,20353.761904761905
2022-09-14,20173.62,20541.48,19617.62,20226.71,340826.40151,0.002630676354029713,0.05999703855034823,51.15641930851766,20993.015714285713,20299.410952380953
2022-09-15,20227.17,20330.24,19497.0,19701.88,333069.76076,-0.026289945533484776,0.06130727748393672,47.34266824365453,21047.602857142858,20210.974761904763
2022-09-16,19701.88,19890.0,19320.01,19803.3,283791.07064,0.00513452781707948,0.0442250193174951,49.07204981048728,20825.20142857143,20190.129523809523
2022-09-17,19803.3,20189.0,19748.08,20113.62,179350.24338,0.0155486070502051,0.04442772753538069,51.718831984966606,20605.955714285716,20193.74952380952
2022-09-18,20112.61,20117.26,19335.62,19416.18,254217.46904,-0.03529045844411419,0.044415784069415,46.65227747376819,20261.571428571428,20187.11
2022-09-19,19417.45,19686.2,18232.56,19537.02,380512.40306,0.006204388221696427,0.041844457667340344,48.49667651061388,19853.182857142856,20151.457142857143
2022-09-20,19537.02,19634.62,18711.87,18875.0,324098.3286,-0.03447283217250921,0.021625892763584897,50.50853830940388,19667.672857142858,20106.854285714286
2022-09-21,18874.31,19956.0,18125.98,18461.36,385034.10021,-0.022158395968022992,0.02133511781119956,44.93538578487268,19415.48,20031.20380952381
2022-09-22,18461.36,19550.17,18356.39,19401.63,379321.72111,0.049677183991239306,0.030728748082922436,50.448692510244406,19372.58714285714,19996.45
2022-09-23,19401.63,19500.0,18531.42,19289.91,385886.91829,-0.005774921881411174,0.03057137091007096,35.610500678395866,19299.245714285713,19964.928571428572
2022-09-24,19288.57,19316.14,18805.34,18920.5,239496.56746,-0.019336170941039267,0.029732505721240844,31.250979432602662,19128.8,19921.528571428575
2022-09-25,18921.99,19180.21,18629.2,18807.38,191191.4492,-0.0059966443373075,0.02733709293303737,29.058107615120107,19041.82857142857,19864.72285714286
2022-09-26,18809.13,19318.96,18680.72,19227.82,439239.21943,0.02210884264131569,0.0289909025022367,27.56678440625538,18997.657142857144,19837.626666666667
2022-09-27,19226.68,20385.86,18816.32,19079.13,593260.74161,-0.00776312114359553,0.02560778309668833,39.02773043530567,19026.818571428572,19851.365714285716
2022-09-28,19078.1,19790.0,18471.28,19412.82,521385.45547,0.01733860506675769,0.02380453874435874,42.274931898212735,19162.74142857143,19857.079047619045
2022-09-29,19412.82,19645.52,18843.01,19591.51,406424.93256,0.009162636565833372,0.015073678602533542,48.87874336358701,19189.867142857143,19870.019047619047
2022-09-30,19590.54,20185.0,19155.36,19422.61,444322.9534,-0.008658457767896248,0.01533921930323507,46.18485164926572,19208.824285714287,19777.757142857143
2022-10-01,19422.61,19484.0,19159.42,19310.95,165625.13959,-0.00576555882359139,0.013026982116879195,41.62232571343881,19264.602857142858,19666.452857142856
2022-10-02,19312.24,19395.91,18920.35,19056.8,206812.47032,-0.013248299277497894,0.014098346216185229,45.86657281401531,19300.234285714287,19534.544761904763
2022-10-03,19057.74,19719.1,18959.68,19629.08,293585.75212,0.029588146889959064,0.016036899107183568,50.95922211941619,19357.557142857142,19402.79904761905
2022-10-04,19629.08,20475.0,19490.6,20337.82,327012.00127,0.0354700667521785,0.019230237731630885,65.09493540264995,19537.37,19410.620476190477
2022-10-05,20337.82,20365.6,19730.0,20158.26,312239.75224,-0.008868076947532767,0.019904261609285025,68.39928697206005,19643.86142857143,19407.360952380954
2022-10-06,20158.26,20456.6,19853.0,19960.67,320122.1702,-0.009850292500254246,0.020588025414018798,57.22527813391783,19696.59857142857,19419.684285714284
2022-10-07,19960.67,20068.82,19320.0,19530.09,220874.83913,-0.02180748428132239,0.022320506431301075,52.8678208955224,19711.952857142856,19406.67428571429
2022-10-08,19530.09,19627.38,19237.14,19417.96,102480.09842,-0.005757942171450429,0.02232013387065656,56.32865335782729,19727.239999999998,19373.54761904762
2022-10-09,19416.52,19558.0,19316.04,19439.02,113900.82681,0.001083975237505919,0.021458540860238587,58.22842195218542,19781.842857142856,19374.635238095238
2022-10-10,19439.96,19525.0,19020.25,19131.87,212509.09849,-0.015926855342589977,0.018723066466452852,48.71203558781916,19710.812857142857,19355.34238095238
2022-10-11,19131.87,19268.09,18860.0,19060.0,243473.84286,-0.003763632670309744,0.007657893000562208,49.737805128767405,19528.26714285714,19364.151904761904
2022-10-12,19060.0,19238.31,18965.88,19155.53,213826.26731,0.00499954855969873,0.009379469094069254,46.22729765476304,19385.019999999997,19397.20761904762
2022-10-13,19155.1,19513.79,18190.0,19375.13,399756.68337,0.011398838108565434,0.011590341834525902,46.86478497739659,19301.37142857143,19395.945714285714
2022-10-14,19375.58,19951.87,19070.37,19176.93,351634.32601,-0.010282290815579725,0.009266797823526522,46.47021637309273,19250.920000000002,19390.565714285713
2022-10-15,19176.93,19227.68,18975.18,19069.39,113847.64232,-0.0056235623928088925,0.009259318362276456,46.5252964631557,19201.124285714286,19397.655714285713
2022-10-16,19068.4,19425.84,19063.74,19262.98,131894.61885,0.010100687533673864,0.010410808484010126,53.01836962950383,19175.975714285716,19419.35095238095
2022-10-17,19262.98,19676.96,19152.03,19549.86,222813.87634,0.014783006060808625,0.009663297104500678,48.734512878511936,19235.68857142857,19434.686190476194
2022-10-18,19548.48,19706.66,19091.0,19327.44,260313.07848,-0.011442277457683746,0.010924204037138783,30.89079698906839,19273.894285714287,19446.510476190477
2022-10-19,19327.44,19360.16,19065.97,19123.97,186137.29538,-0.010583325769578811,0.011764272901550204,30.613920325684873,19269.385714285716,19432.755714285715
2022-10-20,19123.35,19347.82,18900.0,19041.92,223530.13068,-0.004299657437842867,0.010617126415249091,31.99990595869241,19221.784285714286,19406.58476190476
2022-10-21,19041.92,19250.0,18650.0,19164.37,269310.75769,0.006409961253210738,0.010445345416162183,41.8509407559917,19219.989999999998,19394.28761904762
2022-10-22,19164.37,19257.0,19112.72,19204.35,110403.90837,0.0020839900038091583,0.010167810038789046,45.082167244531014,19239.269999999997,19389.211428571427
2022-10-23,19204.29,19695.0,19070.11,19570.4,167057.20184,0.018881404774908718,0.011874920637938168,52.61008113541908,19283.187142857143,19413.668571428574
2022-10-24,19570.4,19601.15,19157.0,19329.72,256168.14467,-0.012374412787988572,0.01153374530087136,54.037244267051946,19251.73857142857,19399.413333333334
2022-10-25,19330.6,20415.87,19237.0,20080.07,326370.67061,0.03808397301398036,0.017923276482181942,66.30134972305584,19359.257142857143,19387.139523809525
2022-10-26,20079.02,21020.0,20050.41,20771.59,380492.69576,0.033858406805051616,0.019125119348546934,71.69336175559359,19594.631428571425,19416.34571428571
2022-10-27,20771.61,20872.21,20200.0,20295.11,328643.57791,-0.023206217347907374,0.02276703710237172,61.552719217612726,19773.65857142857,19432.27142857143
2022-10-28,20295.11,20750.0,20000.09,20591.84,287039.94569,0.014514910485440964,0.022813163514934832,67.33877589033841,19977.58285714286,19482.83095238095
2022-10-29,20591.84,21085.0,20554.01,20809.67,254881.77755,0.01052290170330112,0.022530119742797654,70.76468566846754,20206.914285714283,19549.102857142858
2022-10-30,20809.68,20931.21,20515.0,20627.48,192795.60886,-0.008793615102669194,0.023423052304350832,66.32536347712893,20357.925714285717,19605.696190476192
2022-10-31,20627.48,20845.92,20237.95,20490.74,303567.61628,-0.006651090639639452,0.022701852428911474,61.67652037508626,20523.785714285714,19670.404285714285
2022-11-01,20490.74,20700.0,20330.74,20483.62,279932.43771,-0.00034753441282134187,0.018580723186214385,65.15848375829916,20581.43571428571,19738.195714285714
2022-11-02,20482.81,20800.0,20048.04,20151.84,373716.27299,-0.016329943003790245,0.013645639434978447,63.0375829221578,20492.899999999998,19785.63904761905
2022-11-03,20151.84,20393.32,20031.24,20207.82,319185.1544,0.002774058844848819,0.01091488179912111,64.88681982083213,20480.43,19825.29095238095
2022-11-04,20207.12,21302.05,20180.96,21148.52,453694.39165,0.04550026847944526,0.02031174796853118,70.95580391750968,20559.955714285716,19919.17619047619
2022-11-05,21148.52,21480.65,21080.65,21299.37,245621.98525,0.007107568128679593,0.02016412699855308,71.62043343653252,20629.91285714286,20025.365714285716
2022-11-06,21299.37,21365.27,20886.13,20905.58,230036.97217,-0.018661385830795497,0.021455919617593737,63.70050525987435,20669.641428571427,20103.58476190476
2022-11-07,20905.58,21069.77,20384.89,20591.13,386977.60337,-0.015155708438383623,0.022247867765702173,62.75050490143558,20683.98285714286,20153.16904761905
2022-11-08,20590.67,20700.88,17166.83,18547.23,760705.362783,-0.10453994878635704,0.04563060422017298,37.71774630372143,20407.355714285713,20116.016190476188
2022-11-09,18545.38,18587.76,15588.0,15922.81,731926.929729,-0.15256777937932994,0.06950560754625137,20.336450930874463,19803.208571428575,19963.579999999998
2022-11-10,15922.68,18199.0,15754.26,17601.15,608448.36432,0.10021156844027021,0.08585054062049088,35.63193746653269,19430.827142857142,19894.971904761907
2022-11-11,17602.45,17695.0,16361.6,17070.31,393552.86492,-0.030623543661599414,0.08088864717170315,31.67574329295769,18848.225714285712,19795.254761904762
2022-11-12,17069.98,17119.1,16631.39,16812.08,167819.96035,-0.015243021519595541,0.07958251981708941,29.285660247913597,18207.184285714287,19681.337142857144
2022-11-13,16813.16,16954.28,16229.0,16329.85,184960.78846,-0.02910295424526251,0.07934905415845467,28.40250186695239,17553.50857142857,19527.02523809524
2022-11-14,16331.78,17190.0,15815.21,16619.46,380210.7775,0.017579576532614275,0.08166422176119364,30.83949698284735,16986.12714285714,19397.96523809524
2022-11-15,16617.72,17134.69,16527.72,16900.57,282461.84391,0.01677305124617919,0.07603939632539793,32.73433607389197,16750.890000000003,19246.560476190476
2022-11-16,16900.57,17015.92,16378.61,16662.76,261493.40809,-0.014171059886846265,0.045745545084983935,33.03349652702809,16856.597142857143,19050.901904761904
2022-11-17,16661.61,16751.0,16410.74,16692.56,228038.97873,0.0017868218880000477,0.02004253263540581,32.862555674292736,16726.79857142857,18879.351904761905
2022-11-18,16692.56,17011.0,16546.04,16700.45,214224.18184,0.00047255399539148176,0.0173464510505559,26.14533312882712,16673.961428571427,18694.04761904762
2022-11-19,16699.43,16822.41,16553.53,16700.68,104963.15558,1.377198915139681e-05,0.016508986033573474,24.932598540225584,16658.047142857144,18498.381428571425
2022-11-20,16700.68,16753.33,16180.0,16280.23,154842.13478,-0.025497948917879515,0.015510395909543099,24.86034278657857,16650.95857142857,18291.369523809524
2022-11-21,16279.5,16319.0,15476.0,15781.29,324096.997753,-0.031126427112839597,0.016941080282885795,24.371576546814737,16531.22,18067.11
2022-11-22,15781.29,16315.0,15616.63,16226.94,239548.06623,0.02784776288354211,0.019842662975972782,35.098740615627676,16434.987142857142,17864.410952380953
2022-11-23,16227.96,16706.0,16160.2,16603.11,264927.70408,0.02291720320295262,0.022065338083392193,56.14288552182473,16426.465714285714,17695.423809523807
2022-11-24,16603.11,16812.63,16458.05,16598.95,206565.92346,-0.00025058686248794284,0.022043382610417554,37.0286193543043,16413.09285714286,17523.572857142855
2022-11-25,16599.55,16666.0,16342.81,16522.14,182089.49533,-0.004638140695062483,0.022078686379114715,41.96017118937896,16387.620000000003,17303.269047619047
2022-11-26,16521.35,16701.99,16385.0,16458.57,181804.81666,-0.003854985458206651,0.022081921575086948,44.501202390470446,16353.032857142856,17072.754761904762
2022-11-27,16457.61,16600.0,16401.0,16428.78,162025.47607,-0.0018116393171025897,0.019568181367572185,51.79091886646944,16374.254285714285,16859.57380952381
2022-11-28,16428.77,16487.04,15995.27,16212.91,252695.40367,-0.013226836427965193,0.015337064886791818,42.43838928671071,16435.914285714283,16651.087142857144
2022-11-29,16212.18,16548.71,16100.0,16442.53,248106.25009,0.014063432280211978,0.012333964312542408,41.31434032676465,16466.71285714286,16550.863333333335
2022-11-30,16442.91,17249.0,16428.3,17163.64,303019.80719,0.042921922045645745,0.018696015297588502,58.02676871598624,16546.788571428573,16609.950476190475
2022-12-01,17165.53,17324.0,16855.01,16977.37,232818.18218,-0.010911911994265286,0.019583816409588145,54.34621382987486,16600.84857142857,16580.246666666666
2022-12-02,16978.0,17105.73,16787.85,17092.74,202372.2062,0.006772531170246441,0.019293430673883966,55.79622991657828,16682.362857142856,16581.31476190476
2022-12-03,17092.13,17188.98,16858.74,16885.2,154542.57306,-0.012216313353321956,0.020161513186498253,52.56897185435996,16743.31,16584.796666666665
2022-12-04,16885.2,17202.84,16878.25,17105.7,178619.13387,0.012974242698661298,0.02026748602434901,62.17015542391423,16840.012857142858,16621.741904761904
2022-12-05,17106.65,17424.25,16867.0,16966.35,233703.29225,-0.008179770631694087,0.01955642227622806,69.54396427181383,16947.647142857142,16638.260476190473
2022-12-06,16966.35,17107.01,16906.37,17088.96,218730.76883,0.007200670308000258,0.019283543801288043,65.91182616271766,17039.994285714285,16647.231428571427
2022-12-07,17088.96,17142.21,16678.83,16836.64,220657.41334,-0.014875177009226765,0.011326049924409247,54.51721349844671,16993.28,16655.51142857143
2022-12-08,16836.64,17299.0,16733.49,17224.1,236417.97804,0.022752101931693153,0.014091276576677815,60.53082855208051,17028.527142857143,16680.82285714286
2022-12-09,17224.1,17360.0,17058.21,17128.56,238422.06465,-0.005562320142259912,0.014174918919888802,60.151259491382454,17033.644285714287,16701.20904761905
2022-12-10,17128.56,17227.72,17092.0,17127.49,140573.97937,-6.247071687181942e-05,0.013089205314256952,61.43679772399316,17068.257142857143,16721.533333333333
2022-12-11,17127.49,17270.99,17071.0,17085.05,155286.47871,-0.0024809629316508166,0.012210496693512889,61.17218860973691,17065.307142857146,16759.858095238094
2022-12-12,17085.05,17241.89,16871.85,17209.83,226227.49694,0.007276920090016073,0.011915164363277215,67.51452926584163,17100.09,16827.88380952381
2022-12-13,17208.93,18000.0,17080.14,17774.7,284462.9139,0.032295365713004065,0.01658735498941658,70.93797053341002,17198.05285714286,16901.586666666666
2022-12-14,17775.82,18387.95,17660.94,17803.15,266681.22209,0.0015993100237424041,0.014190177318730759,62.848945378269455,17336.125714285714,16958.73142857143
2022-12-15,17804.01,17854.82,17275.51,17356.34,223701.96882,-0.025417550422032496,0.01719154703165404,56.89259433052879,17355.017142857145,16994.79761904762
2022-12-16,17356.96,17531.73,16527.32,16632.12,253379.04116,-0.042622091974556034,0.02395752917778289,43.14137154701066,17284.097142857143,17000.03476190476
2022-12-17,16631.5,16796.82,16579.85,16776.52,144825.66684,0.008644524244231441,0.024429627464061455,48.35074450197583,17233.95857142857,17015.17523809524
2022-12-18,16777.54,16863.26,16663.07,16738.21,112619.31646,-0.0022861599473239873,0.024430372105944252,44.09679274439942,17184.41,17029.910000000003
2022-12-19,16739.0,16815.99,16256.3,16438.88,179094.28305,-0.018044869047170384,0.02454159677622091,41.94114177980271,17074.274285714284,17040.670476190473
2022-12-20,16438.88,17061.27,16397.2,16895.56,248808.92324,0.027401604731458414,0.02328838586250719,47.31886388590064,16948.682857142856,17062.243333333336
2022-12-21,16896.15,16925.0,16723.0,16824.67,156810.96362,-0.004204603849787203,0.02302276596162149,49.825268228596435,16808.9,17046.101904761905
2022-12-22,16824.68,16868.52,16559.85,16821.43,176044.27235,-0.00019259290140687945,0.021797495655896254,43.37938132803693,16732.484285714287,17038.67619047619
2022-12-23,16821.9,16955.14,16731.13,16778.5,161612.00947,-0.002555363857047274,0.013962427956298882,44.14305887392,16753.395714285714,17023.712380952384
2022-12-24,16778.52,16869.99,16776.62,16836.12,100224.29096,0.003428273556819251,0.01363753339682827,45.21555220576882,16761.91,17021.37523809524
2022-12-25,16835.73,16857.96,16721.0,16832.11,125441.07202,-0.00023820676162420736,0.013589517535591684,45.79350349571271,16775.324285714287,17008.347142857143
2022-12-26,16832.11,16944.52,16791.0,16919.39,124564.00656,0.005171929813683699,0.010763131332327362,45.10885673483682,16843.96857142857,17006.110952380954
2022-12-27,16919.39,16972.83,16592.37,16706.36,173749.58616,-0.01267081627317635,0.005848603251736245,29.590019868561825,16816.94,16987.891904761906
2022-12-28,16706.06,16785.19,16465.33,16547.31,193037.56577,-0.00956593439752758,0.006553737105503823,27.148264065798088,16777.317142857144,16974.114285714284
2022-12-29,16547.32,16664.41,16488.91,16633.47,160998.47158,0.005193379640446887,0.007142346337070941,34.85914165427393,16750.465714285714,16945.98904761905
2022-12-30,16633.47,16677.35,16333.0,16607.48,164916.31174,-0.0015637342071172207,0.0071301846103672675,49.27053975321509,16726.034285714286,16921.175714285713
2022-12-31,16607.48,16644.09,16470.0,16542.4,114490.42864,-0.003926414431065476,0.006824527670858117,42.7273856858847,16684.074285714287,16893.31428571429
2023-01-01,16541.77,16628.0,16499.01,16616.75,96925.41374,0.004484440922006132,0.007303654702933101,46.30964244913834,16653.308571428573,16871.01428571429
2023-01-02,16617.17,16799.23,16548.7,16672.87,121888.57191,0.00337162473850112,0.007042638677852439,58.34230585483763,16618.091428571428,16845.444761904764
2023-01-03,16672.78,16778.4,16605.28,16675.18,159541.53733,0.00013853883532594145,0.005281082634956256,38.377317891272575,16613.637142857144,16793.086666666666
2023-01-04,16675.65,16991.87,16652.66,16850.36,220362.18862,0.010450635209181243,0.004804404109554753,51.22060151090428,16656.93,16747.715714285714
2023-01-05,16850.36,16879.82,16753.0,16831.85,163473.56641,-0.0010990966366733739,0.004825321815040523,50.48800134879444,16685.27,16722.74
2023-01-06,16831.85,17041.0,16679.0,16950.65,207401.28415,0.007033256255153627,0.0049504850677789605,57.527394205458805,16734.294285714288,16737.908095238097
2023-01-07,16950.31,16981.91,16908.0,16943.57,104526.5688,-0.0004177703515806188,0.004272771604012221,54.91559540692624,16791.604285714286,16745.862857142856
2023-01-08,16943.83,17176.99,16911.0,17127.83,135155.89695,0.010816215147354305,0.005120936775802659,61.61325793276783,16864.615714285716,16764.41619047619
2023-01-09,17127.83,17398.8,17104.66,17178.26,266211.52723,0.0029400048985379155,0.005136939809270776,60.46912282120753,16936.81428571429,16799.62476190476
2023-01-10,17179.04,17499.0,17146.34,17440.66,221382.42581,0.015159630933365425,0.006160786979526825,78.55598419562565,17046.16857142857,16825.581904761904
2023-01-11,17440.64,18000.0,17315.6,17943.26,262221.60653,0.02841029515457346,0.010402511550797595,92.83973804219048,17202.29714285714,16878.848095238096
2023-01-12,17943.26,19117.04,17892.05,18846.62,454568.32178,0.04911903051513352,0.017314790822678342,95.23149680968893,17490.12142857143,16975.285714285714
2023-01-13,18846.62,20000.0,18714.12,19930.01,368615.87823,0.055893048509553726,0.022188653358732893,97.41228983952026,17915.744285714285,17125.35761904762
2023-01-14,19930.01,21258.0,19888.05,20954.92,393913.74951,0.050146827684418194,0.02146324142138794,99.4267087841924,18488.794285714284,17321.49095238095
2023-01-15,20952.76,21050.74,20551.01,20871.5,178542.22549,-0.003988871656173911,0.02425712638257535,97.56280783496577,19023.604285714282,17513.84285714286
2023-01-16,20872.99,21474.05,20611.48,21185.65,293078.08262,0.014939473685250641,0.022534025529107646,97.69573856430198,19596.088571428572,17716.998095238097
2023-01-17,21185.65,21647.45,20841.31,21134.81,275407.74409,-0.0024026215431750143,0.02526762363358571,96.65538893526913,20123.824285714283,17927.876666666667
2023-01-18,21132.29,21650.0,20407.15,20677.47,350916.01949,-0.021876742420547574,0.031361323039113126,87.80615984621126,20514.425714285713,18124.550952380952
2023-01-19,20677.47,21192.0,20659.19,21071.59,251385.84925,0.018880985981668756,0.028692976126103848,88.98898309760717,20832.278571428575,18335.89
2023-01-20,21071.59,22755.93,20861.28,22667.21,338079.13659,0.0729936990967774,0.033057436412255094,91.340946959178,21223.307142857142,18624.44857142857
2023-01-21,22666.0,23371.8,22422.0,22783.55,346445.48432,0.0051193975233281225,0.030095015349425484,91.57646536184465,21484.54,18921.64619047619
2023-01-22,22783.35,23078.71,22292.37,22707.88,253577.75286,-0.0033267835189935463,0.03003755054696604,90.34982551387722,21746.88,19211.699999999997
2023-01-23,22706.02,23180.0,22500.0,22916.45,293588.37938,0.009142992475145141,0.03002440949377116,90.56559489758556,21994.137142857147,19509.013333333332
2023-01-24,22917.81,23162.2,22462.93,22632.89,293158.78254,-0.012450835212587299,0.03100826171847697,86.59649360224083,22208.148571428574,19792.713809523808
2023-01-25,22631.94,23816.73,22300.0,23060.94,346042.83223,0.018736119160646474,0.027722565163838357,86.45413956297887,22548.644285714287,20088.455714285716
2023-01-26,23060.42,23282.47,22850.01,23009.65,288924.43581,-0.0022265840828143047,0.028442893420614578,83.75099517290477,22825.51,20382.636666666665
2023-01-27,23009.65,23500.0,22534.88,23074.16,280833.86315,0.0027996835390564157,0.009954053593931367,80.53527413424396,22883.645714285714,20674.23238095238
2023-01-28,23074.16,23189.0,22878.46,23022.6,148115.71085,-0.002237034511835935,0.010024671699782823,74.76239748601215,22917.795714285716,20963.71
2023-01-29,23021.4,23960.54,22967.76,23742.3,295688.79204,0.03078192520585222,0.01455738934985562,79.83380860138176,23065.57,21278.684761904762
2023-01-30,23743.37,23800.51,22500.0,22826.15,302405.90121,-0.0393514588233174,0.022426558055216716,65.15243879911037,23052.670000000002,21547.631904761904
2023-01-31,22827.38,23320.0,22714.77,23125.13,264649.34909,0.013013096440887308,0.022241533288894774,67.57779795317818,23122.989999999998,21818.320952380953
2023-02-01,23125.13,23812.66,22760.23,23732.66,310790.42271,0.025932253556535844,0.023230437882871553,76.28504813607154,23218.95,22094.006666666668
2023-02-02,23731.41,24255.0,23363.27,23488.94,364177.20751,-0.010322486493569127,0.023792737064771405,71.349966880106,23287.420000000002,22315.069523809525
2023-02-03,23489.33,23715.7,23204.62,23431.9,332571.02904,-0.002431330219096245,0.023880055216565107,59.274208219430655,23338.52571428571,22481.82619047619
2023-02-04,23431.9,23587.78,23253.96,23326.84,166126.47295,-0.004493712909870792,0.023964986724661366,56.60713286747307,23381.98857142857,22594.774761904762
2023-02-05,23327.66,23433.33,22743.0,22932.91,209251.33917,-0.017031632139821246,0.020981054754191285,52.54004266702786,23266.36142857143,22692.937142857143
2023-02-06,22932.91,23158.25,22628.13,22762.52,265371.6069,-0.007457673107036351,0.01482712147003289,48.247397796182135,23257.271428571432,22768.02619047619
