date,open,high,low,close,volume,log_return,volatility_7,RSI_14,MA_7,MA_21
2017-09-06,313.29,336.34,312.09,335.0,5486.30988,0.07083892407415307,0.1010742660051439,54.09473594693426,341.2885714285714,331.43
2017-09-07,335.01,342.5,320.17,334.49,3103.89745,-0.0015235480698769116,0.10111654467008907,52.427525108547876,334.1028571428571,332.9771428571429
2017-09-08,334.49,335.1,272.0,302.99,4915.75693,-0.09890718209077135,0.10410124855817608,45.257929524033,321.89285714285717,333.40714285714284
2017-09-09,300.01,307.0,281.66,296.74,2740.58822,-0.020843467141770648,0.09650029893551347,43.41112272146754,315.2642857142857,333.6847619047619
2017-09-10,296.72,302.78,261.03,293.5,4156.45099,-0.010978695254496504,0.09633427848707933,38.81861721724181,308.36857142857144,333.41809523809525
2017-09-11,293.51,304.98,285.21,297.3,4829.64647,0.012864090735900956,0.06359100836122207,40.10001626280696,310.3014285714286,332.1804761904762
2017-09-12,297.78,316.46,286.01,293.96,5176.31402,-0.011298026343381637,0.05023202078516844,31.699909338168624,307.7114285714286,331.42619047619047
2017-09-13,293.93,294.5,257.05,276.91,6451.22836,-0.05975116001523219,0.0387778251272411,25.925271619114923,299.4128571428572,329.57714285714286
2017-09-14,275.76,283.77,215.0,215.21,12601.95676,-0.25207824803594464,0.09125267878522546,20.454387065300722,282.3728571428572,324.4242857142857
2017-09-15,217.0,270.93,192.0,253.0,14223.8953,0.16177519311802663,0.12212590861497254,28.906882591093122,275.2314285714286,320.88904761904763
2017-09-16,255.99,271.81,235.51,249.31,10362.06011,-0.014692386688004868,0.12218928141873799,33.212867212938775,268.4557142857143,317.00904761904764
2017-09-17,249.32,264.39,239.02,257.55,4614.53337,0.032516773972078875,0.1241049231443112,35.29370678214711,263.32000000000005,312.69571428571425
2017-09-18,257.53,306.22,257.11,294.57,4125.97051,0.1343027898377143,0.13705886298519396,52.03497135966235,262.93,310.24666666666667
2017-09-19,296.0,300.0,277.41,284.0,1869.90852,-0.036542427688102425,0.13769587121354374,44.327773514801514,261.50714285714287,305.9276190476191
2017-09-20,284.01,294.0,275.91,282.0,1060.56734,-0.007067167223092443,0.13562386756357264,38.31054256726952,262.2342857142857,300.97857142857146
2017-09-21,285.1,287.0,252.1,257.0,1912.55583,-0.09283098604289375,0.09218241868677456,34.57542099605875,268.20428571428573,294.8933333333333
2017-09-22,258.0,272.97,253.01,264.0,1464.5125,0.02687301825109627,0.07044706170416148,41.400149984560414,269.7757142857143,288.9666666666667
2017-09-23,259.99,286.23,255.11,285.93,2824.33572,0.07979792247132796,0.07472627060387263,47.769938523744685,275.00714285714287,286.2423809523809
2017-09-24,286.5,294.61,275.0,282.0,5575.54422,-0.013839954679530577,0.07543926980563444,47.63432897227022,278.5,283.39619047619044
2017-09-25,282.0,299.0,281.34,294.42,5870.48035,0.0431002483917535,0.05648287657812614,49.42784488239034,278.4785714285714,283.9033333333333
2017-09-26,294.42,296.81,286.24,287.9,4566.92804,-0.022394121711737002,0.05519888638343155,48.811111983049514,279.0357142857143,282.7514285714286
2017-09-27,289.91,313.0,286.13,309.74,5518.10382,0.07312003826989824,0.06102875091940294,56.32197188523011,282.99857142857144,281.54857142857145
2017-09-28,309.81,311.81,296.89,302.44,6600.90922,-0.023850325197959238,0.04428946005679638,71.24969549330083,289.48999999999995,280.0223809523809
2017-09-29,302.44,303.0,274.0,292.22,11089.19902,-0.03437596744613061,0.04923081382745864,61.03669518235029,293.5214285714286,279.5095238095238
2017-09-30,292.62,307.49,292.22,304.36,4020.60795,0.04070426806438359,0.04232256819765542,64.78805136195132,296.1542857142857,279.8723809523809
2017-10-01,305.13,306.0,294.0,303.95,5060.05758,-0.0013479971135906307,0.041457278942820426,63.01177790241166,299.29,280.37
2017-10-02,303.94,305.0,295.0,296.5,3710.83747,-0.024815995756951273,0.040550359612844596,50.64882673300612,299.58714285714285,280.33190476190475
2017-10-03,298.15,301.99,283.18,292.48,5546.85702,-0.01365093017199488,0.039837868619778984,52.98213532142356,300.24142857142857,280.26142857142855
2017-10-04,292.47,297.97,288.0,291.99,4014.88792,-0.0016767331592732442,0.0248886731229508,53.55086372360845,297.7057142857143,280.9795238095238
2017-10-05,290.0,297.44,285.53,294.81,3412.39016,0.009611525935933162,0.024645706930759084,65.95493290573043,296.61571428571426,284.77
2017-10-06,294.78,310.8,293.78,310.8,3541.02359,0.052818537451047254,0.028293095428793963,68.35582052086602,299.27000000000004,287.52238095238096
2017-10-07,309.9,318.5,303.6,311.01,2165.79076,0.0006754475096379729,0.024572032440852338,61.85703479576399,300.21999999999997,290.4604761904762
2017-10-08,311.08,317.07,309.0,311.07,2960.93198,0.0001929012351661457,0.02453254282651357,64.26538423790362,301.2371428571428,293.00904761904764
2017-10-09,311.13,312.13,286.65,297.19,4885.37863,-0.04564630233628275,0.029310536076788362,51.34010643444605,301.3357142857143,293.1338095238095
2017-10-10,297.35,308.56,293.0,298.64,6749.27468,0.004867169704314665,0.02866676252443666,55.46398046398047,302.2157142857142,293.8309523809524
2017-10-11,300.88,305.5,298.02,304.01,3724.6863,0.017821760995715447,0.029083433264352233,46.497983131646485,303.93285714285713,294.87904761904764
2017-10-12,304.01,310.0,302.71,303.99,7827.75596,-6.578947370788546e-05,0.02910000474257385,51.03984972494298,305.2442857142857,297.1166666666667
2017-10-13,303.52,353.96,297.0,337.96,17925.36585,0.105932739156308,0.04590652663897403,73.27024827024826,309.1242857142857,300.6385714285714
2017-10-14,337.96,349.8,335.0,342.0,7731.96469,0.011883191777961127,0.045641701726225906,70.86937236637836,313.5514285714286,303.30857142857144
2017-10-15,342.0,348.0,316.17,337.96,10011.34708,-0.011883191777961124,0.04645259184884724,68.12706534484597,317.39285714285717,305.97333333333336
2017-10-16,337.5,354.0,332.78,335.19,8663.47097,-0.008230010057287757,0.04050694774627619,71.70425221586449,322.82142857142856,307.9147619047619
2017-10-17,335.18,336.58,312.65,315.19,8146.74356,-0.06152190363523369,0.05042959785268117,60.80296831890399,325.18571428571425,309.2142857142857
2017-10-18,315.19,318.0,284.68,309.7,12908.0454,-0.017571544612965492,0.05101712769462471,58.04195804195803,325.9985714285714,309.21238095238095
2017-10-19,311.52,315.0,300.0,308.66,8678.74739,-0.003363739506471613,0.05106158625407624,56.39250438475031,326.6657142857143,309.50857142857143
2017-10-20,308.66,311.18,302.0,304.51,8739.31764,-0.013536420139482645,0.02268116741352642,46.74059488029846,321.88714285714286,310.0938095238095
2017-10-21,304.51,305.34,290.0,298.94,8591.63121,-0.018461042975534445,0.019369551156240315,44.074619538537064,315.7357142857142,309.8357142857143
2017-10-22,298.99,306.99,290.0,293.79,7173.06893,-0.017377657956855617,0.01913237256520129,41.92070319805499,309.42571428571426,309.35190476190473
2017-10-23,293.78,294.6,272.2,281.09,9658.78404,-0.044190323649752866,0.020238371180232702,42.388426626323735,301.69714285714286,308.61809523809524
2017-10-24,282.27,310.0,275.5,297.38,14066.67924,0.05633587951801723,0.031062599760684657,49.4776119402985,299.1528571428571,308.8514285714286
2017-10-25,295.43,300.0,281.0,294.49,9703.09261,-0.009765735611334387,0.030813789430869494,45.97019979681681,296.98,308.9704761904762
2017-10-26,294.1,299.76,291.03,294.71,7813.02717,0.0007467753232314043,0.030937868359760604,46.078431372549005,294.9871428571428,308.9657142857143
2017-10-27,294.72,298.1,292.03,296.33,6272.14802,0.005481876207628767,0.03106273458279117,25.788065604280575,293.81857142857143,308.27666666666664
2017-10-28,296.14,297.0,290.1,291.87,5848.86589,-0.01516520053315711,0.030829164090840744,20.98622525755296,292.8085714285714,307.36523809523806
2017-10-29,291.86,309.4,291.86,305.0,9019.13315,0.0440032789519656,0.034685360827330515,32.73984080435693,294.40999999999997,307.07619047619045
2017-10-30,305.0,316.0,302.1,307.25,8946.12026,0.007349971838732488,0.02704553736107255,35.288542544229145,298.1471428571428,307.5552380952381
2017-10-31,305.95,309.99,304.01,304.9,7640.41182,-0.0076778944519352,0.019647428899199893,43.34497477687232,299.2214285714286,307.85333333333335
2017-11-01,304.89,305.9,286.34,287.01,9843.1666,-0.06046679563602341,0.03128238239363834,37.35369524021847,298.1528571428571,307.0438095238095
2017-11-02,287.3,293.0,274.73,283.12,13423.8572,-0.013646222320977596,0.0314160031504682,36.203543647363865,296.4971428571429,306.05
2017-11-03,283.12,307.0,282.0,304.08,8194.03465,0.0714199886437853,0.04306447459680272,49.80341958489531,297.6042857142857,304.43666666666667
2017-11-04,304.09,304.99,292.11,298.04,7828.41744,-0.020063118995466422,0.04345982974145695,49.59031318281137,298.4857142857143,302.34333333333336
2017-11-05,298.1,302.14,293.13,295.53,6638.42119,-0.008457351149829468,0.039556230385333624,50.81156716417908,297.1328571428572,300.3228571428571
2017-11-06,295.19,305.58,290.11,297.97,7515.50103,0.008222455761088045,0.0396011632839557,58.70641634000416,295.8071428571429,298.5504761904762
2017-11-07,297.25,303.52,287.0,291.78,9418.57881,-0.020992716653036213,0.04010249096349599,46.77567941040994,293.93285714285713,297.43571428571425
2017-11-08,291.31,320.0,290.02,303.02,15961.85772,0.03779871628793992,0.0348262491631219,54.48051265889273,296.21999999999997,297.11761904761903
2017-11-09,303.6,329.0,299.5,317.87,11151.29946,0.04784368423348369,0.03625421597237416,60.544527408486616,301.1842857142857,297.55619047619047
2017-11-10,318.5,322.65,285.82,293.5,15597.16557,-0.07976485489702188,0.042589895850416275,48.932639360337944,299.67285714285714,297.03190476190474
2017-11-11,293.52,318.0,291.91,310.02,10850.16279,0.05475917225899714,0.0473228654829095,56.27463181912465,301.38428571428574,297.5595238095238
2017-11-12,310.87,316.99,281.01,305.24,21123.15319,-0.015538459105715738,0.04774796124589644,50.0880540064573,302.7714285714286,298.1047619047619
2017-11-13,304.0,318.88,303.7,312.99,15551.67434,0.025072888726555297,0.048380514552332755,52.02426294258711,304.9171428571429,299.62380952380954
2017-11-14,313.0,337.54,312.94,335.61,17709.2227,0.06977853037896108,0.05167189658882511,59.47547053378588,311.17857142857144,301.4442857142857
2017-11-15,335.6,339.0,324.0,331.33,15597.16131,-0.012834913951263332,0.05230402563318068,64.92859067636755,315.22285714285715,303.1985714285714
2017-11-16,330.98,334.75,321.41,331.49,14145.71696,0.00048278568271251115,0.05002273117829594,66.7127358164605,317.16857142857145,304.95
2017-11-17,331.49,334.6,323.84,331.23,18042.02544,-0.0007846451392427044,0.03369953062563094,60.94669784694782,322.5585714285715,306.6119047619048
2017-11-18,331.2,349.9,326.01,346.66,14361.4973,0.04553147439400888,0.0321330005045088,68.22338830584705,327.79285714285714,309.2209523809524
2017-11-19,346.66,373.56,343.07,354.15,19397.74898,0.021376079686467164,0.028976485974257848,71.18080647492411,334.78000000000003,311.56142857142856
2017-11-20,355.15,372.5,353.9,367.42,18277.0194,0.03678505568115958,0.02956736705566731,73.27256886267674,342.5557142857143,314.4266666666667
2017-11-21,367.42,375.5,350.02,362.12,26237.64398,-0.01452995927355144,0.023924154085497036,73.71224379719526,346.34285714285716,317.15142857142854
2017-11-22,362.12,384.84,359.0,380.65,18121.58484,0.049904669144981956,0.02528108845128703,74.94376968061178,353.3885714285715,321.6104761904762
2017-11-23,380.63,425.0,370.02,405.0,25409.00111,0.06200674935431756,0.027986319368210173,76.38544000969051,363.89,327.4142857142857
2017-11-24,405.03,475.0,392.8,469.0,30398.35831,0.1467157013397403,0.04945612038711573,92.85923610432744,383.57142857142856,335.26761904761906
2017-11-25,467.57,484.47,450.0,461.82,21428.63117,-0.015427563671998346,0.05532764889072389,88.84339815762539,400.0228571428571,343.06666666666666
2017-11-26,461.0,465.0,436.14,462.84,21691.11759,0.002206217233855681,0.05691122760585068,91.11876434982257,415.55,351.0338095238095
2017-11-27,462.84,486.94,453.0,472.31,23761.11416,0.020254127653063673,0.057323021197351706,91.19776582540338,430.53428571428566,359.33571428571423
2017-11-28,472.32,477.5,453.5,466.17,23967.24816,-0.013085175194447872,0.05711349979173413,86.90637720488466,445.3985714285714,367.64
2017-11-29,466.17,515.0,385.0,421.7,51313.49571,-0.10025621371423833,0.07610037257608115,70.8158658497259,451.2628571428571,373.2914285714286
2017-11-30,421.92,460.0,387.01,427.43,45184.22265,0.013496371526944424,0.07322135696996063,71.54599353215954,454.46714285714285,378.5085714285714
2017-12-01,428.05,465.97,413.74,457.51,33072.21995,0.06800821012073376,0.05098204635270474,75.00990255882118,452.82571428571424,386.31857142857143
2017-12-02,457.53,471.91,445.0,457.63,25796.14,0.00026225495702897485,0.05071669313847836,73.3965844402277,452.2271428571429,393.347619047619
2017-12-03,457.31,485.9,440.11,460.3,24490.05997,0.005817453465974471,0.0507766580511229,72.84466061206042,451.86428571428576,400.7314285714286
2017-12-04,460.3,470.98,445.0,466.67,23182.65949,0.01374391894367733,0.05038516497149569,72.01348533912966,451.0585714285714,408.04952380952375
2017-12-05,466.66,468.67,445.21,452.26,25387.11695,-0.031365134072025146,0.05153325664062775,69.21633836445808,449.07142857142856,413.60428571428577
2017-12-06,452.26,455.1,400.0,411.01,38638.76036,-0.09563969059436164,0.050110899523797416,55.90064526160305,447.5442857142857,417.39857142857136
2017-12-07,413.5,427.61,375.01,406.33,41343.73269,-0.011451907766420133,0.04957093574779958,50.27989393492992,444.53000000000003,420.9623809523809
2017-12-08,406.52,456.78,390.0,442.56,41064.60305,0.08541041114232706,0.05419399601887249,43.69936135735393,442.39428571428573,426.26380952380947
2017-12-09,442.56,488.0,426.4,460.0,41918.34044,0.03865044100674733,0.05667096475811601,49.586513994910945,442.73285714285714,431.6609523809523
2017-12-10,460.0,460.05,403.2,427.35,34919.25938,-0.07362313987111363,0.06307642487007695,42.950220491835864,438.0257142857143,435.14666666666665
2017-12-11,427.35,512.0,427.35,508.7,29763.16644,0.17425510221669235,0.09466915220403457,55.6228560833153,444.03000000000003,441.87428571428575
2017-12-12,508.44,639.27,494.89,620.0,59387.02259,0.19786102621041793,0.11458944996601307,67.93935860058309,467.99285714285713,454.1542857142857
2017-12-13,622.0,705.69,539.93,683.99,57694.18773,0.09822381959350085,0.09699062892998961,79.25580565284315,506.99000000000007,468.5990476190476
2017-12-14,683.98,747.6,630.5,679.76,60919.26902,-0.006203502937352151,0.09624858289355334,78.23936253553282,546.0514285714286,481.68285714285713
2017-12-15,679.76,689.0,594.6,674.95,39778.16165,-0.007101180640449767,0.10059552922293545,75.79359430604983,579.25,491.48999999999995
2017-12-16,673.75,712.0,669.22,682.81,26866.0533,0.011578022335239578,0.10207586956259701,76.2300810735253,611.0799999999999,502.0133333333334
2017-12-17,681.8,728.0,680.33,707.64,31398.4476,0.03571885341033729,0.0859502748063657,77.39698715108551,651.1214285714286,513.6704761904762
2017-12-18,707.62,798.88,638.0,784.0,45673.70777,0.10247353054999478,0.07535245580927838,80.43115518134218,690.4499999999999,528.5128571428571
2017-12-19,784.0,864.9,729.01,798.0,69423.62125,0.017699577099400857,0.0462975472813512,83.18169603439672,715.8785714285714,544.3142857142857
2017-12-20,798.0,828.0,661.0,790.21,72526.28416,-0.00980986452854799,0.03964888156248349,88.89071217591075,731.0528571428573,561.8623809523809
2017-12-21,794.62,845.99,705.98,782.41,78222.53998,-0.009919833096237835,0.040090371504640634,88.32545247024295,745.7171428571429,578.7661904761904
2017-12-22,784.0,796.0,504.99,635.97,154630.49482,-0.20722750740875198,0.09561758045238558,66.0946991761671,740.1485714285715,587.2642857142857
2017-12-23,635.15,714.99,627.97,640.34,79001.05634,0.006847892874123056,0.0954686527524226,65.34077375888938,734.0814285714285,595.9647619047619
2017-12-24,640.33,667.64,563.49,658.0,95431.94156,0.027205646034923148,0.09485369467262403,70.13390596902879,726.99,605.3790476190477
2017-12-25,659.4,744.0,599.99,714.95,78544.84102,0.08300767885353909,0.0912086945772571,68.8050475026897,717.1257142857145,617.2019047619049
2017-12-26,713.12,750.0,712.56,750.0,60052.47905,0.047860596351499834,0.09359136235198535,63.767102977930286,710.2685714285716,631.38
2017-12-27,750.0,766.05,693.18,739.89,51339.2782,-0.013571680030094745,0.09360850938641355,56.682446325252236,703.0799999999999,647.0409523809524
2017-12-28,739.89,744.93,645.88,707.89,72679.61288,-0.044212812108918656,0.09453306829523074,53.15337533349775,692.4342857142857,661.4009523809524
2017-12-29,709.5,757.87,703.0,733.99,64028.12647,0.036206690152163934,0.041798089941829264,56.31687066678079,706.4371428571429,675.2785714285715
2017-12-30,732.9,735.0,635.82,681.06,89879.99994,-0.07484499654820373,0.05542222726258885,49.82923163996175,712.2542857142859,685.8052380952381
2017-12-31,680.01,740.0,672.86,733.98,62628.24458,0.07483137229157702,0.06072669423055255,52.43672291296626,723.1085714285715,700.4066666666668
2018-01-01,733.01,763.55,716.8,754.99,53909.25885,0.02822272384131582,0.05371895857377972,47.01007977243213,728.8285714285713,712.134761904762
2018-01-02,754.99,899.5,749.06,855.28,113257.78355,0.12472439657704851,0.06896761325387142,55.01207518112771,743.8685714285714,723.3385714285714
2018-01-03,855.13,950.01,810.0,934.03,89041.45688,0.08807965692211157,0.07167273848534801,61.19430866465331,771.6028571428571,735.245238095238
2018-01-04,934.03,1009.72,890.01,940.0,102894.47384,0.006371317636693399,0.0647747557254071,62.301147451408944,804.7614285714286,747.6376190476191
2018-01-05,940.0,1045.0,930.0,959.3,97374.0163,0.020323976559852238,0.06522733289735187,81.48847899339708,836.9485714285713,761.1780952380954
2018-01-06,958.0,1017.56,950.0,1004.11,71954.27895,0.0456530041793103,0.04226727250100404,82.84011916583911,883.0985714285715,776.4780952380952
2018-01-07,1003.71,1125.0,999.9,1123.09,65278.81957,0.11198223799950643,0.04715510148083239,85.49384129309949,938.6857142857142,796.2614285714285
2018-01-08,1123.09,1239.18,910.0,1133.18,158831.54798,0.008944024662702816,0.049858052847709076,84.37638703950287,992.7128571428572,812.8890476190476
2018-01-09,1133.18,1326.5,1104.85,1291.0,118702.88684,0.1303892721812212,0.05115059886952376,87.00005471357443,1054.9585714285713,836.365238095238
2018-01-10,1291.0,1440.0,1201.1,1247.0,160185.0129,-0.03467644516660603,0.059765039657155634,83.14574427755336,1099.6685714285713,858.1171428571428
2018-01-11,1249.03,1332.49,1021.0,1138.93,194546.29387,-0.09065144154022718,0.07775435088234393,75.62541615143157,1128.087142857143,875.0942857142857
2018-01-12,1136.45,1288.5,1069.01,1253.87,93763.47261,0.09614554341756802,0.08177762006002487,77.95414462081129,1170.1685714285713,904.5180952380953
2018-01-13,1253.87,1427.01,1252.0,1388.02,75893.43201,0.10164350262746262,0.08528479694436401,84.95994461477599,1225.0128571428572,940.1219047619046
2018-01-14,1388.1,1391.89,1220.89,1347.0,98391.19585,-0.02999837377447598,0.08391996676282597,80.67554043234588,1257.0,972.9314285714285
2018-01-15,1347.99,1383.13,1258.12,1271.0,69236.70476,-0.05807590522090997,0.08980315924324966,74.47424088636774,1276.6885714285713,999.4100000000001
2018-01-16,1268.67,1275.01,780.0,1000.0,343889.36509,-0.23980399220731705,0.11651500230689883,55.907421013960324,1235.1171428571429,1011.3147619047619
2018-01-17,999.99,1075.51,755.0,1000.0,436333.67326,0.0,0.11733910871014612,52.87789556340794,1199.8314285714284,1023.7009523809525
2018-01-18,1000.0,1075.2,924.21,994.0,294545.71207,-0.006018072325563021,0.11455987923517252,52.355650944877766,1179.1271428571429,1037.325238095238
2018-01-19,993.3,1079.0,941.0,1032.5,167954.11253,0.03800111817861384,0.10661444443032603,53.14060649745147,1147.5028571428572,1051.5399999999997
2018-01-20,1032.5,1165.4,1031.0,1152.75,123352.58362,0.11016734625162719,0.10837279734152819,55.98958753082639,1113.892857142857,1074.0014285714285
2018-01-21,1150.37,1152.69,998.0,1049.0,175031.00789,-0.09431306269051781,0.11139962098788024,46.977374162648196,1071.3214285714287,1089.0023809523811
2018-01-22,1049.0,1090.15,908.0,993.0,185212.52002,-0.05486194435112455,0.1112987028837915,44.48761305544632,1031.607142857143,1100.3361904761903
2018-01-23,993.0,1030.0,909.0,980.0,160159.63958,-0.013178092380555027,0.06536728049210382,36.19838818475521,1028.75,1106.2752380952381
2018-01-24,981.2,1074.0,953.09,1061.0,134257.7947,0.07941456694936552,0.07245849982073227,42.008112195792656,1037.4642857142858,1112.3214285714287
2018-01-25,1060.34,1115.0,1030.26,1056.52,119415.93495,-0.004231371306382825,0.07240212890241267,46.1130658717656,1046.3957142857141,1117.87
2018-01-26,1055.29,1082.0,986.0,1051.03,145113.638,-0.005209852594450854,0.07132299042279647,39.33139779516958,1049.0428571428572,1122.2380952380952
2018-01-27,1051.03,1127.99,1032.2,1118.99,96894.33839,0.06265585700835312,0.060868314194539516,34.791113121148726,1044.2199999999998,1127.7085714285713
2018-01-28,1118.99,1277.0,1112.0,1251.96,143510.73586,0.11228383054637583,0.05999927740641712,45.13314215485457,1073.2142857142858,1133.845238095238
2018-01-29,1251.96,1258.89,1161.65,1177.01,105292.76808,-0.06173299886697351,0.06156445832360731,45.18172963551546,1099.5014285714285,1135.932380952381
2018-01-30,1177.01,1186.85,1051.0,1085.5,155278.55404,-0.08093661408255835,0.07274779047507554,55.371547759656224,1114.5728571428572,1126.1466666666668
2018-01-31,1084.63,1135.0,1029.0,1124.81,100372.03783,0.035573422167950675,0.06796858136598345,57.47213142234515,1123.6885714285715,1120.3280952380953
2018-02-01,1125.96,1164.99,981.0,1041.94,203355.29052,-0.07652977240476375,0.07529602092934916,52.62817420288584,1121.6057142857142,1115.709523809524
2018-02-02,1041.89,1047.2,783.67,922.3,377375.22874,-0.12196908883986034,0.08799162606807906,44.45216375682151,1103.2157142857143,1099.9204761904762
2018-02-03,923.67,998.0,851.0,971.0,160037.88129,0.05145591804965183,0.08635305238883195,40.13975239521284,1082.0742857142857,1080.0623809523809
2018-02-04,971.0,975.0,789.0,823.56,186446.0316,-0.16469006158278132,0.07860371100543215,38.32304313595492,1020.8742857142855,1055.1366666666665
2018-02-05,821.6,862.47,634.94,697.92,365516.52899,-0.16553192369527936,0.08822395032309245,35.74437659426451,952.4328571428571,1027.847142857143
2018-02-06,697.93,798.0,570.1,779.25,648944.4204,0.11022743563418237,0.11226803957188998,40.90221066084166,908.6828571428571,1017.3352380952381
2018-02-07,779.99,849.0,714.18,754.0,356403.4441,-0.03293955063949035,0.10668113905337183,35.34662160872139,855.7099999999999,1005.6209523809524
2018-02-08,753.19,786.93,751.0,781.66,10516.2619,0.036027495383295444,0.11163888173323094,37.16471159593545,818.527142857143,995.5095238095239
2018-02-09,781.66,882.2,781.66,877.0,95447.67289,0.1150871289809316,0.11873438105647119,42.50239106645873,812.0557142857142,988.1047619047617
2018-02-10,876.3,911.2,800.0,851.15,214818.06768,-0.029918616111603638,0.11598678947432091,38.02639343382866,794.9342857142857,973.742857142857
2018-02-11,851.15,857.0,768.28,808.99,189323.408,-0.05080182021791618,0.09883435535854417,28.44742859923126,792.852857142857,962.3138095238094
2018-02-12,808.58,877.56,807.46,866.66,143586.93121,0.0688601869615222,0.06987745591109035,34.641764898007665,816.9585714285714,956.2976190476189
2018-02-13,866.39,871.0,820.0,841.57,110305.93537,-0.029377548043920194,0.06306496021433618,37.07929445415541,825.8614285714286,949.7057142857144
2018-02-14,841.57,924.99,841.3,919.09,150342.85558,0.08811485513570866,0.0655589667130511,39.52716461676305,849.4457142857144,942.9480952380951
2018-02-15,919.09,946.66,895.59,924.55,155637.78524,0.005923082557021196,0.06595261092197159,43.512572533849124,869.8585714285715,936.6638095238096
2018-02-16,924.55,948.48,901.36,938.67,115540.16349,0.015156847086886452,0.05236095683211008,51.024110706555064,878.6685714285715,931.3133333333333
2018-02-17,938.6,974.0,933.48,969.99,110091.03618,0.03282178242605548,0.0497521231292457,49.93540960542303,895.6457142857142,924.2180952380953
2018-02-18,969.99,978.5,897.0,911.0,160129.79518,-0.06274286490597872,0.052651398697947716,56.30516296509952,910.2185714285714,907.9819047619048
2018-02-19,911.0,956.22,906.04,938.11,80099.49534,0.02932431565949742,0.048078717119276505,70.18844453409989,920.4257142857143,896.6057142857144
2018-02-20,939.17,961.0,873.0,882.99,120056.67502,-0.06055333740793702,0.0536032389729829,59.121443393240256,926.342857142857,886.962380952381
2018-02-21,882.99,908.88,812.87,835.89,176200.55151,-0.05481685003145472,0.04382548262409892,56.93383685288988,914.4571428571428,873.2042857142856
2018-02-22,836.35,871.96,786.6,801.49,137561.85113,-0.04202453011465303,0.04402026707095469,51.660108832147344,896.8771428571429,861.7542857142857
2018-02-23,801.47,885.0,785.99,851.6,154507.41338,0.060644437653913426,0.052655288497338484,47.69935871888699,884.4385714285714,858.3876190476191
2018-02-24,851.59,875.0,805.0,833.94,89311.5794,-0.020955475694602658,0.04845696789892526,48.417704061931126,865.0028571428572,851.8609523809524
2018-02-25,833.92,849.5,813.18,841.19,59431.26474,0.00865609865379997,0.045791847136844546,53.16356205297493,855.0300000000001,852.7004761904761
2018-02-26,841.46,882.0,833.0,867.98,74911.4656,0.03135111694171518,0.04609757336170123,50.13806376035478,845.0114285714286,860.7985714285714
2018-02-27,867.98,897.49,860.69,870.11,63487.68425,0.002450967517545435,0.040662861814738,53.13571240221499,843.1714285714286,865.1252380952382
2018-02-28,871.84,891.0,850.3,853.5,53620.45209,-0.01927409820328708,0.03477586618458512,41.67998579293199,845.6871428571428,869.8633333333333
2018-03-01,853.5,879.96,848.65,870.63,43785.00503,0.019871545283801844,0.028777831199047716,43.356987975556876,855.5642857142857,874.1000000000001
2018-03-02,870.63,876.22,850.0,856.28,39436.26006,-0.016619662059275366,0.020580133191340326,39.85519737976212,856.2328571428573,873.1133333333333
2018-03-03,856.27,870.78,852.3,856.02,34170.2942,-0.00030368510424366577,0.018298204747802915,34.80440521586091,859.3871428571429,873.3452380952381
2018-03-04,856.51,868.0,836.24,866.66,29735.01829,0.01235300264940739,0.018516026973627534,43.21312679850609,863.0257142857143,876.0914285714287
2018-03-05,866.61,871.75,847.2,849.84,30567.79813,-0.019598646532427454,0.015925136794856753,36.04956222144957,860.4342857142857,875.2904761904763
2018-03-06,849.81,853.18,803.01,813.11,48658.06883,-0.04418169472333638,0.02189221485121974,38.274380830928244,852.2914285714286,873.9352380952381
2018-03-07,813.31,826.2,718.4,749.9,109013.2838,-0.08092653744107789,0.03492074975451729,36.31124836830208,837.4914285714286,865.8785714285715
2018-03-08,749.02,772.07,684.0,695.46,76312.77819,-0.07536636717863497,0.03602077170862703,34.13342112351479,812.4671428571429,854.9695238095238
2018-03-09,695.48,727.92,640.0,723.71,116545.37303,0.03981726252824457,0.04520601009589793,29.52252858103563,793.5285714285714,844.7333333333333
2018-03-10,723.65,745.0,673.06,680.58,63012.67972,-0.06144538385794693,0.04576113227939989,27.296144963581455,768.4657142857143,830.9519047619046
2018-03-11,680.58,735.0,659.15,720.85,73967.35869,0.05748569545890651,0.05535184638330821,33.77117272629192,747.6357142857144,821.8971428571429
2018-03-12,721.0,740.5,676.31,697.11,67732.85988,-0.03348785372428169,0.05531982899976762,26.765657719398433,725.8171428571429,810.4209523809524
2018-03-13,696.52,713.76,680.0,689.94,55735.18315,-0.010338580245002695,0.05517926858567607,25.832327297116024,708.2214285714286,801.2280952380953
2018-03-14,690.16,703.54,585.0,610.1,89904.25415,-0.12298175913082172,0.06405404329750976,22.085875498876092,688.25,790.4761904761905
2018-03-15,610.1,621.12,570.0,608.83,94426.72453,-0.0020837955576610543,0.0612296561114886,18.84223555174711,675.8742857142857,781.3019047619048
2018-03-16,608.83,625.3,584.15,599.05,64720.20994,-0.016194015514237825,0.05566880738289565,19.049452532787868,658.0657142857143,769.2757142857143
2018-03-17,599.03,609.26,544.0,546.95,68022.4592,-0.0909876765201081,0.05968943393917441,16.936605404480204,638.9757142857143,755.6095238095238
2018-03-18,547.98,560.0,450.0,537.0,248817.226,-0.018359296056935235,0.046279671944785376,14.681808442254123,612.7114285714287,741.1242857142857
2018-03-19,537.39,560.0,515.8,556.88,184798.77062,0.03635168235154638,0.05511990413252001,18.818119891008166,592.6785714285714,726.3100000000001
2018-03-20,556.88,567.87,515.0,557.0,135426.91549,0.00021546306687308462,0.05595194200146183,20.436338450883056,573.6871428571428,711.4
2018-03-21,557.0,590.52,545.11,559.17,117019.17321,0.0038883014845377734,0.03901606604293587,24.371825535459934,566.4114285714286,697.3842857142857
2018-03-22,559.15,578.6,516.0,539.92,111106.19916,-0.03503256097667078,0.03954061952185368,26.91736910839367,556.5671428571429,681.6361904761904
2018-03-23,539.78,544.72,506.71,543.03,106416.06746,0.0057435865914201864,0.04048794390992826,21.024440310475327,548.5642857142857,666.7195238095238
2018-03-24,543.2,545.99,518.63,520.22,87710.78945,-0.042912767999827905,0.027131764123406933,22.490221642764013,544.7457142857144,650.7290476190476
2018-03-25,521.17,536.0,512.0,523.74,71903.1713,0.0067435789485700845,0.02706336894945053,11.306976561579816,542.8514285714285,634.3995238095238
2018-03-26,523.95,527.67,465.56,485.0,151084.23688,-0.07684648703783015,0.032504616785488105,10.678135775462522,532.5828571428572,617.0261904761904
2018-03-27,485.0,491.55,446.0,448.5,138188.76042,-0.07824020943863234,0.03760221400526469,9.630818619582655,517.0828571428572,599.6638095238095
2018-03-28,448.5,466.0,440.14,446.67,89895.47885,-0.004088614563281978,0.0364743760477887,13.02990544270007,501.01142857142855,585.2242857142857
2018-03-29,446.07,449.43,380.0,384.0,225341.94316,-0.15117751434784205,0.05806354259793589,10.197217009524465,478.7371428571428,570.3928571428571
2018-03-30,383.87,412.04,366.0,392.43,292254.79437,0.021715624780518528,0.060807767410122435,13.24533940515154,457.22285714285715,554.617619047619
2018-03-31,392.4,419.4,388.52,393.92,167833.59399,0.0037896656278432867,0.06374538713676456,16.80045125178981,439.18,540.9671428571428
2018-04-01,393.93,399.91,356.9,378.58,150493.99422,-0.03972043181801528,0.06043277004980619,16.4165182735521,418.4428571428571,524.6685714285713
2018-04-02,378.58,394.87,375.0,385.05,113242.14191,0.016945784807185785,0.06289606132842922,11.37783771634075,404.1642857142857,509.8085714285714
2018-04-03,385.0,419.08,380.13,415.01,137897.55565,0.07492942034066806,0.07068261454131053,21.859764556660977,399.38,496.71666666666664
2018-04-04,415.0,416.5,370.0,378.16,140598.39668,-0.09298522984094627,0.07692600899003836,18.461860124751723,389.59285714285716,485.6719047619047
2018-04-05,378.15,387.03,365.61,381.22,120314.05875,0.008059249815945918,0.05270813160899324,20.69576778196324,389.19571428571425,474.8333333333333
2018-04-06,381.56,385.91,362.54,368.89,74458.69141,-0.032878139682955575,0.05281913866399066,18.903571428571425,385.8328571428571,463.87333333333333
2018-04-07,368.89,394.75,368.28,384.51,71463.42848,0.04147129979187094,0.056136477262887424,25.127378028664637,384.48857142857145,456.1380952380952
2018-04-08,384.51,404.05,384.0,400.4,57395.52936,0.0404942510312232,0.05568485865648354,28.375061364752085,387.6057142857143,449.6333333333333
2018-04-09,400.4,431.99,387.1,399.44,151653.50413,-0.0024004812487116176,0.05564724920704956,32.70816491511722,389.6614285714286,442.1361904761905
2018-04-10,399.25,418.68,391.4,416.07,81394.29605,0.04078994914399954,0.04969990324588771,42.873467235089876,389.8128571428571,435.4252380952381
2018-04-11,415.53,433.54,410.38,429.52,86706.68627,0.03181479077796064,0.028491068789539865,46.41438427765001,397.15,429.2514285714286
2018-04-12,429.9,499.0,412.88,495.67,249766.38316,0.14324207660468183,0.05445854643922207,73.01240572064461,413.5,427.14428571428573
2018-04-13,494.3,530.0,480.22,495.11,251752.08782,-0.0011304226157839762,0.04863012160142215,71.86914295450673,431.53142857142853,424.8623809523809
2018-04-14,494.69,515.0,485.58,502.68,121283.3338,0.015173824643731891,0.04968570792249496,72.57930576316227,448.41285714285715,424.02714285714285
2018-04-15,502.68,535.0,502.51,533.88,108739.15395,0.06021730985900679,0.0503862640274755,80.24931827035451,467.4814285714286,424.51000000000005
2018-04-16,533.88,538.0,497.31,511.46,130359.52549,-0.04290171364067998,0.05796895074161481,73.18173482486704,483.4842857142857,425.77
2018-04-17,512.09,521.2,500.02,502.56,96541.96382,-0.01755434517493433,0.061157321532710536,67.3993401963512,495.84000000000003,428.3442857142857
2018-04-18,502.56,526.99,501.12,526.09,73161.95251,0.04575726497257955,0.06156668730458876,81.0425147941411,509.6357142857143,432.12619047619046
2018-04-19,526.49,571.61,521.03,568.14,112235.77328,0.07689556646054775,0.043498893796765074,83.70843251821394,519.9885714285714,440.89476190476194
2018-04-20,568.14,622.17,556.5,617.09,160209.03951,0.08264701314321884,0.04815462185255799,89.53740282910667,537.4142857142857,451.59285714285716
2018-04-21,616.8,624.5,570.23,604.87,159364.95353,-0.020001321458061237,0.05183246704366638,85.48698788971915,552.0128571428571,461.6380952380952
2018-04-22,604.87,643.49,589.0,620.92,120127.3728,0.0261886902496213,0.04968763544400673,85.49446304403811,564.4471428571429,473.17809523809524
2018-04-23,620.67,649.11,618.02,645.09,77475.70793,0.03818759278716453,0.0408093169157487,86.79047476411561,583.5371428571428,485.5609523809524
2018-04-24,644.58,712.99,643.76,701.58,171437.66972,0.08394509243487519,0.03770021182698438,88.19940595649032,611.9685714285714,499.20714285714286
2018-04-25,701.16,703.3,593.83,618.0,341439.50428,-0.1268464769225914,0.07607092472274787,71.23287671232876,625.0985714285714,510.6280952380953
2018-04-26,617.73,666.19,600.0,661.51,155754.00815,0.06803664314103086,0.075092287732834,69.68660968660967,638.4371428571429,523.9752380952381
2018-04-27,661.51,686.82,635.73,643.46,134803.48389,-0.02766523555671692,0.0716765962162616,66.90829515147371,642.2042857142858,537.0500000000001
2018-04-28,643.41,694.9,638.76,682.86,113128.36337,0.05942999547984879,0.07315062878101262,69.1469013006886,653.3457142857143,551.2571428571429
2018-04-29,683.5,700.49,665.28,690.85,110020.23869,0.01163286298082517,0.07306351156651608,67.54599718316157,663.3357142857143,565.0880952380952
2018-04-30,690.85,695.3,662.2,670.78,112494.9172,-0.02948150914419934,0.07399291186593862,67.90273282991728,667.0057142857142,578.0090476190477
2018-05-01,670.78,675.6,627.58,672.0,133123.66675,0.001817126164670389,0.06552226499861123,69.37431394072448,662.78,590.1961904761905
2018-05-02,671.99,691.99,663.0,688.56,86185.5033,0.024344119818069325,0.03842067598007229,68.8782505635472,672.8599999999999,602.5314285714286
2018-05-03,688.55,792.08,685.39,779.0,229419.209,0.12340858552952932,0.05371088231529311,72.02423229580111,689.6442857142857,616.0233333333333
2018-05-04,779.0,810.0,756.91,785.99,179924.40215,0.008933023831214202,0.04953571916238784,69.3364473141915,710.0057142857142,629.874761904762
2018-05-05,785.8,832.66,781.56,819.5,128631.18764,0.04175032848192181,0.04813164151259484,73.42968801170228,729.5257142857143,644.9614285714285
2018-05-06,819.5,839.99,752.49,794.3,166871.16002,-0.031233174544798004,0.0527756352951225,68.55601695278051,744.3042857142857,657.3623809523809
2018-05-07,794.3,799.14,701.0,752.49,284237.06328,-0.054073516140900356,0.0572428077607229,61.0762757311992,755.9771428571429,668.84
2018-05-08,753.0,777.0,720.02,748.99,135106.19621,-0.004662075204940039,0.05756975346298032,55.489428710372124,766.9757142857143,680.574761904762
2018-05-09,748.99,760.74,710.26,751.75,112353.37758,0.003678189575392547,0.057570234173827624,69.05216375601834,776.0028571428571,691.3204761904763
2018-05-10,752.4,769.88,720.0,722.52,102019.29933,-0.03965872060428166,0.03296751679427517,59.05918688563537,767.9342857142857,698.6719047619047
2018-05-11,722.52,737.23,663.0,676.96,216953.54991,-0.06513291429259932,0.03720932914077856,54.59861629694707,752.3585714285715,701.5228571428571
2018-05-12,676.96,690.2,633.2,684.11,166801.07487,0.010506536434300351,0.02944484508576769,50.188258682490435,733.0171428571429,705.2961904761905
2018-05-13,684.56,742.0,666.31,729.08,136022.39207,0.0636647419506751,0.04451448859237897,55.180637992248684,723.6999999999999,710.4466666666667
2018-05-14,729.08,743.9,686.0,727.49,183466.9224,-0.002183212110025615,0.040529090741318496,58.09010242802933,720.1285714285715,714.3704761904762
2018-05-15,727.49,740.0,695.0,704.91,127191.21863,-0.03153011815808373,0.04176433281491131,54.425171440096804,713.8314285714287,714.5290476190477
2018-05-16,704.91,712.84,673.52,706.29,118902.46895,0.001955782936344794,0.04168448875653562,52.48549078980571,707.3371428571429,718.7333333333333
2018-05-17,706.8,719.25,662.0,667.62,106723.38375,-0.05630676862730421,0.04413410991997456,31.73499508035421,699.4942857142858,719.0242857142857
2018-05-18,667.62,694.9,656.0,692.6,106541.66307,0.03673348257065758,0.040024161249782364,35.53841865650841,701.7285714285715,721.3642857142856
2018-05-19,693.26,717.8,682.31,697.0,88828.85641,0.00633277879220225,0.03992924232283899,29.15106542310572,703.5699999999999,722.037619047619
2018-05-20,697.0,729.88,688.4,716.16,86004.7409,0.027118194922981707,0.03228098371977593,36.4217696531591,701.7242857142858,723.2428571428571
2018-05-21,716.16,720.46,688.0,696.7,96085.15451,-0.027548703647432417,0.03362796519050155,39.4890538452843,697.3257142857143,724.4771428571428
2018-05-22,697.1,699.6,637.32,640.99,107059.5769,-0.08334104586111922,0.04418328089830163,32.99748110831233,688.1942857142857,723.0004761904762
2018-05-23,640.86,669.0,560.0,577.19,257099.77096,-0.10484235444264309,0.05503201821942871,26.949080921191623,669.7514285714286,717.6971428571428
2018-05-24,577.19,612.1,550.0,602.18,195854.62497,0.04238490220618428,0.0592980395462852,33.928952991452974,660.4028571428571,709.2771428571428
2018-05-25,602.08,617.46,568.7,585.55,118076.26273,-0.028004827450349164,0.05481115929564744,36.77019712276027,645.11,699.732380952381
2018-05-26,585.56,607.62,578.32,586.0,77654.12532,0.0007682130888665181,0.054336451600758805,35.51967411518139,629.2528571428572,688.6133333333333
2018-05-27,586.03,592.0,557.43,570.4,97097.26713,-0.026981920476926432,0.049342208549459546,24.356819650937283,608.4300000000001,677.9514285714287
2018-05-28,570.81,576.2,506.11,511.5,153197.83278,-0.10899028370840502,0.056986996780988744,20.550298601074388,581.9728571428572,666.4757142857143
2018-05-29,511.5,573.43,510.0,567.36,189082.83788,0.10364643749416183,0.07615310522274579,32.80582014550363,571.4542857142858,657.8266666666666
2018-05-30,567.09,585.83,541.2,557.19,122132.2701,-0.01808772801848281,0.06592967745510366,31.762806399530305,568.5971428571429,648.5619047619048
2018-05-31,557.87,586.73,552.98,577.81,100101.52276,0.03633880004166253,0.06524086311646365,38.507409208404766,565.1157142857143,641.6709523809524
2018-06-01,577.81,590.26,564.93,579.0,83840.84162,0.0020573826639724256,0.06452894671888572,34.52063007576169,564.1800000000001,637.0061904761905
2018-06-02,579.0,599.17,572.9,590.85,80258.14719,0.02025970051202945,0.06506682114194416,35.82360639974358,564.8728571428571,632.5652380952381
2018-06-03,590.85,628.81,590.1,619.66,84123.33235,0.04760876243813984,0.06579036725926166,37.436204562024784,571.91,627.3547619047619
2018-06-04,619.66,625.47,580.15,591.02,96339.44507,-0.04732108274211183,0.048866892412810205,36.56222979502567,583.27,620.8561904761905
2018-06-05,591.02,614.0,570.36,609.05,89053.74351,0.03005050836491507,0.033548548282074604,45.50824098554311,589.2257142857143,616.2914285714285
2018-06-06,609.29,613.35,593.4,607.4,70152.92117,-0.0027128135343195215,0.031853766354438644,55.14843723371621,596.3985714285715,611.5823809523811
2018-06-07,606.68,618.0,598.24,605.16,60174.1888,-0.003694666735014153,0.030383820328506943,50.5505468519066,600.3057142857142,608.6080952380953
2018-06-08,605.2,608.45,593.33,598.68,49228.00755,-0.01076565421568794,0.031082349906610893,52.52025029751622,603.1171428571428,604.1357142857142
2018-06-09,599.29,608.97,591.0,592.87,38908.0653,-0.009752080979681648,0.03065740923193076,51.29208200112846,603.4057142857143,599.1771428571428
2018-06-10,592.44,592.87,501.13,524.11,190350.58429,-0.1232735647269894,0.04926819926582352,42.74474154415222,589.7557142857142,590.0319047619048
2018-06-11,524.64,535.51,508.66,531.69,145813.07819,0.014359026780883058,0.049897949922929084,53.77115319959656,581.28,582.1742857142857
2018-06-12,531.08,538.88,482.0,493.0,158223.14812,-0.07555143869246801,0.0499313488679795,35.158869551333225,564.7014285714286,575.1271428571428
2018-06-13,493.0,501.97,449.06,475.47,181842.19417,-0.036205385530246256,0.048441013579819156,34.15542112610515,545.8542857142858,570.2833333333334
2018-06-14,475.47,529.0,460.0,519.29,206093.0733,0.08815870546071654,0.06715515794744416,39.59015226981642,533.5871428571428,566.3361904761905
2018-06-15,519.3,521.0,481.62,487.48,160532.53607,-0.06321323001785878,0.06862066841904622,35.31921719602181,517.7014285714286,561.6661904761904
2018-06-16,487.47,503.28,483.72,496.74,131095.45173,0.018817486423467988,0.07079598686122797,34.777263757238515,503.96857142857147,557.4157142857143
2018-06-17,496.45,507.6,492.7,497.14,117316.93221,0.0008049261914856528,0.05619746849265888,28.175988599928743,500.11571428571426,553.9271428571428
2018-06-18,497.15,524.48,487.27,517.95,143826.68272,0.04100703593385599,0.05877232187433586,36.610840326895605,498.1528571428571,554.2342857142858
2018-06-19,517.77,548.2,510.01,537.97,148148.38064,0.03792408402112623,0.050768530178641205,37.0697809794077,504.57714285714286,552.834761904762
2018-06-20,537.68,542.02,515.08,536.49,123892.0424,-0.0027548739571827924,0.04684599386087527,37.0927227055954,513.2942857142858,551.8490476190476
2018-06-21,536.34,544.98,521.11,526.18,79862.90544,-0.019404563046037975,0.036124272487603803,36.03409251662186,514.2785714285715,549.3904761904762
2018-06-22,526.32,526.44,450.0,462.09,212659.53437,-0.12988368221754074,0.05819467680861386,29.93507065840116,510.65142857142854,543.8233333333334
2018-06-23,462.4,481.0,455.0,473.41,94465.26834,0.02420214333768615,0.05863661914811276,32.731004972822944,507.31857142857143,538.2309523809524
2018-06-24,473.4,475.81,419.53,454.41,198264.10079,-0.040961946435118225,0.059837956951031064,38.23112251789816,501.2142857142857,530.3619047619047
2018-06-25,454.29,474.47,444.37,458.7,122942.1165,0.009396527396082611,0.05617795258572929,37.537137588361844,492.75,524.0609523809524
2018-06-26,459.04,460.81,429.0,429.34,84003.09976,-0.06614725577718392,0.052778622247523777,38.77248677248676,477.2314285714286,515.5033333333334
2018-06-27,429.81,445.95,420.19,441.64,99156.36437,0.028245924744993805,0.05681000545875369,43.921371330003225,463.68142857142857,507.60999999999996
2018-06-28,441.36,443.96,416.45,420.22,112309.56714,-0.04971668691003309,0.05721780865228186,30.640559659201955,448.5442857142857,498.8033333333333
2018-06-29,420.48,442.0,404.48,434.77,159495.30942,0.03403877196562181,0.04208132613422741,38.95477976614559,444.6414285714286,490.9980952380953
2018-06-30,434.77,463.15,434.51,454.09,157169.20242,0.04347826065375242,0.04511503970919717,41.4243776893071,441.88142857142856,484.38952380952384
2018-07-01,454.2,457.77,443.73,452.1,111226.62846,-0.004392021979717813,0.042422305085619824,41.001358587069454,441.5514285714286,480.9604761904762
2018-07-02,452.14,481.83,444.16,476.25,182585.11018,0.05203953214035115,0.04693976446992439,41.77839116719241,444.0585714285714,478.32047619047626
2018-07-03,476.32,486.98,457.0,461.82,186954.55478,-0.03076772166662963,0.03922773154112916,34.64779645982014,448.6985714285714,476.83571428571435
2018-07-04,461.78,482.7,458.02,467.38,101886.20199,0.011967426513379256,0.03846990161937869,36.29259391487167,452.3757142857143,476.45047619047614
2018-07-05,467.19,480.0,458.8,467.87,125806.0083,0.0010478482648156482,0.02949343384449429,37.96590580757007,459.18285714285713,474.0019047619048
2018-07-06,467.79,476.0,451.29,470.47,100428.64802,0.005541715484711769,0.028430581317942034,52.31773426263969,464.28285714285715,473.1919047619047
2018-07-07,470.48,487.99,461.5,485.57,83629.95382,0.031591263557510116,0.026474102595371415,53.29432162982227,468.78000000000003,472.65999999999997
2018-07-08,485.57,495.98,482.05,486.77,144703.13626,0.002468273668135388,0.025993483679825333,59.70256656272486,473.73285714285714,472.1661904761905
2018-07-09,486.55,488.98,468.2,471.71,89532.14109,-0.03142734228213205,0.02273159267302087,53.66416943615164,473.08428571428567,469.9642857142857
2018-07-10,471.73,473.23,427.69,432.48,173640.9762,-0.08682830745256376,0.03892398965570051,50.83778014941303,468.89285714285717,464.9409523809524
2018-07-11,432.55,452.69,424.2,444.99,159022.59726,0.028515727475493278,0.04088931351767007,50.89280955172966,465.69428571428574,460.5838095238095
2018-07-12,444.99,445.36,416.94,431.14,181877.07924,-0.031618946658343146,0.04167262715180001,53.032659409020205,460.44714285714286,456.05809523809523
2018-07-13,431.14,442.47,424.62,432.46,150320.32532,0.0030569732004613907,0.041511760818589025,49.307595467897606,455.01714285714286,454.64714285714285
2018-07-14,432.43,440.0,428.26,433.19,122253.69397,0.0016865942887923729,0.037631228075127726,42.949669410335986,447.5342857142858,452.73190476190473
2018-07-15,433.2,455.0,430.52,449.78,140415.27048,0.03758214349579799,0.04256764128395473,49.28755681120254,442.25,452.51142857142855
2018-07-16,449.79,480.57,444.03,478.49,172440.71343,0.061876737702701724,0.04928878027584205,50.66913609750269,443.21857142857147,453.45380952380947
2018-07-17,478.49,512.0,465.29,498.76,215318.06761,0.041489706095344345,0.03131326433668019,60.66274102297656,452.6871428571429,456.7595238095238
2018-07-18,498.89,515.47,468.01,479.41,236137.8071,-0.03956883693806293,0.038182016527198895,53.216405539810715,457.6042857142857,458.55809523809523
2018-07-19,479.4,484.15,462.57,468.57,171308.06705,-0.0228706776525817,0.03668185557762483,50.177340899878395,462.95142857142855,460.86047619047616
2018-07-20,468.7,471.02,440.0,449.04,160873.38244,-0.042573532903796854,0.042159323563219206,44.99976667133324,465.32,461.54
2018-07-21,449.04,468.97,441.18,460.23,74259.64067,0.02461439389084781,0.04271206383241852,43.97756440726305,469.18285714285713,461.83238095238096
2018-07-22,460.23,472.2,454.19,457.47,60684.89595,-0.006015055729761145,0.04093162115346998,43.0876663206568,470.2814285714286,462.08809523809515
2018-07-23,457.47,469.82,447.11,450.05,106561.46081,-0.01635262109193626,0.03161148562440385,44.69897209985317,466.21857142857147,460.8404761904762
2018-07-24,450.05,484.27,448.47,479.28,158286.759,0.06292629007257515,0.037735250902692814,62.04323211528563,463.4357142857143,461.6719047619048
2018-07-25,479.24,485.77,464.0,472.1,170475.54936,-0.01509415022342836,0.035116128119421094,57.173096258665396,462.39142857142855,461.89666666666665
2018-07-26,472.11,485.0,460.0,462.64,173976.2192,-0.020241613702278265,0.03487134493305462,58.53288546971503,461.54428571428576,461.64761904761906
2018-07-27,462.17,474.0,455.84,470.09,198304.79211,0.015974951884095846,0.030172030107575503,59.86576477374024,464.5514285714286,461.62952380952385
2018-07-28,470.09,472.0,460.82,469.29,156862.59361,-0.0017032514922700186,0.029168111803070607,59.461159450676185,465.8457142857143,460.85428571428577
2018-07-29,468.44,472.0,461.6,466.4,138747.56334,-0.006177279205506105,0.02917633220118937,54.69279421730292,467.12142857142857,459.8842857142857
2018-07-30,466.4,469.79,446.1,456.23,179581.79415,-0.022046566716828295,0.029869192910014632,42.97968966822253,468.0042857142857,459.14714285714285
2018-07-31,456.19,457.3,427.0,432.22,214913.57229,-0.054062350444573415,0.0216668235807609,29.498397830909525,461.2814285714286,459.1347619047619
2018-08-01,432.2,434.99,406.55,420.41,209570.0844,-0.027704292285339886,0.02221607886730578,30.935763215716676,453.8971428571429,457.9642857142857
2018-08-02,420.37,425.52,407.43,410.62,178421.10672,-0.023562212984922642,0.0223427398368879,31.14711432103583,446.4657142857142,456.98714285714294
2018-08-03,410.62,420.01,396.61,417.52,201156.61154,0.016664234730539473,0.02251336216406089,38.82744931234934,438.9557142857143,456.27571428571423
2018-08-04,417.58,419.53,401.86,407.21,179498.57515,-0.025003424443608514,0.02158832356840393,31.08860037095161,430.08714285714285,455.0385714285715
2018-08-05,407.21,413.24,400.16,408.79,158913.77206,0.0038725538592194303,0.02297161072560575,32.48920863309351,421.85714285714283,453.08666666666664
2018-08-06,408.77,413.28,397.08,405.28,166496.42465,-0.008623390497403714,0.02321773992973633,33.42956547486858,414.5785714285715,449.60047619047623
2018-08-07,405.19,412.76,369.19,378.21,207706.11078,-0.06912858934207734,0.027532486355143063,11.983750846310102,406.86285714285714,443.85999999999996
2018-08-08,378.2,380.42,347.25,355.48,275047.10788,-0.061980608041013095,0.0320083476496313,10.728717672413794,397.58714285714285,437.9585714285715
2018-08-09,355.48,369.9,350.51,363.3,244268.20567,0.02175995035688182,0.03638785390802256,16.17406701171342,390.82714285714286,432.9457142857143
2018-08-10,363.21,365.87,325.95,331.81,264274.13378,-0.09066642328723823,0.04180660341580184,9.538857677902627,378.5828571428571,427.3633333333333
2018-08-11,331.88,332.98,304.45,317.69,335634.67243,-0.04348645139527695,0.04181400407293645,8.849077090119437,365.7942857142857,420.5757142857143
2018-08-12,317.49,327.13,313.42,317.89,135524.79994,0.0006293464445114793,0.041320542884048614,9.090408241970138,352.8085714285714,413.92904761904754
2018-08-13,317.96,321.99,280.68,283.81,307713.22214,-0.11340041080223862,0.04818788514162429,8.032324019082864,335.4557142857143,406.0128571428572
2018-08-14,283.81,283.81,250.0,278.41,485174.37541,-0.019210152831510566,0.04873061588050559,8.832503613296936,321.1985714285715,396.447619047619
2018-08-15,278.47,304.45,276.3,281.12,438620.64156,0.00968677708338378,0.05170359697892427,10.809746215744752,310.5757142857143,387.35333333333335
2018-08-16,281.46,298.6,277.55,287.17,235665.2551,0.021292750454775425,0.05162056896171799,14.519744783583377,299.7,378.9976190476191
2018-08-17,286.84,318.0,285.0,317.51,342556.46068,0.10043493900618533,0.06516300312885351,24.669469631730905,297.65714285714284,371.73190476190473
2018-08-18,317.51,321.33,281.79,294.11,384021.38829,-0.0765554668777323,0.06937160760923433,23.135391923990497,294.2885714285714,363.39000000000004
2018-08-19,294.1,307.4,288.2,299.42,288483.44841,0.017893422999675057,0.07015712408919056,24.473696494421873,291.65000000000003,355.43857142857144
2018-08-20,299.3,304.04,269.5,270.51,219153.78936,-0.10153820384176568,0.06728701664609195,21.879564328339512,289.75,346.59476190476187
2018-08-21,270.51,285.9,269.7,281.21,224701.57671,0.03879265500194334,0.06906021225695426,28.276448983248216,290.15,339.4038095238095
2018-08-22,281.09,298.89,259.5,270.8,403936.78303,-0.0377211801437484,0.07042656010500904,29.927941594766267,288.67571428571426,332.2795238095238
2018-08-23,270.68,280.3,267.55,275.99,277304.60909,0.018984092138581453,0.07028630135526452,29.04325284431856,287.0785714285715,325.86857142857144
2018-08-24,276.06,283.1,270.22,281.19,271850.21373,0.018665964249802637,0.05480167020681047,36.094934622568935,281.89,319.37666666666667
2018-08-25,281.05,282.71,275.99,277.55,253375.49477,-0.013029500290333796,0.048229887081719124,38.30010493179432,279.5242857142857,313.20238095238096
2018-08-26,277.54,277.91,268.69,274.29,232525.9497,-0.01181515629172537,0.04682975759257292,37.51431844215349,275.9342857142857,306.79761904761904
2018-08-27,274.17,288.15,271.59,287.71,281020.64727,0.04776708753791599,0.030780886727121325,51.26672729634923,278.3914285714286,301.19904761904763
2018-08-28,287.71,298.0,282.66,295.44,318323.28971,0.026512742161946747,0.029090581888715737,55.44890254047481,280.4242857142857,297.257619047619
2018-08-29,295.44,297.0,283.55,288.4,324275.47324,-0.02411736513351386,0.025878000680314886,52.266500622665,282.93857142857144,294.06333333333333
2018-08-30,288.35,291.0,271.88,283.89,336993.14413,-0.01576156622254291,0.026952717040598193,48.96894253740726,284.0671428571428,290.28190476190474
2018-08-31,283.9,289.0,276.59,281.41,302663.37038,-0.008774158536671477,0.026460532542022776,36.24237804878049,284.09857142857146,287.88190476190476
2018-09-01,281.46,302.0,281.34,295.71,294944.4401,0.0495665636938778,0.03139611269607147,50.655200655200645,286.6928571428571,286.8352380952381
2018-09-02,295.8,299.33,288.87,295.41,153300.06112,-0.0010150224176367704,0.030450766706742915,48.287641984798015,289.71,285.7647619047619
2018-09-03,295.51,296.62,285.99,289.09,274753.70062,-0.021626163611001087,0.027484177736139193,59.83068783068784,289.90714285714284,286.0161904761905
2018-09-04,289.09,292.64,283.0,285.3,330102.19,-0.01319680009736506,0.025273619921967683,52.33474140883664,288.4585714285714,286.3442857142857
2018-09-05,285.18,287.62,227.0,228.53,528734.3196,-0.22187376547466128,0.0865243296726723,34.22172452407612,279.9057142857143,283.84
2018-09-06,228.28,233.19,212.0,229.7,552996.86567,0.005106616950259581,0.08757998153725507,32.18656199492031,272.1642857142857,281.1033333333333
2018-09-07,229.73,234.69,213.5,215.22,398379.81741,-0.06511334892280636,0.0878647702390239,26.30558149558219,262.7085714285714,276.23238095238094
2018-09-08,215.19,220.2,190.01,196.71,318859.84904,-0.08993019782860848,0.0800879469063639,23.76687435098647,248.56571428571428,271.5942857142857
2018-09-09,196.87,208.6,185.02,195.81,429255.02592,-0.004585761628402045,0.07967304560044688,24.136567360927998,234.33714285714288,266.6604761904762
2018-09-10,196.13,203.42,187.1,197.15,418489.86663,0.00682005900840048,0.08255520559197495,17.573761099971335,221.20285714285714,263.1671428571429
2018-09-11,197.22,200.2,176.16,185.18,476745.79216,-0.06263653530373517,0.08050388402124985,11.683347233805918,206.9,258.5942857142857
2018-09-12,185.14,185.22,167.32,183.12,504047.79165,-0.011186649375589778,0.03970465655689592,12.102231821454254,200.41285714285715,254.41904761904763
2018-09-13,183.17,215.0,183.15,210.68,739503.34051,0.14019871897087727,0.07641076852976034,27.397344859524523,197.69571428571427,251.30904761904765
2018-09-14,210.91,224.2,202.6,208.82,833945.82573,-0.008867757753224395,0.07280978474628802,27.502634351949396,196.78142857142856,247.86285714285714
2018-09-15,208.55,227.42,207.64,221.29,441046.52933,0.05800142164581032,0.06485110837237845,26.670846394984324,200.29285714285714,245.18380952380951
2018-09-16,221.62,223.5,208.1,220.17,425538.57709,-0.005074083282693519,0.06487822980646403,26.53443113772454,203.77285714285713,242.60666666666665
2018-09-17,220.24,225.0,192.4,196.16,825020.77445,-0.11546932247723446,0.08216066558020872,23.897533846413126,203.63142857142856,238.24714285714285
2018-09-18,196.25,215.47,193.47,208.17,584366.15014,0.05942440083172059,0.0797468171845077,29.29173602534499,206.9157142857143,234.09142857142857
2018-09-19,208.42,214.84,197.58,209.79,496100.46639,0.007751976804317924,0.07895970120336944,42.851693622215436,210.72571428571428,230.34809523809525
2018-09-20,209.79,226.68,205.56,224.0,573632.24236,0.06553902147115484,0.06344487994152397,48.022481265611994,212.62857142857143,227.4961904761905
2018-09-21,224.0,252.11,220.66,247.73,841029.12948,0.10069339155764548,0.0713888061574837,60.59855252004955,218.18714285714285,225.89238095238093
2018-09-22,247.67,255.13,232.7,241.01,423740.7403,-0.02750101700693962,0.07199546389669295,65.64486509393981,221.00428571428571,223.28761904761905
2018-09-23,241.01,249.73,237.0,244.5,235214.14917,0.014376882509181123,0.07159210295772,66.88631476728861,224.48000000000002,220.86333333333334
2018-09-24,244.54,246.2,225.3,228.06,350139.1505,-0.0696065566857143,0.05858119096470097,59.70364789351416,229.03714285714287,217.95714285714288
2018-09-25,228.06,228.1,203.61,219.62,710650.7097,-0.03770997205964512,0.0596030892294781,61.05688968794144,230.67285714285714,214.8295238095238
2018-09-26,219.5,223.6,207.5,214.42,613754.27743,-0.023962071741473582,0.060787529324394324,59.85020140986908,231.3342857142857,214.15761904761908
2018-09-27,214.38,234.0,205.01,229.13,582274.44087,0.06635281964315742,0.06092742315951434,56.31719509689789,232.06714285714287,214.13047619047623
2018-09-28,229.1,234.42,215.53,221.84,618434.62488,-0.03233312676372859,0.0438021940120715,54.29816453188962,228.3685714285714,214.4457142857143
2018-09-29,221.89,237.77,214.18,231.62,604000.95586,0.0431416964487091,0.048531279782317686,53.47180211064059,227.02714285714288,216.10809523809525
2018-09-30,231.62,239.0,226.5,232.94,432195.44084,0.005682811918274111,0.048041295436397555,54.28609787205478,225.37571428571428,217.87619047619046
2018-10-01,233.04,235.88,224.46,231.61,322900.46128,-0.005725987014885077,0.039447337114270675,64.03515717792384,225.88285714285715,219.51714285714283
2018-10-02,231.62,232.51,223.37,225.69,401305.32707,-0.025892546419380835,0.03766703602075596,57.28785357737106,226.75,221.44619047619048
2018-10-03,225.7,226.43,216.51,220.77,275609.26221,-0.022040940633622552,0.03743653230788594,54.44534412955466,227.65714285714287,223.2390476190476
2018-10-04,220.67,227.16,219.49,222.66,158137.42967,0.00852450869394375,0.026087687927285726,49.39737362835042,226.7328571428571,223.8095238095238
2018-10-05,222.66,231.75,219.35,228.37,137730.35786,0.02532117634293931,0.02475248069760104,39.609274366680985,227.6657142857143,224.7404761904762
2018-10-06,228.36,228.86,223.15,225.4,100257.5697,-0.013090519037824497,0.018260342552686153,41.2705513924617,226.77714285714282,224.93619047619046
2018-10-07,225.39,227.75,221.48,226.14,74733.67253,0.003277674901422964,0.01807187942897402,39.40687745211169,225.8057142857143,225.2204761904762
2018-10-08,226.26,232.7,224.21,230.01,210989.42202,0.016968509731813623,0.019719814388708387,51.315967067080564,225.57714285714286,226.83238095238093
2018-10-09,230.01,231.02,226.56,228.4,100246.1843,-0.007024308457057562,0.016825850279186257,56.526910496580435,225.96428571428572,227.7957142857143
2018-10-10,228.4,228.78,224.05,226.74,122748.21412,-0.007294491192402548,0.014051729038828172,59.66729441305715,226.81714285714284,228.60285714285715
2018-10-11,226.7,226.91,189.01,191.58,497258.82871,-0.16849851063470692,0.06630309439471149,27.693952714743958,222.37714285714287,227.05904761904762
2018-10-12,191.55,201.87,190.04,196.96,216448.3922,0.027695186481397724,0.06658782726114841,34.8772185752492,217.89000000000001,224.64142857142858
2018-10-13,196.96,202.78,196.27,201.3,107215.5262,0.021795670209602467,0.0685666480492772,30.265555844832065,214.44714285714286,222.7504761904762
2018-10-14,201.39,203.56,194.33,197.01,110554.19361,-0.021541843774754914,0.06803397792544667,27.484647198897093,210.28571428571428,220.48904761904765
2018-10-15,196.84,239.0,194.6,214.39,973857.7477,0.08454229744684894,0.0781465387390927,41.01627712854757,208.05428571428573,219.8380952380952
2018-10-16,214.39,219.95,211.55,215.09,145980.09837,0.003259758870501742,0.07830932744652146,44.151401456632094,206.15285714285713,219.62238095238095
2018-10-17,215.2,216.99,210.0,212.85,153768.85024,-0.01046885291418032,0.07830985112496554,45.49692972481237,204.1685714285714,219.54761904761904
2018-10-18,212.9,215.3,203.53,206.24,150229.60097,-0.03154715308328405,0.039141361840416194,41.13965033455645,206.26285714285714,218.45761904761903
2018-10-19,206.25,208.0,204.21,205.0,254660.48637,-0.006030560052469167,0.03875056525300288,36.75019843519673,207.41142857142856,217.6557142857143
2018-10-20,205.1,209.69,203.57,207.91,62376.6968,0.014095314616888902,0.03832496635813477,40.07715874276636,208.3557142857143,216.52666666666664
2018-10-21,207.91,211.99,206.74,207.49,83277.36128,-0.002022148016937265,0.03678368349061947,39.38048058307711,209.85285714285715,215.3147619047619
2018-10-22,207.46,209.3,205.0,206.67,206046.89963,-0.003959827465145643,0.014012648396724963,36.23171307220387,208.75,214.12714285714287
2018-10-23,206.67,207.8,202.14,205.85,112753.0414,-0.0039755700573004165,0.013540148365888216,36.57258544718352,207.43,213.18238095238095
2018-10-24,205.85,207.95,204.73,205.35,97128.82698,-0.0024319078133460703,0.01346557312374304,37.08489312884917,206.35857142857142,212.44809523809528
2018-10-25,205.35,205.94,202.88,203.93,77411.57217,-0.0069390426983117455,0.007147959593842364,62.58406358263703,206.02857142857144,211.55619047619044
2018-10-26,203.84,209.0,203.0,204.92,91143.83291,0.004842861366745759,0.007208194396357438,58.90778871978511,206.0171428571429,210.4395238095238
2018-10-27,204.92,206.15,203.09,204.45,50235.68329,-0.002296212260350268,0.0036085996168825868,53.859348198970814,205.52285714285713,209.44190476190474
2018-10-28,204.45,205.94,203.62,204.99,44394.83357,0.0026377506501454183,0.004087416544211981,60.76632487857531,205.16571428571427,208.4347619047619
2018-10-29,204.99,205.49,195.28,196.96,118281.82272,-0.03996053502465327,0.01511936114075988,18.549260194875544,203.7785714285714,206.86095238095243
2018-10-30,196.95,198.6,195.91,197.27,83633.81463,0.001572686319634198,0.015438727761145698,17.386530014641295,202.55285714285714,205.37857142857143
2018-10-31,197.24,201.45,193.01,198.73,114739.70424,0.007373770784415575,0.01624872147885488,23.39864355689521,201.60714285714286,204.04476190476194
2018-11-01,198.7,200.95,197.88,199.96,86097.98629,0.006170227005176573,0.016694470604752203,35.16068052930056,201.04,204.44380952380956
2018-11-02,199.93,203.74,199.34,202.35,97123.22813,0.011881524776504948,0.017427984924706635,44.06095921111607,200.67285714285714,204.7004761904762
2018-11-03,202.31,202.69,198.59,200.31,72084.92932,-0.010132704783987378,0.01771428898228891,32.27611940298506,200.0814285714286,204.65333333333334
2018-11-04,200.27,218.76,199.0,212.11,182534.6216,0.05723884149323784,0.028998121728617147,57.03839122486289,201.09857142857143,205.37238095238095
2018-11-05,212.13,213.39,207.62,210.66,141432.1406,-0.006859548622729208,0.022420667067974208,55.96412556053813,203.0557142857143,205.19476190476192
2018-11-06,210.64,221.25,209.11,220.74,197797.49527,0.04674007893634213,0.025945601931700684,67.4315148677125,206.40857142857143,205.46380952380952
2018-11-07,220.77,224.8,217.01,219.07,204931.0342,-0.007594224897329913,0.027358965901578,65.63354603463992,209.31428571428572,205.76
2018-11-08,219.06,220.78,212.49,212.79,189828.4945,-0.0290855495653031,0.03189297607381106,59.08904390644232,211.14714285714285,206.07190476190476
2018-11-09,212.79,215.51,209.1,210.77,152215.94686,-0.009538272333149255,0.03257766386129902,55.87703435804703,212.34999999999997,206.34666666666666
2018-11-10,210.78,215.55,209.02,213.25,131384.47893,0.011697694822832644,0.03183191319006263,58.49748937813828,214.1985714285714,206.60095238095238
2018-11-11,213.27,213.99,209.0,212.54,136268.81156,-0.00333498042723948,0.023712446489925224,57.266602502406144,214.26000000000002,206.84142857142857
2018-11-12,212.6,214.22,210.9,212.89,99963.97203,0.001645394443097923,0.023502056619775696,67.9918680822227,214.57857142857142,207.13761904761907
2018-11-13,212.91,213.8,209.2,209.84,114466.36708,-0.014430264829028783,0.012826865987274028,63.36949585194639,213.02142857142854,207.32761904761907
2018-11-14,209.84,210.3,176.16,187.43,434676.16832,-0.11293989318772452,0.04198278143003693,41.68628605061802,208.50142857142856,206.4742857142857
2018-11-15,187.43,190.0,170.99,184.35,452416.10784,-0.016569317690740167,0.04191128146982518,38.819653344793004,204.43857142857146,205.54190476190476
2018-11-16,184.35,185.0,173.0,176.89,241710.34763,-0.041308054224737364,0.042245780631034124,32.999465811965806,199.59857142857143,204.20714285714288
2018-11-17,176.93,177.91,173.94,176.2,144804.70986,-0.003908356953337048,0.040353670313672235,33.60533115735073,194.3057142857143,202.86190476190473
2018-11-18,176.2,182.94,176.1,178.97,141736.32263,0.015598480527237979,0.04278606078731694,24.310077519379846,189.51,201.62285714285713
2018-11-19,179.04,179.33,146.47,150.81,596789.83916,-0.17119742765672344,0.06774004610783839,17.191097467382974,180.64142857142858,199.42523809523811
2018-11-20,150.76,154.7,126.95,133.82,996552.28721,-0.11952515301792274,0.07033310407274174,5.707297187117817,169.78142857142856,196.40380952380954
2018-11-21,133.68,142.01,127.15,138.23,718957.78552,0.03242335112159504,0.07487879875354274,9.924648026968057,162.75285714285715,193.52285714285713
2018-11-22,138.36,140.4,125.64,126.63,334674.07185,-0.08764951601374875,0.07543587684298753,9.427387455264636,154.50714285714284,190.03095238095239
2018-11-23,126.58,128.9,118.56,125.02,504352.24386,-0.01279572395885072,0.07696771730944255,9.463931171409655,147.09714285714287,186.34857142857143
2018-11-24,125.0,130.81,112.32,114.89,471321.56764,-0.08449857563839276,0.07499987665469132,6.639040733556698,138.3385714285714,182.28095238095239
2018-11-25,114.83,122.35,102.95,118.67,836233.31252,0.0323713828117742,0.07806373014238259,9.708987895956739,129.7242857142857,177.83142857142857
2018-11-26,118.65,121.5,106.41,110.68,679491.73871,-0.06970337675832246,0.061314326260175085,8.829452992830099,123.99142857142856,173.0704761904762
2018-11-27,110.66,114.31,102.36,111.43,524024.40616,0.0067534361402374725,0.05354158125377649,9.611754083559063,120.79285714285716,167.8652380952381
2018-11-28,111.38,126.8,111.37,122.9,578552.74124,0.09797442551302658,0.06899675133453241,20.903598160339072,118.60285714285715,163.28571428571428
2018-11-29,122.88,124.0,114.78,117.98,478777.39614,-0.040855897997059916,0.06299317484624214,20.56240574824804,117.36714285714287,158.77095238095237
2018-11-30,117.99,120.26,111.09,113.73,418593.63529,-0.03668790037857601,0.06380513445199294,21.165084002921844,115.75428571428573,154.14999999999998
2018-12-01,113.71,120.8,111.35,118.1,330159.06742,0.03770450500696333,0.05756072092428885,24.33745583038869,116.21285714285715,149.61904761904762
2018-12-02,118.09,120.73,116.0,116.57,273657.6215,-0.01303977227157563,0.05636856188673337,22.132904608788834,115.91285714285713,145.0490476190476
2018-12-03,116.63,116.96,106.7,108.76,324446.03324,-0.06934833116747087,0.05629818248734002,27.049448750136435,115.63857142857144,140.09047619047618
2018-12-04,108.76,113.2,106.0,109.94,275321.0063,0.010791142668244193,0.05642932298380116,34.248021108179415,115.42571428571429,135.33333333333334
2018-12-05,109.92,110.58,102.38,102.71,354071.53241,-0.06802527925480131,0.039914554418088846,27.410328160773332,112.54142857142857,131.29904761904763
2018-12-06,102.73,104.68,90.2,91.0,586138.59043,-0.12104997666086285,0.05402509595828643,27.37203099199796,108.68714285714285,126.85380952380953
2018-12-07,91.18,96.9,82.07,93.05,1030073.58467,0.022277476571409643,0.05850972967961131,29.80927118858152,105.73285714285713,122.86142857142856
2018-12-08,93.06,98.0,84.55,90.38,698217.12529,-0.029113979105126107,0.050821801143361114,32.91033328684979,101.77285714285715,118.7747619047619
2018-12-09,90.39,98.7,88.63,93.26,520519.36023,0.031368287397041346,0.056896831638481755,32.057618980369995,98.44285714285715,114.69333333333333
2018-12-10,93.26,95.21,88.11,89.91,408573.02929,-0.03658212138349331,0.054601282565902035,34.305576545262184,95.75,111.79333333333335
2018-12-11,89.88,91.65,85.83,87.76,339991.84246,-0.024203354029706668,0.052088328412466675,32.484830546100326,92.58142857142856,109.6
2018-12-12,87.77,91.31,86.63,89.41,285436.04029,0.018626716780251885,0.052447841537729675,21.00432900432898,90.68142857142857,107.27523809523811
2018-12-13,89.39,90.71,84.71,86.34,331218.30083,-0.03493954261989522,0.030069117562003957,21.69946332737028,90.01571428571428,105.35666666666665
2018-12-14,86.35,87.25,82.2,83.82,318003.73427,-0.029621347630406112,0.027814254683887898,22.392468155805773,88.69714285714284,103.3947619047619
2018-12-15,83.82,85.0,81.79,83.76,217360.65775,-0.0007160759346438621,0.02746840233146206,15.56357801845165,87.75142857142859,101.91238095238094
2018-12-16,83.75,87.64,83.73,84.67,241366.76305,0.010805781091904394,0.022922243556452535,17.6076360682372,86.52428571428571,100.29333333333332
2018-12-17,84.68,97.0,84.4,94.02,472252.23388,0.10474617794179852,0.04801835037042503,35.486411973217784,87.11142857142856,99.5
2018-12-18,94.03,101.3,91.34,100.39,529946.79175,0.06555507510745077,0.05041328659676503,41.46864391638378,88.91571428571429,98.97428571428571
2018-12-19,100.39,107.55,97.75,98.74,827748.59096,-0.016572467872718447,0.05220458339015716,46.06072633459019,90.24857142857142,97.82380952380953
2018-12-20,98.73,116.0,97.88,114.05,859612.57205,0.14414681589968018,0.06614249053651863,71.34654565660307,94.20714285714287,97.63666666666666
2018-12-21,113.71,118.0,104.76,107.69,666048.71786,-0.05738021938960753,0.07160253241369367,62.555746140651806,97.61714285714287,97.34904761904761
2018-12-22,107.67,115.5,105.38,115.2,405672.83117,0.06741301892100134,0.0704328325491273,69.65473550839405,102.10857142857142,97.21095238095238
2018-12-23,115.18,131.94,114.91,129.03,936094.1049,0.11337518720196382,0.07263935199927421,74.13955999460116,108.44571428571429,97.80428571428573
2018-12-24,129.03,157.67,128.8,138.03,1319609.8165,0.06742611737173228,0.07015042968220438,80.17306245297218,114.73285714285714,99.19809523809523
2018-12-25,138.01,139.26,119.68,127.6,1076164.12809,-0.07857068192479748,0.08587400799812613,72.63122017723245,118.62,100.03904761904762
2018-12-26,127.61,135.32,122.51,129.35,794834.05601,0.013621537721348661,0.08362384510568445,72.66227871084884,122.99285714285715,101.30761904761906
2018-12-27,129.35,131.09,111.22,113.8,752177.90111,-0.12807938693980764,0.08944249442243582,63.64811133200795,122.95714285714287,102.39333333333335
2018-12-28,113.75,136.66,111.87,135.3,894454.19051,0.17305201348451194,0.10584042346082889,71.5253386853989,126.90142857142857,104.40523809523809
2018-12-29,135.3,145.42,128.5,132.89,1006654.49844,-0.01797281683332622,0.1060803334228373,70.14680554416466,129.42857142857142,106.42952380952381
2018-12-30,133.0,139.0,127.03,137.77,704259.41614,0.036063909713091466,0.09854481339639506,71.0881652104845,130.67714285714285,108.54904761904761
2018-12-31,137.81,138.66,128.7,131.45,484604.83962,-0.04695907688061765,0.09677997660557894,65.23154553593227,129.73714285714286,110.52714285714286
2019-01-01,131.45,140.67,130.0,139.1,401776.88797,0.05656654775350705,0.09354290954708425,65.59001208215867,131.38,112.97190476190475
2019-01-02,139.1,155.37,137.76,152.01,941486.31524,0.0887532092265308,0.09792383921877745,69.66989144080938,134.61714285714285,115.95285714285716
2019-01-03,152.01,153.64,143.11,146.3,708091.31714,-0.038287000129849355,0.07884889198646175,62.81694618869724,139.26,118.80809523809523
2019-01-04,146.3,154.8,143.54,151.97,805248.93821,0.03802382491943502,0.05146010312029257,67.69501278772378,141.64142857142858,122.05333333333336
2019-01-05,152.08,159.26,151.2,152.83,773169.13736,0.005643059594231245,0.04955473790118782,65.88165780366337,144.48999999999998,125.34238095238095
2019-01-06,152.83,157.4,147.51,153.86,627908.47366,0.0067169054910437035,0.04920662049348926,61.74884073057632,146.78857142857143,128.63714285714286
2019-01-07,153.89,155.48,147.86,149.34,424765.30258,-0.02981751242323305,0.04587796600533148,55.588496887044165,149.34428571428572,131.27142857142857
2019-01-08,149.29,151.65,145.2,147.6,441661.06778,-0.0117196734411836,0.04356921828445137,60.8108108108108,150.55857142857144,133.5195238095238
2019-01-09,147.62,151.5,146.77,148.1,299443.563,0.0033818091073810784,0.025591440206855533,60.27397260273972,150.0,135.87
2019-01-10,148.11,149.45,121.0,124.95,871751.75038,-0.16997406399279164,0.06818725828440207,55.639858371269604,146.95000000000002,136.38904761904763
2019-01-11,124.96,127.36,120.08,124.65,545293.98369,-0.002403847311394443,0.06377226726161692,43.142305215711524,143.04714285714286,137.19666666666666
2019-01-12,124.67,126.19,122.0,123.35,300262.13404,-0.010483966994201234,0.0626221471592827,43.76796446302588,138.8357142857143,137.5847619047619
2019-01-13,123.35,124.25,111.87,114.16,422561.96777,-0.07742486980678473,0.06233698601551382,35.398886827458256,133.1642857142857,136.87666666666667
2019-01-14,114.17,130.05,113.94,126.95,546420.40854,0.1061923349821066,0.08431874693208473,47.42327072835548,129.96571428571428,136.3490476190476
2019-01-15,126.95,129.4,116.0,118.95,649020.5297,-0.06509007140172081,0.08551167591195324,38.50804151933387,125.87285714285714,135.93714285714285
2019-01-16,118.93,126.88,118.52,121.48,513486.65472,0.021046403428581374,0.08693827297260442,30.24970888860139,122.07000000000001,135.56238095238095
2019-01-17,121.49,122.99,116.8,121.54,447535.22716,0.0004937865296611775,0.06049469598909391,32.71915131211614,121.58285714285715,135.93095238095236
2019-01-18,121.56,121.98,117.66,119.17,235646.684,-0.01969238160449443,0.06077318824537305,26.00234123500148,120.8,135.16285714285715
2019-01-19,119.16,125.29,119.14,122.6,323303.79296,0.028375978399396068,0.06210073426488975,28.68424763785079,120.69285714285715,134.67285714285714
2019-01-20,122.61,123.32,115.68,117.47,451792.85352,-0.042744041666316374,0.05606552566399197,25.743234235435267,121.1657142857143,133.7061904761905
2019-01-21,117.56,118.5,113.61,115.63,303632.93463,-0.01578754369492422,0.0334241229685137,26.697082814876254,119.54857142857142,132.95285714285714
2019-01-22,115.62,119.49,111.39,117.81,359542.63873,0.018677719117157487,0.025974633278835122,29.531400302322396,119.38571428571429,131.93904761904764
2019-01-23,117.8,118.95,114.8,116.44,230247.61578,-0.011697038380605509,0.024147826727392702,28.503530689842478,118.6657142857143,130.24523809523808
2019-01-24,116.4,117.15,113.61,116.39,216242.29829,-0.00042949792353748784,0.0241085950489293,41.53146022952117,117.92999999999999,128.8209523809524
2019-01-25,116.4,117.5,114.3,115.11,198617.08108,-0.011058428026914235,0.02351595990338838,40.74145962732919,117.35000000000001,127.06571428571426
2019-01-26,115.13,118.0,115.0,115.34,146216.82819,0.001996095260295998,0.018956611522143837,42.061446977205165,116.31285714285714,125.28047619047618
2019-01-27,115.32,116.15,111.04,112.05,247369.60555,-0.02893908794033066,0.015166192487669847,47.63187429854097,115.53857142857144,123.2895238095238
2019-01-28,112.04,112.87,100.91,105.5,566205.78288,-0.060234247330814804,0.02541950500609819,22.004698512137836,114.09142857142858,121.20190476190477
2019-01-29,105.49,106.61,102.22,104.45,319768.91348,-0.01000246491354633,0.021444883881018766,26.88137755102042,112.18285714285715,119.14714285714287
2019-01-30,104.41,109.8,103.45,108.29,330968.19265,0.036104325637713396,0.029561968639875705,29.813284358738912,111.01857142857143,117.25142857142856
2019-01-31,108.29,110.61,105.46,106.44,290679.61935,-0.017231367530799693,0.02930166063712008,28.090539756239124,109.59714285714286,116.37
2019-02-01,106.47,108.35,103.77,106.73,243149.88435,0.002720834816385272,0.029892414406277067,30.79061148857322,108.39999999999999,115.51666666666667
2019-02-02,106.71,111.15,106.07,110.42,186908.7573,0.033988995930025016,0.03429602296530396,31.341911764705912,107.69714285714285,114.90095238095239
2019-02-03,110.41,111.11,105.82,107.36,227211.54064,-0.028103603632526907,0.034205143944789185,33.46418056918549,107.02714285714285,114.57714285714287
2019-02-04,107.33,109.3,106.57,107.68,160850.10293,0.002976192673046176,0.02450189268827723,36.31669535283997,107.33857142857143,113.6595238095238
2019-02-05,107.65,108.18,106.47,107.27,159730.1886,-0.0038148452870799027,0.024065646903072287,30.6818181818182,107.74142857142859,113.10333333333334
2019-02-06,107.28,107.83,101.21,104.5,337204.30254,-0.0261619492044721,0.02150942562989287,29.18410041841007,107.2,112.29476190476191
2019-02-07,104.49,106.18,103.82,104.48,147942.07683,-0.00019140587674467132,0.02086070865434103,29.214659685863907,106.92,111.48238095238096
2019-02-08,104.48,123.0,103.41,119.25,589950.64925,0.13222646424032966,0.05534617628852508,54.91219743711437,108.70857142857143,111.48619047619047
2019-02-09,119.32,121.99,117.64,119.19,328067.9574,-0.0005032712738333543,0.054995977200407394,54.58660948296402,109.96142857142857,111.32380952380953
2019-02-10,119.19,126.49,115.81,125.12,385819.09619,0.04855441830238373,0.05354380084078159,64.64918179780318,112.49857142857142,111.68809523809523
2019-02-11,125.12,125.28,119.24,120.89,389405.30404,-0.03439223558310046,0.057460946558163695,68.1957909671317,114.38571428571427,111.93857142857144
2019-02-12,120.88,123.89,118.18,122.41,343765.66987,0.012495024873520626,0.056825603734896445,71.00093545369502,116.54857142857144,112.15761904761905
2019-02-13,122.4,126.47,120.7,121.86,317827.31956,-0.004503221267072778,0.054507953060969234,67.19027109196855,119.02857142857144,112.41571428571429
2019-02-14,121.86,124.5,120.1,120.42,297205.78738,-0.01188721278404648,0.05547070493940543,67.89554531490015,121.30571428571429,112.60761904761904
2019-02-15,120.47,124.25,120.19,121.67,255296.0814,0.010326829763056029,0.025518961480588728,68.66566716641678,121.65142857142857,112.92
2019-02-16,121.66,124.99,121.54,122.67,215320.70134,0.00818536124530283,0.025538836546258374,66.40771497455128,122.14857142857144,113.26904761904763
2019-02-17,122.67,135.61,122.43,133.75,614788.60078,0.08647456273145526,0.03767512698878734,79.09592061742006,123.38142857142859,114.30238095238094
2019-02-18,133.77,148.3,132.42,145.69,1079830.1502,0.08550869088978857,0.04144618096169005,83.35966298051605,126.92428571428572,116.21619047619048
2019-02-19,145.69,150.0,142.36,143.44,747968.90445,-0.015564247369027036,0.04430259832314942,80.7515728617582,129.92857142857142,118.07285714285715
2019-02-20,143.45,149.52,139.6,148.44,614303.61007,0.03426400689551942,0.0427381789478553,85.99279161205767,133.7257142857143,119.98476190476192
2019-02-21,148.42,149.61,142.7,145.69,447364.40873,-0.018699759526492377,0.043865524144383966,82.31143170769954,137.33571428571426,121.85380952380952
2019-02-22,145.68,148.85,143.85,147.36,366251.18542,0.011397495841092245,0.04379864449354217,77.73830669034932,141.00571428571428,123.78857142857143
2019-02-23,147.4,159.6,145.78,157.79,588183.72896,0.06838646254058085,0.04528962234500352,81.61861074705112,146.02285714285713,126.0442857142857
2019-02-24,157.75,166.0,131.7,132.1,1260506.80672,-0.177705823519298,0.08702647457154458,54.31930693069306,145.78714285714287,127.22238095238093
2019-02-25,132.1,141.55,131.89,137.87,801147.09543,0.04275200065525803,0.0811837803339506,60.31090599951421,144.67000000000002,128.66
2019-02-26,137.88,138.41,133.72,136.22,432944.17033,-0.012039986370365378,0.08113910951016616,58.37274160300715,143.63857142857142,130.03857142857143
2019-02-27,136.22,140.29,126.84,135.02,567202.61035,-0.00884831019944782,0.07906106917607054,57.91626564003851,141.72142857142856,131.49190476190475
2019-02-28,135.03,139.0,132.1,135.34,579327.31749,0.002367215190355024,0.07923256584699136,59.09756097560976,140.24285714285713,132.96142857142857
2019-03-01,135.32,137.95,134.9,135.32,302632.02831,-0.00014778689157178527,0.07881919514108739,58.449919524575954,138.52285714285713,133.72666666666666
2019-03-02,135.32,136.12,130.03,132.56,297005.28093,-0.020606970794200145,0.07038471905778944,55.99176057191324,134.91857142857143,134.36333333333334
2019-03-03,132.54,134.6,128.01,130.6,222453.2859,-0.014896156275976886,0.021152323726164463,47.85451573355128,134.7042857142857,134.62428571428572
2019-03-04,130.6,131.11,122.6,125.65,403947.79445,-0.038638952852729384,0.013770969771984965,34.914182475158086,132.95857142857142,134.8509523809524
2019-03-05,125.68,137.84,125.19,136.72,512631.23178,0.08443477481773422,0.03947729957155617,45.53429027113238,133.03,135.53238095238095
2019-03-06,136.71,140.29,133.33,137.4,428826.87415,0.004961340980913528,0.039275449551372424,42.21658206429781,133.37,136.27238095238096
2019-03-07,137.37,140.2,135.2,136.81,307336.4931,-0.004303277856226298,0.03935993206365759,43.54275741710297,133.58,137.05285714285714
2019-03-08,136.82,139.34,130.62,133.52,330283.58233,-0.024341822578442984,0.04057664105176432,40.16766126740551,133.32285714285715,137.61714285714285
2019-03-09,133.51,138.65,132.93,137.27,279861.12049,0.027698509909988674,0.040973192501037856,33.893249607535324,133.99571428571429,138.31238095238095
2019-03-10,137.27,137.5,134.0,135.37,203965.16815,-0.01393801906587344,0.0408972265484283,54.096717614632944,134.67714285714285,138.3895238095238
2019-03-11,135.37,136.15,131.0,132.67,264587.00683,-0.020146928268869546,0.03810084828776246,42.94245385450594,135.68,137.7695238095238
2019-03-12,132.67,135.3,130.77,133.57,194905.96843,0.006760843060188734,0.018125134385052775,46.328622887226366,135.23,137.2995238095238
2019-03-13,133.62,133.65,130.58,131.65,209456.09848,-0.0144787990466955,0.01813232618825502,45.42243955446889,134.40857142857143,136.50000000000003
2019-03-14,131.69,135.11,128.52,132.2,258413.81868,0.004169041475267359,0.01855073230673508,45.761339092872554,133.75,135.85761904761907
2019-03-15,132.24,137.62,132.18,136.56,295832.26562,0.03244815106859936,0.020898878951534722,51.49830836152732,134.18428571428572,135.34333333333333
2019-03-16,136.6,144.47,136.51,140.92,474664.10197,0.031428274986851655,0.02166075506010526,59.725453699395054,134.7057142857143,134.54000000000002
2019-03-17,140.94,141.07,137.2,138.67,252697.08148,-0.01609534370726403,0.02196752170643838,59.32516755257684,135.17714285714285,134.85285714285715
2019-03-18,138.67,142.01,136.1,137.59,281718.96195,-0.007818761326047596,0.020182988580734237,65.15228426395939,135.87999999999997,134.8395238095238
2019-03-19,137.62,139.38,136.97,138.55,218577.45208,0.006953022869262409,0.020185593105546563,53.1239330829635,136.59142857142857,134.9504761904762
2019-03-20,138.56,139.66,136.01,139.01,222883.51754,0.0033146016800135883,0.018324728929531988,52.7691778465772,137.64285714285714,135.1404761904762
2019-03-21,139.04,139.55,131.21,134.85,312531.39368,-0.030382823403262295,0.0234057918582954,46.99754901960783,138.02142857142857,135.11714285714285
2019-03-22,134.85,137.2,134.29,135.98,186119.74745,0.008344766512574611,0.0198218054034992,54.03543307086611,137.9385714285714,135.14857142857144
2019-03-23,135.92,138.21,135.6,137.28,174710.43059,0.009514819641338709,0.015082941822952297,50.017838030681396,137.41857142857143,135.3733333333333
2019-03-24,137.28,137.37,134.75,136.09,198490.45124,-0.008706204167425862,0.014312918700103422,51.317715959004396,137.04999999999998,135.6347619047619
2019-03-25,136.12,136.83,131.6,133.98,230880.285,-0.015625896492104833,0.015064273294321046,52.45043022820801,136.53428571428572,136.03142857142856
2019-03-26,133.97,134.74,132.27,134.18,183139.11426,0.0014916470546205002,0.014547200374913392,51.17172493276991,135.91,135.91047619047617
2019-03-27,134.14,140.14,133.84,139.45,317167.45325,0.038523931938755814,0.021939846254762963,63.27433628318583,135.97285714285712,136.00809523809525
2019-03-28,139.46,139.57,137.3,137.86,163185.6991,-0.011467436615992033,0.018386294484496246,59.3030900723209,136.40285714285713,136.05809523809523
2019-03-29,137.85,143.6,137.62,143.25,235853.0454,0.03835267813734301,0.022773225951036365,60.63593004769477,137.44142857142856,136.52142857142857
2019-03-30,143.25,145.89,140.06,142.46,254798.70067,-0.005530097044641082,0.02324979222616241,52.76183644189386,138.18142857142857,136.76857142857142
2019-03-31,142.44,142.5,140.42,141.38,142469.21171,-0.007609957807399801,0.023143241747415916,55.07300636465745,138.93714285714287,137.0547619047619
2019-04-01,141.41,143.08,139.57,141.24,234310.19161,-0.0009907296826222667,0.021526775519110048,57.08187815289098,139.9742857142857,137.46285714285716
2019-04-02,141.24,165.6,141.0,163.31,906868.8586,0.14518966402846623,0.05588946622632899,76.40784982935156,144.1357142857143,138.8790476190476
2019-04-03,163.26,177.81,149.23,159.96,1345344.53845,-0.020726451110034218,0.058468961296767145,71.04681535061286,147.06571428571428,140.22714285714287
2019-04-04,159.96,164.0,152.8,157.36,686080.95248,-0.01638760989781389,0.058932455118814724,73.345778884049,149.85142857142858,141.4252380952381
2019-04-05,157.33,167.83,155.94,164.77,516070.34553,0.04601438798853643,0.05942307135586542,76.41769131950821,152.9257142857143,142.76857142857142
2019-04-06,164.84,172.77,159.2,165.5,528168.33297,0.004420632747777559,0.058826737082540964,76.16839762611279,156.21714285714285,143.9390476190476
2019-04-07,165.56,175.43,164.06,174.21,465507.52497,0.05129027323495061,0.05819207472166939,81.0221354166667,160.90714285714287,145.63142857142856
2019-04-08,174.29,185.87,170.9,178.72,873410.07285,0.025558867268822328,0.05669440300155492,85.04072681704265,166.26142857142855,147.59
2019-04-09,178.71,179.17,171.05,174.6,431986.36108,-0.023322691915388778,0.031687361341129164,79.82585596221963,167.87428571428572,149.30666666666667
2019-04-10,174.58,183.77,168.0,177.12,523943.20498,0.014329825554824868,0.028737835665759274,78.97246577449627,170.32571428571427,151.12142857142857
2019-04-11,177.12,177.48,158.27,164.07,661305.30321,-0.07653430293353575,0.04430672026732703,67.13743951876552,171.28428571428572,152.51285714285714
2019-04-12,164.06,166.5,158.11,163.19,316337.87823,-0.005377999883947736,0.04067337603011021,63.854919399666485,171.0585714285714,153.80857142857144
2019-04-13,163.2,165.37,160.74,162.99,179237.74574,-0.0012263169113018353,0.040595159084445435,64.38279389099063,170.7,155.03285714285715
2019-04-14,162.99,168.11,161.2,167.23,186977.66211,0.025681261161489912,0.035849521417254254,67.3420099288877,169.70285714285714,156.5157142857143
2019-04-15,167.21,168.81,155.7,159.95,351548.9079,-0.04450884399750441,0.03539994701551634,61.454634504714086,167.02142857142857,157.75238095238097
2019-04-16,159.91,166.73,159.41,165.37,240370.50441,0.03332412126657807,0.03962938423946691,51.584127960627505,165.70285714285714,159.23761904761906
2019-04-17,165.41,167.28,163.78,165.75,227841.54981,0.0022952414038668245,0.038762981723187824,54.66559226430298,164.07857142857142,160.49
2019-04-18,165.75,175.2,165.04,173.33,396118.94407,0.04471666288724709,0.02987668728329533,61.912576458302254,165.40142857142857,162.17904761904762
2019-04-19,173.34,173.55,168.59,172.64,320541.72166,-0.003988790443394629,0.029778678457818154,56.524622782291466,166.75142857142856,163.57857142857142
2019-04-20,172.66,176.97,169.87,172.88,253596.48407,0.0013892106888061422,0.029659173017728756,56.16850551654964,168.16428571428568,165.02714285714288
2019-04-21,172.89,173.48,164.82,168.59,283450.43943,-0.025127980370920695,0.030919966842002034,44.92779783393502,168.35857142857142,166.32285714285715
2019-04-22,168.59,172.3,167.0,170.52,269868.39876,0.011382860069299887,0.02348469763835647,42.23778871639533,169.8685714285714,167.71714285714285
2019-04-23,170.52,175.83,167.78,169.16,363523.34531,-0.008007579292721834,0.02150365638090905,44.56652017578906,170.41,167.99571428571429
2019-04-24,169.15,169.87,159.26,164.78,426497.04153,-0.026233761716843818,0.024241202544006753,38.116332819722665,170.27142857142857,168.2252380952381
2019-04-25,164.78,165.49,150.35,154.72,422657.03239,-0.0629942191824598,0.024686377528112088,40.44553443695076,167.61285714285714,168.09952380952382
2019-04-26,154.7,162.56,151.4,157.95,500355.86283,0.02066149554310984,0.028227126318043604,44.89079563182526,165.5142857142857,167.7747619047619
2019-04-27,157.93,166.24,156.35,159.31,215918.63842,0.008573462336709326,0.028946405868919025,46.49122807017543,163.57571428571427,167.48
2019-04-28,159.32,160.24,156.92,157.85,152976.30181,-0.009206774580802872,0.028332425723469435,40.55577929923482,162.04142857142855,166.7009523809524
2019-04-29,157.86,159.05,152.0,155.11,243591.94898,-0.017510672367341055,0.026866177955337713,44.63652482269508,159.83999999999997,165.57666666666665
2019-04-30,155.14,162.89,155.11,161.83,305056.24653,0.042411858892134675,0.03431884696882997,46.18698836708317,158.79285714285714,164.96857142857144
2019-05-01,161.85,163.88,158.36,160.19,192517.62763,-0.010185790815402045,0.03328804505958834,44.16946308724833,158.13714285714286,164.16238095238094
2019-05-02,160.2,163.48,158.5,161.81,289519.02025,0.010062196698324598,0.02085169848102097,36.19367209971238,159.15,164.0547619047619
2019-05-03,161.82,170.86,160.99,168.06,416357.52123,0.037898251088355435,0.023646837076174158,45.15651438240273,160.5942857142857,164.28666666666666
2019-05-04,168.1,171.3,159.76,163.7,312928.58349,-0.026285574122983005,0.02713177073911723,41.07003891050584,161.22142857142856,164.3204761904762
2019-05-05,163.71,165.36,159.18,163.05,176029.10445,-0.003978582141760959,0.026781061693525107,44.20016750418762,161.96428571428572,164.12142857142857
2019-05-06,163.05,178.05,157.55,173.0,506528.14278,0.05923469226245081,0.03149965702422017,52.22301900322695,164.51999999999998,164.74285714285716
2019-05-07,172.98,182.76,167.89,169.18,732496.87861,-0.022328357621910447,0.03181588688795804,50.017170329670336,165.57,164.9242857142857
2019-05-08,169.07,173.17,164.8,170.85,296436.29384,0.009822741685432247,0.030970764375964785,55.46551413650278,167.09285714285716,165.16714285714284
2019-05-09,170.88,173.88,166.57,170.9,284663.99456,0.0002926115602443469,0.031145260476379645,67.77240773286469,168.39142857142858,165.05142857142857
2019-05-10,170.96,176.7,168.46,172.91,425543.74021,0.011692637795152673,0.02837758561792086,66.88487584650115,169.0842857142857,165.06428571428572
2019-05-11,172.92,205.23,172.92,190.2,885292.38389,0.09530492219459197,0.0410759916060845,75.6433670928109,172.86999999999998,165.88904761904763
2019-05-12,190.2,204.32,181.0,188.11,823372.28148,-0.01104925200636061,0.04188406256250384,74.86033519553077,176.45000000000002,166.81857142857143
2019-05-13,188.07,206.87,185.32,195.84,669265.46524,0.040271101219032046,0.039500891589055,80.92634776006076,179.71285714285713,168.0242857142857
2019-05-14,195.83,219.81,194.19,216.4,864211.00603,0.09983054764836526,0.04540473168563396,84.2389258376208,186.45857142857145,170.27380952380952
2019-05-15,216.4,250.27,216.21,248.1,574697.29927,0.1367033437254289,0.05735439090391659,90.05011389521643,197.49428571428572,174.24142857142857
2019-05-16,248.06,279.76,241.76,264.25,1733360.8936,0.06306373405259162,0.05237809110261977,91.21338912133893,210.82999999999998,179.45714285714286
2019-05-17,264.35,268.74,223.43,244.3,1529892.56898,-0.07849864648665214,0.07365978297590212,77.62719234671694,221.02857142857144,183.56904761904764
2019-05-18,244.31,248.0,230.62,233.6,673218.09982,-0.04478672730962282,0.07800407869558776,74.21701773835922,227.22857142857146,187.10666666666668
2019-05-19,233.57,264.0,231.77,259.51,823859.06342,0.10518498655486448,0.08030547254452244,78.44085387427764,237.42857142857142,191.94761904761904
2019-05-20,259.37,259.49,238.0,250.37,666889.82241,-0.03585541376729072,0.08614751975617929,72.92172779522429,245.21857142857144,196.48380952380953
2019-05-21,250.48,262.0,246.06,253.43,580249.69753,0.01214782703525749,0.08140981635553779,75.07291232664723,250.50857142857143,200.8457142857143
2019-05-22,253.35,260.18,239.63,243.64,592848.95605,-0.03939592480861945,0.06601390549739694,70.66371430193607,249.87142857142857,204.81952380952382
2019-05-23,243.68,247.34,231.1,244.56,600193.89368,0.0037689516142952895,0.05968612103122115,70.80790960451978,247.0585714285714,208.76
2019-05-24,244.63,254.35,241.54,248.87,447066.92596,0.017469994193135604,0.05216206509374012,71.18237590630228,247.71142857142857,212.60809523809525
2019-05-25,248.84,257.33,247.22,250.22,332544.38731,0.0054098591135392764,0.047824221624191796,68.37047012732616,250.08571428571426,216.72809523809525
2019-05-26,250.17,269.4,245.11,264.45,450090.22324,0.05531166662273484,0.0325127517921034,71.74928774928775,250.79142857142855,221.5566666666667
2019-05-27,264.35,279.59,260.0,270.53,635463.50204,0.022730800355090723,0.02818856956050701,71.48116192119643,253.67142857142855,226.2009523809524
2019-05-28,270.7,275.95,264.45,271.03,409443.69364,0.0018465179927168068,0.02839068581476858,67.76123284999024,256.18571428571425,231.05095238095237
2019-05-29,271.08,274.04,260.05,268.83,383412.45769,-0.008150306295558737,0.020863477458708955,58.339367608013504,259.7842857142857,235.71666666666664
2019-05-30,268.92,288.62,240.14,254.56,1066279.49387,-0.05454264497476105,0.03348092674198834,46.041990033493995,261.2128571428571,239.7004761904762
2019-05-31,254.59,268.72,245.21,267.9,602153.87244,0.05107721196108632,0.03760176227933737,60.18998272884283,263.93142857142857,244.2238095238095
2019-06-01,267.9,275.5,260.68,264.33,455676.98613,-0.013415454003814952,0.03868624203300454,64.13913683629337,265.94714285714286,247.7538095238095
2019-06-02,264.33,273.2,263.2,268.88,301536.15062,0.017066860870102084,0.03317160664929266,55.365937464208,266.58,251.59999999999997
2019-06-03,268.87,270.0,248.0,249.91,397360.65275,-0.07316433037016003,0.041991941679518974,49.763228330245006,263.6342857142857,254.17476190476185
2019-06-04,250.02,251.67,234.39,241.39,633822.71246,-0.034686970262011486,0.042350691380264656,44.132553606237806,259.4,255.3647619047619
2019-06-05,241.46,250.41,237.37,245.63,335953.37927,0.017412455865758358,0.04425452561699893,51.02524471921691,256.0857142857143,255.24714285714285
2019-06-06,245.62,250.66,235.01,248.76,297579.14734,0.012662237585251505,0.04087374390042617,52.11565585331452,255.25714285714284,254.5095238095238
2019-06-07,248.77,253.28,243.46,248.77,353378.6568,4.019858099559179e-05,0.03343376751240359,49.94734625105308,252.52428571428572,254.72238095238095
2019-06-08,248.78,250.53,240.37,243.25,188448.27748,-0.022439053750569676,0.03373376539151639,46.48441440532634,249.51285714285714,255.18190476190475
2019-06-09,243.33,244.53,226.56,230.98,316931.85638,-0.051758594379173024,0.03392267589164137,32.777606257075234,244.09857142857143,253.82333333333332
2019-06-10,231.02,247.45,227.03,246.51,314662.52637,0.06507143392426469,0.03885155931330284,38.73569686737949,243.61285714285714,253.63952380952378
2019-06-11,246.61,247.8,236.49,244.29,237508.42798,-0.009046516464056567,0.036381653095387795,37.65922097101718,244.02714285714288,253.20428571428567
2019-06-12,244.36,261.87,242.2,261.15,336499.3016,0.06673891073515802,0.04392559418600736,46.8780487804878,246.24428571428572,254.03809523809525
2019-06-13,261.13,262.98,253.69,254.67,291757.21635,-0.025126365464321603,0.045653137068013876,50.04773891155281,247.0885714285714,254.5195238095238
2019-06-14,254.67,264.26,251.75,262.47,327383.28236,0.030168200368296892,0.04669686882720728,47.52439135588586,249.04571428571427,255.16714285714284
2019-06-15,262.48,272.27,260.61,267.82,286594.98029,0.020178323281137188,0.04486094011892076,51.565724540152544,252.55571428571426,256.0052380952381
2019-06-16,267.78,277.06,263.31,267.73,458176.54236,-0.00033610307477250815,0.035601204020629294,49.46256659500889,257.80571428571426,256.16142857142853
2019-06-17,267.73,276.0,266.81,273.16,339277.66707,0.02007869410024104,0.029950982427747557,62.439807383627624,261.61285714285714,256.28666666666663
2019-06-18,273.14,273.58,261.45,264.66,319941.55156,-0.031611720747985135,0.03388442778819686,62.45317349887619,264.52285714285716,255.98333333333335
2019-06-19,264.68,270.0,263.59,268.14,208375.68381,0.013063248828511663,0.02388221838881196,62.145246573864256,265.5214285714286,255.9504761904762
2019-06-20,268.16,273.63,265.71,271.22,200717.7737,0.011421067486384226,0.020226348794267147,62.12481105592746,267.8857142857143,256.74380952380955
2019-06-21,271.27,295.94,271.22,294.35,519818.06907,0.08183923581447115,0.03398834176955118,69.69068602039054,272.44,258.0033333333334
2019-06-22,294.25,314.39,289.69,310.79,726254.67061,0.054347907469419414,0.03695008055299756,76.66192957524082,278.5785714285715,260.21571428571434
2019-06-23,310.7,321.7,305.58,308.52,418812.02747,-0.007330771877891635,0.037717959097306845,83.23332761872106,284.4057142857143,262.10333333333335
2019-06-24,308.42,314.41,298.0,311.64,352791.26964,0.010062004396859078,0.03791539731522783,81.23741007194245,289.90285714285716,265.04285714285714
2019-06-25,311.65,318.99,307.0,318.26,345559.65047,0.02101998331938052,0.030796241823859365,84.04049700874367,297.56,268.7033333333334
2019-06-26,318.29,366.8,315.57,339.39,1008551.28721,0.06428122982444726,0.03311177245532285,84.64399574920297,307.73857142857145,273.16809523809525
2019-06-27,339.53,347.0,280.01,298.35,1016826.449,-0.12888259463839405,0.07034738824194281,64.80878763222134,311.61428571428576,275.5295238095238
2019-06-28,298.35,313.58,295.22,311.05,529174.47722,0.04168637699293781,0.06531466319624853,65.9404121275758,314.0,278.4952380952381
2019-06-29,310.95,324.74,295.18,317.62,425555.16264,0.02090202872147163,0.06251235209491326,66.2109375,314.9757142857143,282.0366666666667
2019-06-30,317.64,323.5,290.12,292.7,489028.56835,-0.08170750598466046,0.07040456756661934,56.99714173625511,312.71571428571434,284.9757142857143
2019-07-01,292.89,303.49,280.13,295.07,489769.27421,0.008064422629196103,0.07032543041341668,56.246792495865876,310.34857142857146,287.28809523809525
2019-07-02,295.03,297.57,272.65,291.48,493772.96579,-0.01224122352495461,0.06916736145593029,57.86694825765575,306.5228571428571,289.5352380952381
2019-07-03,291.47,302.89,285.0,301.14,370521.96637,0.03260388009281567,0.06415709875771151,59.34103260869565,301.0585714285714,291.4395238095238
2019-07-04,301.11,302.74,280.53,282.73,270791.36878,-0.06308289426426242,0.04777552798580126,52.99786424962233,298.82714285714286,292.7757142857143
2019-07-05,282.86,294.89,280.78,287.47,261139.28341,0.016626128336070148,0.04426987645481083,48.01820486231133,295.4585714285714,293.9661904761905
2019-07-06,287.32,296.71,285.28,288.29,196064.64705,0.0028484109851975876,0.04257726867139013,42.877943783236255,291.2685714285714,294.9409523809524
2019-07-07,288.29,309.69,284.25,304.72,246111.36595,0.055426404218446086,0.03737778619256696,48.896118986753436,292.9857142857143,296.70238095238096
2019-07-08,304.72,313.74,300.78,311.97,289607.34177,0.023513707169902545,0.037988398335542635,50.0936170212766,295.40000000000003,298.5504761904762
2019-07-09,311.96,318.19,302.69,307.46,309447.34927,-0.014562031855797844,0.038203569900805305,46.89904674399908,297.6828571428572,300.5885714285714
2019-07-10,307.46,314.18,281.04,289.23,457080.94063,-0.06112277814005458,0.0439780181703537,35.353889278206026,295.9814285714286,301.59285714285716
2019-07-11,289.23,289.23,262.12,268.63,501592.75211,-0.07388725124643414,0.046445355543724864,40.14588859416445,293.96714285714285,301.4695238095238
2019-07-12,268.67,278.99,266.21,274.62,266734.54213,0.022053355795641008,0.04695399767041677,37.358595322367954,292.13142857142856,300.53000000000003
2019-07-13,274.53,275.04,262.2,268.79,205959.26849,-0.0214579183175893,0.04704327034398753,32.968259504708755,289.3457142857143,298.53000000000003
2019-07-14,268.8,269.74,222.81,225.85,540052.58421,-0.17405934347540333,0.06878406863400983,29.286732354217023,278.0785714285714,294.59333333333336
2019-07-15,225.83,235.58,203.08,228.2,715991.20688,0.010351375327362036,0.06682139417019341,29.277967152153693,266.1114285714286,290.62
2019-07-16,228.2,234.5,192.25,198.88,715604.83198,-0.13752080966557426,0.07342312093082279,25.251229420568734,250.6,284.9352380952381
2019-07-17,198.94,219.86,191.84,210.81,694854.10132,0.05825562610981518,0.0864354675083445,26.147346184314756,239.39714285714285,278.812380952381
2019-07-18,210.8,229.65,205.71,225.73,609081.49094,0.06838234092327024,0.09487493658325453,34.66587754223609,233.26857142857145,275.3542857142857
2019-07-19,225.75,226.23,212.52,220.73,371622.21865,-0.022399359642366008,0.09267392130481787,32.07070707070706,225.57,271.05333333333334
2019-07-20,220.84,235.09,219.78,228.2,325393.97225,0.03328220227485485,0.09588748946749012,34.414068579135744,219.77142857142854,266.79523809523806
2019-07-21,228.25,229.66,216.99,225.38,270046.1519,-0.012434570903771943,0.06934505688026382,27.857780754632728,219.70428571428573,263.5895238095238
2019-07-22,225.49,228.34,212.25,217.51,271310.40446,-0.035543040040880665,0.07033297269107149,23.729002113694506,218.17714285714285,259.8961904761905
2019-07-23,217.59,219.55,208.36,212.48,317876.48242,-0.023396960195253575,0.04285556441773492,23.660565723793667,220.11999999999998,256.1342857142857
2019-07-24,212.55,218.28,202.0,216.31,331162.6484,0.017864697687341162,0.037583928267376866,28.022905364677513,220.90571428571428,252.09476190476192
2019-07-25,216.31,225.12,215.23,219.14,280370.29627,0.012998231001836856,0.02561728690950589,33.295078647134275,219.96428571428572,249.06666666666666
2019-07-26,219.14,220.0,212.71,218.81,197781.98653,-0.0015070216346871161,0.024332823680802508,30.413420369200537,219.69,245.79714285714286
2019-07-27,218.81,223.3,203.0,207.3,301209.41113,-0.054036753900826066,0.026005112993307735,29.247384407694895,216.70428571428573,241.9404761904762
2019-07-28,207.3,213.52,198.24,211.62,218801.16693,0.020625194034281782,0.029096235816378657,43.50406281384096,214.73857142857145,237.5071428571429
2019-07-29,211.58,215.83,206.59,210.89,226941.28,-0.0034555429523426867,0.026641530949071353,41.97942730052822,213.79285714285714,232.6938095238095
2019-07-30,210.84,214.36,204.4,209.58,222683.79393,-0.006231142476877364,0.025362475642854473,56.69586983729664,213.3785714285714,228.03285714285713
2019-07-31,209.57,218.79,209.2,218.42,207213.55658,0.04131428672278658,0.029610727769987313,54.95378205962765,213.68,224.66095238095235
2019-08-01,218.42,219.39,210.54,216.84,186806.18844,-0.007260060377444846,0.029274800594648466,42.99669135024421,213.35142857142856,222.19476190476192
2019-08-02,216.8,222.18,214.31,217.61,206867.03039,0.0035447154160640057,0.029337009481869222,47.3666441593518,213.18,219.48
2019-08-03,217.69,224.51,216.62,222.14,181591.95296,0.020603343930772608,0.018211199609096177,44.61811722912965,215.29999999999998,217.2585714285714
2019-08-04,222.14,223.34,216.9,221.79,135622.0258,-0.00157682550185554,0.017958962703671928,46.66542819988853,216.75285714285715,217.0652380952381
2019-08-05,221.79,236.25,221.79,233.54,307956.27211,0.051622380410450565,0.023860891440184225,63.888407555016485,219.98857142857145,217.31952380952382
2019-08-06,233.53,239.15,223.03,226.28,341279.08159,-0.03158019817261388,0.02892980900239889,61.51151151151154,222.37428571428572,218.62428571428575
2019-08-07,226.31,231.25,220.95,226.1,279104.7037,-0.0007957911910308269,0.02576970570919638,58.69603837271275,223.47142857142856,219.35238095238094
2019-08-08,226.11,228.5,215.51,221.39,236886.35423,-0.021051527147790544,0.027337166153103623,51.933986591026304,224.1214285714286,219.1457142857143
2019-08-09,221.38,221.79,207.3,210.53,232062.12757,-0.05029769135366954,0.033927691061286645,43.97379912663755,223.10999999999999,218.66
2019-08-10,210.52,215.0,202.6,206.48,252614.02389,-0.019424605372105618,0.03228048116329451,49.33050293925537,220.87285714285716,217.6257142857143
2019-08-11,206.48,216.94,206.14,216.42,188474.09048,0.047017408733144146,0.03902556586196047,53.58959018845348,220.1057142857143,217.19904761904758
2019-08-12,216.41,216.81,209.75,211.41,122760.94619,-0.023421588136461734,0.030799439337464228,50.36547652516167,216.9442857142857,216.90857142857143
2019-08-13,211.58,214.3,204.0,209.3,166922.48201,-0.010030746555086647,0.029837204011884715,49.80539338337503,214.51857142857142,216.75714285714284
2019-08-14,209.31,209.9,183.49,187.1,325228.98931,-0.1121253961719102,0.04771653778283094,31.64126611957795,208.94714285714286,215.36619047619047
2019-08-15,187.08,189.95,181.23,188.03,237953.09426,0.004958291287339323,0.04924935652058713,32.982870643827525,204.18142857142857,213.8847619047619
2019-08-16,187.98,188.39,178.04,184.88,282177.01584,-0.016894558601257922,0.04779800268294129,31.196139262323328,200.51714285714283,212.2690476190476
2019-08-17,184.83,187.0,181.83,185.59,138799.61508,0.0038329736240880013,0.048530619988915835,28.03749549333014,197.53285714285715,211.2352380952381
2019-08-18,185.67,197.91,183.35,194.33,175363.5062,0.04601780528639882,0.04831790931056763,35.0109170305677,194.37714285714287,210.41190476190474
2019-08-19,194.32,203.59,192.7,202.28,239541.5978,0.04009513133517008,0.05235179803762808,32.1981776765376,193.07285714285715,210.00190476190477
2019-08-20,202.24,202.75,194.45,196.6,189297.75494,-0.028481668498716126,0.05303064141436452,32.78821619113894,191.25857142857143,209.38380952380953
2019-08-21,196.55,197.2,179.53,187.45,284973.64194,-0.04765906453114522,0.034477174350942316,29.69849774135939,191.30857142857144,207.9090476190476
2019-08-22,187.45,195.14,182.8,190.35,245575.98772,0.015352339646585458,0.034933696923535054,33.379738702077546,191.64000000000001,206.64761904761906
2019-08-23,190.36,196.19,188.16,194.02,192548.51552,0.019096763704631186,0.034376064506182503,40.422322775263964,192.9457142857143,205.52428571428567
2019-08-24,194.02,194.09,185.63,190.6,167806.34294,-0.017784255313035874,0.03564442101686492,40.71996259934549,193.6614285714286,204.02238095238096
2019-08-25,190.6,192.4,182.8,186.54,169862.91522,-0.021531297921384286,0.03117519035997727,31.250000000000014,192.54857142857142,202.34380952380954
2019-08-26,186.54,193.7,186.0,188.67,254397.79472,0.011353763924804298,0.02549075496466557,35.1953125,190.6042857142857,200.20714285714283
2019-08-27,188.61,189.49,184.75,187.24,157898.563,-0.00760824079165174,0.024147153615041696,35.509721492380464,189.2671428571429,198.34809523809525
2019-08-28,187.3,188.25,166.48,173.03,334480.61761,-0.0789262265633129,0.03386501622771783,39.67415235579041,187.20714285714286,195.82095238095238
2019-08-29,173.03,173.5,163.61,169.01,295241.216,-0.02350710509842042,0.03186812368649223,36.64700926705982,184.1585714285714,193.32666666666665
2019-08-30,169.03,170.77,165.55,168.5,238616.68868,-0.003022134977720221,0.02862564769413905,38.057742782152246,180.51285714285714,191.3252380952381
2019-08-31,168.48,174.98,165.63,171.57,194999.19583,0.01805559680291799,0.03211149045795202,40.11840992387933,177.7942857142857,189.66285714285715
2019-09-01,171.52,173.42,167.61,170.74,191140.52368,-0.004849415013174036,0.03216725363285911,31.286688878311907,175.53714285714287,187.48761904761903
2019-09-02,170.73,181.0,170.02,178.05,294627.31247,0.04192247814162633,0.037586504132181876,30.58182401025806,174.01999999999998,185.89904761904762
2019-09-03,178.0,183.0,174.09,178.75,327857.85447,0.0039237718503302285,0.03787231209661165,34.45392788712769,172.80714285714285,184.4442857142857
2019-09-04,178.79,180.14,173.0,174.72,286226.25171,-0.022803489017576804,0.02306018167619293,37.827500478102905,173.04857142857142,183.8547619047619
2019-09-05,174.7,176.19,168.1,173.75,232753.83596,-0.005567208111638744,0.02070927500625903,33.518665607625096,173.72571428571428,183.17476190476188
2019-09-06,173.74,177.87,165.0,169.08,315822.37984,-0.027245508746312288,0.023853844618149826,25.720404984423652,173.80857142857144,182.42238095238096
2019-09-07,169.11,180.8,168.3,177.62,253831.23169,0.04927446113176885,0.029849964467357125,38.509206798866856,174.67285714285714,182.04285714285714
2019-09-08,177.58,184.18,176.13,181.19,290083.47501,0.01989976761765802,0.029961225349587617,45.222361135917126,176.1657142857143,181.41714285714286
2019-09-09,181.18,185.38,176.01,180.54,273729.94868,-0.0035938445780072676,0.02619809804052289,42.54265272427077,176.52142857142857,180.38190476190476
2019-09-10,180.52,184.36,177.0,179.81,238387.50999,-0.004051622026462497,0.026272993895472083,43.09607879576286,176.67285714285714,179.58238095238096
2019-09-11,179.87,182.8,173.0,178.28,278555.46708,-0.008545389765191197,0.024635738532249395,56.382202771699504,177.18142857142857,179.1457142857143
2019-09-12,178.3,182.38,176.62,180.72,203543.13663,0.013593524081392668,0.024604999331044253,64.80404551201016,178.17714285714285,178.68714285714287
2019-09-13,180.71,181.38,177.54,180.95,264422.54059,0.0012718778500035752,0.02022825289420307,65.85179526355998,179.87285714285713,178.0647619047619
2019-09-14,180.96,188.79,179.75,188.13,279371.83423,0.03891246321328773,0.01696483103530927,69.08713692946061,181.3742857142857,177.94714285714286
2019-09-15,188.14,190.45,185.76,189.03,288928.60827,0.004772519399034706,0.016172922572497396,71.04718066743385,182.49428571428572,178.06571428571428
2019-09-16,189.05,199.44,188.3,197.22,551006.81686,0.042414124282109125,0.020396938649806698,71.62192646063615,184.87714285714284,178.47285714285712
2019-09-17,197.23,215.13,195.74,207.84,715863.2262,0.05244869601810636,0.02362240444850316,76.8110599078341,188.8814285714286,179.45380952380953
2019-09-18,207.85,217.27,207.66,210.21,539028.51013,0.011338478128262873,0.020510789416620386,83.74215630347977,193.44285714285715,181.2242857142857
2019-09-19,210.27,223.94,202.3,220.24,844358.82155,0.04661082978379965,0.021610252923080834,87.70478507704787,199.08857142857144,183.66380952380953
2019-09-20,220.26,221.54,212.05,218.03,437804.12669,-0.0100851928343951,0.02423984869514102,91.34989018415271,204.3857142857143,186.02238095238096
2019-09-21,218.01,221.5,213.2,215.05,417891.5242,-0.013762108770211426,0.02771804787810947,84.89651314562745,208.23142857142858,188.09285714285713
2019-09-22,215.04,215.61,206.1,211.2,445388.94787,-0.018065007397639003,0.030852980158367814,77.83342608050452,211.39857142857142,190.01952380952383
2019-09-23,211.2,211.68,198.65,201.29,392437.07084,-0.04805889751916593,0.036330651446070665,66.4239354123793,211.98000000000002,191.1261904761905
2019-09-24,201.25,202.98,150.03,165.81,1478218.82714,-0.19390409979965906,0.07695804648358327,42.85130718954248,205.97571428571428,190.51
2019-09-25,165.72,174.85,161.88,169.96,879001.46213,0.024720560733329573,0.07837519263266118,45.862343345931976,200.22571428571428,190.28333333333336
2019-09-26,169.96,171.01,152.11,165.92,779942.17148,-0.024057370765393757,0.07101329539999296,42.755042099079695,192.46571428571428,189.9104761904762
2019-09-27,165.92,176.72,161.03,173.79,634932.96707,0.04634192929542519,0.07790409450520056,46.7389324102751,186.1457142857143,190.1347619047619
2019-09-28,173.83,175.49,168.0,173.49,521775.46593,-0.0017277129384057545,0.07851429246338314,42.88629737609331,180.20857142857145,189.93809523809523
2019-09-29,173.5,174.5,164.12,169.24,410855.12176,-0.02480213498636991,0.07837507039351721,40.68705882352942,174.21428571428572,189.36904761904762
2019-09-30,169.26,181.24,165.01,180.85,580295.3997,0.0663501325462401,0.08594448824871763,42.536701012127295,171.2942857142857,189.38380952380953
2019-10-01,180.89,185.53,173.19,175.66,609972.52717,-0.02911764990913565,0.038144474137569856,34.56446661550268,172.70142857142858,189.18619047619046
2019-10-02,175.65,181.29,173.65,180.24,348268.1162,0.02573898763501778,0.03821966091609902,35.92296852982621,174.17000000000002,189.27952380952382
2019-10-03,180.24,180.72,169.55,174.69,354756.78478,-0.03127632160685075,0.03932257082165063,27.664999509659708,175.42285714285714,188.99238095238096
2019-10-04,174.71,178.98,170.74,175.55,333897.63876,0.004910928097303121,0.03539921178133139,28.890876565295173,175.67428571428573,188.7352380952381
2019-10-05,175.55,176.71,172.02,176.25,278488.61771,0.003979539077936675,0.03537982693761907,30.272523896684973,176.06857142857143,188.1695238095238
2019-10-06,176.23,177.04,167.68,170.1,314932.39629,-0.03551694229056194,0.03694278984957908,29.58068362480128,176.19142857142856,187.2680952380952
2019-10-07,170.08,182.32,168.68,179.85,496523.48038,0.055736670739816835,0.033892311857200055,39.3312101910828,176.04857142857145,186.44095238095238
2019-10-08,179.88,184.87,177.0,180.6,400832.37828,0.0041614708412521986,0.031506931712125597,61.24714828897337,176.75428571428571,185.14380952380952
2019-10-09,180.61,195.53,178.96,192.62,562506.82189,0.06443469514983328,0.03856794483631727,65.38983971746806,178.52285714285713,184.30619047619047
2019-10-10,192.61,194.2,186.88,191.14,436588.58452,-0.0077131922946847235,0.03530735876342355,67.74556712637207,180.87285714285713,182.9204761904762
2019-10-11,191.18,196.65,179.41,180.72,621693.63125,-0.056057271678285725,0.04403516657433322,54.70724086401305,181.61142857142858,181.14380952380952
2019-10-12,180.65,184.64,177.59,179.68,290415.22038,-0.005771381169614737,0.044195262686694284,54.16274377942165,182.10142857142858,179.4595238095238
2019-10-13,179.65,184.95,178.52,180.99,247589.23231,0.007264290130647134,0.04085256309580375,58.2271390561546,183.65714285714287,178.0209523809524
2019-10-14,180.98,187.54,180.43,186.72,279732.84612,0.031168387417465835,0.03703118588774554,54.478864642148636,184.6385714285714,177.32714285714286
2019-10-15,186.7,188.37,175.96,180.49,405466.38109,-0.03393479396208876,0.03992243588142041,53.62776025236593,184.62285714285716,178.0261904761905
2019-10-16,180.52,181.44,171.81,174.47,347764.93459,-0.03392256748434657,0.029333066461131884,45.75797676812233,182.03,178.24095238095236
2019-10-17,174.52,178.96,172.61,177.16,298795.8198,0.015300471963186912,0.03139071103377808,51.895625479662314,180.03285714285715,178.77619047619046
2019-10-18,177.17,177.44,168.66,172.74,319602.48508,-0.025265705202857817,0.02562861352467107,47.95517391937126,178.89285714285714,178.72619047619048
2019-10-19,172.78,174.98,169.44,171.79,296918.73026,-0.005514773213785414,0.025629932157386178,46.766241299303935,177.76571428571427,178.6452380952381
2019-10-20,171.84,176.88,169.21,175.22,299141.07152,0.019769526599863717,0.027134006181111694,53.86473429951691,176.94142857142856,178.92999999999998
2019-10-21,175.18,177.9,171.59,173.98,270608.51385,-0.0071019771588231185,0.022109559206442208,44.915988221028925,175.12142857142857,178.60285714285715
2019-10-22,174.0,175.04,170.3,171.2,255429.41624,-0.016107886371752932,0.019813460969931286,42.13520749665327,173.79428571428573,178.3904761904762
2019-10-23,171.19,171.49,153.45,162.35,746955.09806,-0.053077965158786704,0.024766721766350374,23.25499204806502,172.06285714285715,177.53857142857143
2019-10-24,162.35,163.72,158.72,160.38,387310.83766,-0.012208499169972365,0.022065411463630304,23.055360896986684,169.66571428571427,176.85714285714286
2019-10-25,160.39,187.78,160.25,181.5,904832.86059,0.12370965432602289,0.055755359953993944,50.57539097078784,170.91714285714286,177.1404761904762
2019-10-26,181.53,197.74,173.8,179.49,1211737.43684,-0.011136157634855258,0.05600669476948564,49.86181818181818,172.01714285714283,177.2947619047619
2019-10-27,179.42,188.7,176.22,183.75,724423.40525,0.023456642022895907,0.05617197715075714,51.92468619246861,173.2357142857143,177.94476190476192
2019-10-28,183.84,189.48,180.35,181.72,582179.44545,-0.011109097201743544,0.05635726403594377,46.3235294117647,174.34142857142857,178.0338095238095
2019-10-29,181.67,192.74,181.26,190.46,529964.5054,0.04697515787469755,0.05722912973420845,57.06991916040278,177.09285714285713,178.50333333333333
2019-10-30,190.45,191.71,179.28,183.13,537770.43056,-0.039245915613042755,0.05465857029140518,56.028961292119185,180.0614285714286,178.05142857142857
2019-10-31,183.14,185.27,177.66,182.18,410969.86104,-0.005201073836193349,0.05409128951286595,53.58162100456621,183.1757142857143,177.6247619047619
2019-11-01,182.19,184.5,177.02,182.85,331519.76963,0.0036709352787263278,0.0276201295357205,57.62098597919492,183.36857142857144,177.72619047619048
2019-11-02,182.86,186.0,181.53,182.91,179864.39739,0.000328083992444124,0.02711172677539031,58.49633251833741,183.85714285714286,177.88
2019-11-03,182.9,184.7,178.95,181.54,232621.52147,-0.007518213489353226,0.02564683657830907,54.985799936888604,183.5414285714286,177.90619047619046
2019-11-04,181.53,188.64,180.36,185.71,321175.29134,0.022710302106480576,0.02674706748177096,58.844819785854334,184.1114285714286,177.85809523809525
2019-11-05,185.71,192.51,182.22,188.68,389668.6472,0.015866141211099395,0.019967878126968593,63.14285714285716,183.85714285714286,178.24809523809523
2019-11-06,188.65,195.09,187.72,191.16,343219.9224,0.013058315293896562,0.01134369581125594,73.9564277398969,185.00428571428571,179.04285714285714
2019-11-07,191.16,192.27,184.59,186.68,309882.08206,-0.02371485262834259,0.015734551368102673,70.99297573435506,185.64714285714285,179.4961904761905
2019-11-08,186.67,188.26,181.41,183.74,365029.75027,-0.015874206238294455,0.017347716510263858,52.51911830859201,185.77428571428572,180.02
2019-11-09,183.71,185.79,182.63,184.89,192073.38044,0.006239338798940871,0.017470397594443424,56.19266055045869,186.05714285714288,180.64380952380952
2019-11-10,184.86,191.58,183.3,188.96,274940.53448,0.02177429880679077,0.01842188861272839,56.000921446671285,187.11714285714285,181.29809523809524
2019-11-11,188.96,190.19,184.06,184.98,255579.93429,-0.021287641322938228,0.019151308554644354,53.593474426807745,187.01285714285717,181.82190476190476
2019-11-12,184.98,187.65,182.41,187.09,256782.63119,0.011342073371213325,0.01857206242932016,45.64936741544022,186.78571428571428,182.57857142857142
2019-11-13,187.09,189.66,185.3,188.11,197273.84001,0.005437113607602041,0.017803776457837105,57.6804441702653,186.35,183.80523809523808
2019-11-14,188.07,188.72,183.34,184.92,245505.29971,-0.017103598984904638,0.01661386375158699,53.95268320830926,186.0985714285714,184.9738095238095
2019-11-15,184.93,186.7,177.67,180.0,407466.78964,-0.026966448229814227,0.018635647464846156,46.337702390131085,185.5642857142857,184.90238095238095
2019-11-16,179.99,183.46,179.3,182.37,172801.52576,0.01308073953853054,0.019362386182551244,49.344978165938876,185.20428571428573,185.0395238095238
2019-11-17,182.37,186.09,180.0,183.82,198892.4372,0.007919427501222577,0.017108779113937128,52.76029055690073,184.47,185.04285714285714
2019-11-18,183.82,184.06,175.01,178.2,293551.23632,-0.031050502893254485,0.019046824234468903,41.21637426900583,183.50142857142856,184.8752380952381
2019-11-19,178.2,178.52,172.65,175.94,275886.6411,-0.012763487212180367,0.017657679042849084,34.84776403425309,181.90857142857143,184.18380952380954
2019-11-20,175.93,177.41,173.5,174.72,216315.93309,-0.006958335267988195,0.016583381374540608,29.843060323688093,179.99571428571426,183.78333333333333
2019-11-21,174.75,175.85,157.26,161.01,473895.92992,-0.08171821769969305,0.03182170409515281,24.335132973405337,176.57999999999998,182.77523809523808
2019-11-22,161.02,162.79,138.0,149.56,977977.23794,-0.07376882474793417,0.03791655866964991,20.79630895420371,172.23142857142858,181.19
2019-11-23,149.55,154.33,146.11,151.84,369721.0996,0.015129684752704665,0.03827890526955757,22.29673093042753,167.86999999999998,179.7104761904762
2019-11-24,151.84,152.86,138.62,139.96,352319.21558,-0.08147066736213045,0.039886698335422195,13.68218203379783,161.6042857142857,177.7304761904762
2019-11-25,139.99,151.5,131.45,145.69,749675.41303,0.040124409166417255,0.05001890851310962,21.61537350093917,156.96,175.8247619047619
2019-11-26,145.81,149.97,143.37,147.47,354023.04298,0.01214368859694492,0.052186679322305494,21.23983739837398,152.89285714285714,173.86238095238096
2019-11-27,147.47,155.54,140.84,152.62,564796.4284,0.0343264065986377,0.056729235170041685,25.695110258868638,149.7357142857143,172.02714285714285
2019-11-28,152.61,154.63,149.09,150.72,317714.56326,-0.012527361033434208,0.04962828554693087,26.15727830451756,148.2657142857143,170.31476190476192
2019-11-29,150.69,157.6,150.23,154.57,328712.25558,0.025223257336174313,0.0417136452121822,32.00283085633403,148.98142857142858,168.92571428571426
2019-11-30,154.54,155.25,149.7,151.37,226863.41299,-0.020919897389753285,0.04243156412295984,28.315612758813643,148.91428571428574,167.3295238095238
2019-12-01,151.43,152.49,145.79,150.73,344178.14088,-0.004237013952036092,0.0238025588512578,26.588368473185227,150.45285714285714,165.50904761904764
2019-12-02,150.72,151.42,146.71,148.65,233839.0973,-0.013895607378331098,0.0212516981039421,27.9904662594965,150.87571428571428,163.77904761904762
2019-12-03,148.66,149.93,145.77,147.17,196329.22503,-0.010006168268085279,0.021290306747205365,28.319517709118315,150.83285714285714,161.87809523809523
2019-12-04,147.19,151.98,143.15,145.38,434490.46521,-0.012237377119532109,0.015023766718574267,28.078302450687374,149.79857142857142,159.84333333333333
2019-12-05,145.45,149.02,143.64,148.1,299073.53972,0.018536717217263705,0.017485475222872516,38.45878777042732,149.42428571428573,158.09
2019-12-06,148.11,149.77,145.74,148.45,220674.68581,0.0023604799360156933,0.013003770065189667,48.761989739014034,148.54999999999998,156.58761904761906
2019-12-07,148.46,149.49,146.85,147.14,140471.68588,-0.008863686705650459,0.011357124511807015,44.64204286365707,147.94571428571427,154.91
2019-12-08,147.16,151.62,146.11,150.44,205301.6026,0.022179819098017372,0.015067215771764146,64.85260770975054,147.9042857142857,153.3204761904762
2019-12-09,150.44,151.19,146.56,147.38,243775.99249,-0.020550048263282366,0.01623450583243049,52.59122968414597,147.72285714285712,151.85285714285715
2019-12-10,147.4,148.57,143.81,145.56,203215.84937,-0.012425912594894133,0.016476581934046552,47.0750382848392,147.4928571428571,150.40619047619046
2019-12-11,145.53,146.34,142.12,143.39,157843.10484,-0.015020182017011332,0.016807075550316984,34.44556791371754,147.20857142857145,148.9142857142857
2019-12-12,143.41,145.85,139.24,144.87,261615.30437,0.010268597826612423,0.01535347714738426,40.00000000000002,146.74714285714285,148.1457142857143
2019-12-13,144.87,146.0,142.8,144.8,160695.18556,-0.0004833086019441282,0.015220410388595021,30.820573223400146,146.22571428571428,147.91904761904763
2019-12-14,144.8,145.07,141.18,141.79,126232.59201,-0.02100639020214953,0.016559171107269247,31.052215189873436,145.46142857142857,147.4404761904762
2019-12-15,141.79,144.12,139.92,142.46,151189.65877,0.0047141688007412055,0.01256392884229693,33.66258395890959,144.32142857142858,147.5595238095238
2019-12-16,142.46,142.72,127.93,132.73,471018.85942,-0.07074426891209702,0.027043170117044463,25.84951456310685,142.22857142857143,146.94238095238094
2019-12-17,132.72,132.98,119.11,121.88,563257.36001,-0.08528003552060263,0.037790454089426974,20.12756909992919,138.84571428571428,145.7238095238095
2019-12-18,121.88,134.87,116.26,132.78,884960.91334,0.08565666917350509,0.05677356748571319,37.75272161741837,137.32999999999998,144.77904761904762
2019-12-19,132.8,134.0,125.69,128.1,420674.8172,-0.03588241438832477,0.056573829834374326,31.273408239700416,134.93428571428572,143.70190476190476
2019-12-20,128.1,129.39,125.84,128.19,213897.4673,0.0007023294213547351,0.05663527105584712,30.937147158449434,132.5614285714286,142.4457142857143
2019-12-21,128.19,128.4,126.5,126.99,135196.11641,-0.009405195123101241,0.056682066525443255,31.001320007542944,130.44714285714286,141.2847619047619
2019-12-22,127.0,133.07,126.82,132.09,253140.72413,0.03937516523483019,0.06017391988302549,33.266459967171286,128.96571428571428,140.39714285714285
2019-12-23,132.12,135.1,126.0,127.8,421600.75655,-0.033016966492337776,0.0554107489143673,32.536567962896925,128.26142857142858,139.40428571428572
2019-12-24,127.8,129.69,126.61,127.75,200637.10098,-0.0003913128596205643,0.042891636367250296,33.597347577822845,129.1,138.4795238095238
2019-12-25,127.7,127.84,123.07,125.09,225004.4909,-0.02104175085716384,0.025662731125437335,33.29682365826949,128.0014285714286,137.51333333333332
2019-12-26,125.09,132.26,124.32,125.58,274986.52097,0.0039095274593133125,0.02284467578831215,32.06915783602902,127.64142857142858,136.44095238095238
2019-12-27,125.58,127.1,121.91,126.29,240012.37451,0.005637843972115429,0.0230474310794486,32.996509277971725,127.37,135.3857142857143
2019-12-28,126.28,129.68,125.84,128.11,196893.52277,0.0143084202102636,0.02353797549964871,37.15251690458306,127.53,134.47952380952378
2019-12-29,128.11,138.07,127.52,134.36,316347.26666,0.047633494875749596,0.025859563949376486,43.11458687521253,127.85428571428572,133.71380952380952
2019-12-30,134.36,136.24,130.3,131.59,320347.21956,-0.020831736582042883,0.02336525191229507,48.9008870034709,128.3957142857143,132.96190476190478
2019-12-31,131.61,133.68,128.17,129.16,264933.98418,-0.01863908227197477,0.02492545456864896,58.37937384898709,128.59714285714287,132.1809523809524
2020-01-01,129.16,133.05,128.68,130.77,144770.52197,0.01238810902833666,0.022999586958280603,47.0571010248902,129.40857142857143,131.57999999999998
2020-01-02,130.72,130.78,126.38,127.19,213757.05806,-0.02775802345501787,0.026418530435006856,48.623298033282914,129.63857142857142,130.73809523809524
2020-01-03,127.19,135.14,125.88,134.35,413055.18895,0.0547663035981071,0.03324550224435822,57.67696909272182,130.79,130.2404761904762
2020-01-04,134.37,135.85,132.5,134.2,184276.17102,-0.0011171105239188646,0.03333360007411779,59.22702841054515,131.66000000000003,129.8790476190476
2020-01-05,134.2,138.19,134.19,135.37,254120.45343,0.008680545660113509,0.0282054527685111,54.66704610130904,131.8042857142857,129.54142857142855
2020-01-06,135.37,144.41,134.86,144.15,408020.27375,0.06284265388671631,0.03442209406171264,70.62831188493563,133.59857142857143,130.08523809523808
2020-01-07,144.14,145.31,138.76,142.8,447762.17281,-0.009409374178927144,0.03316079852370663,68.38504764231614,135.54714285714286,131.08142857142857
2020-01-08,142.8,147.77,137.03,140.72,570465.57764,-0.014672949476181342,0.034955351558714626,69.36802973977692,136.96857142857144,131.4595238095238
2020-01-09,140.76,141.5,135.3,137.74,366076.06569,-0.02140425031275049,0.0338624721942821,64.1923436041083,138.4757142857143,131.91857142857143
2020-01-10,137.73,145.17,135.32,144.84,409403.59507,0.0502618347808883,0.032930640487320806,68.84013812715821,139.9742857142857,132.71142857142857
2020-01-11,144.83,148.05,142.09,142.38,368350.57939,-0.017130145221713255,0.03441436608406046,64.3071987166633,141.14285714285717,133.44428571428574
2020-01-12,142.4,146.6,141.76,146.54,229541.86137,0.028798889056090623,0.035266105798755575,62.74591879447464,142.73857142857145,134.13238095238097
2020-01-13,146.56,147.0,142.27,143.58,207996.61865,-0.02040605758348074,0.02835844452751258,62.497394204711284,142.65714285714287,134.88380952380953
2020-01-14,143.58,171.7,143.51,165.64,1108476.31186,0.1429243875290294,0.06058247060809397,76.98224852071004,145.92000000000002,136.68809523809523
2020-01-15,165.6,171.98,159.2,166.4,721687.80381,0.004577769709741938,0.05910169013031217,76.68913857677902,149.5885714285714,138.6552380952381
2020-01-16,166.4,167.4,157.8,164.21,456170.86719,-0.013248431883362196,0.05813108138505547,78.3200734394125,153.36999999999998,140.4947619047619
2020-01-17,164.24,174.81,162.14,169.85,767180.67853,0.03376959810284693,0.0572696722747339,77.80388471177946,156.94285714285712,142.5690476190476
2020-01-18,169.92,179.5,164.92,174.14,688783.17982,0.024943878793876537,0.05452821493946069,79.37628714327745,161.48,144.76095238095238
2020-01-19,174.1,178.05,161.66,166.79,624681.28604,-0.04312403731138772,0.06092222714465456,71.1839266450917,164.37285714285713,146.30523809523808
2020-01-20,166.79,169.33,161.24,166.87,358092.8841,0.00047953006972962516,0.05918646028359,67.35410937977392,167.7,147.9852380952381
2020-01-21,166.86,170.32,164.8,169.49,308007.6353,0.015578861871151562,0.02577547857768305,69.99850142364755,168.25,149.90571428571428
2020-01-22,169.48,171.47,166.03,168.07,272240.90286,-0.008413368741488026,0.026131896908216583,70.69774481610413,168.48857142857145,151.68190476190478
2020-01-23,168.07,168.2,159.21,162.81,373414.34985,-0.031796682545051934,0.028683726609752817,68.33942940746161,168.28857142857143,153.37809523809523
2020-01-24,162.85,164.45,155.55,162.54,430013.19902,-0.001659751418364508,0.024265591847570295,64.38556566970091,167.24428571428572,154.7204761904762
2020-01-25,162.51,162.79,157.61,160.35,219921.65197,-0.013565199185894754,0.019995249406596555,64.66938775510205,165.2742857142857,155.96571428571428
2020-01-26,160.36,168.08,159.41,167.86,251582.55758,0.04577137251551764,0.024497247365605608,66.5015479876161,165.42714285714285,157.51285714285714
2020-01-27,167.91,172.56,165.22,170.08,365894.81917,0.013138615938956226,0.024923421859897057,70.74851237081114,165.8857142857143,158.74761904761903
2020-01-28,170.04,176.2,170.03,175.64,473433.89609,0.03216753109987872,0.027047769081702328,60.55743243243243,166.7642857142857,160.31142857142856
2020-01-29,175.58,178.45,173.33,173.72,317382.90161,-0.010991638026895525,0.027278894681385536,57.543281121187135,167.57142857142858,161.88285714285715
2020-01-30,173.68,187.0,170.93,184.69,477721.6609,0.061233936221198874,0.029120885346851224,67.87085514834206,170.69714285714284,164.11857142857144
2020-01-31,184.71,185.82,175.22,179.99,385596.53365,-0.025777450096432102,0.03300422707588742,58.99574166075232,173.19,165.79238095238094
2020-02-01,179.94,184.28,179.23,183.6,259370.12902,0.019858184395002133,0.0305848085571789,58.49497126436783,176.51142857142858,167.75523809523807
2020-02-02,183.63,193.43,179.1,188.44,552621.13619,0.026020175645450325,0.028586058348762346,70.3592251269513,179.45142857142855,169.75047619047618
2020-02-03,188.48,195.19,186.62,189.69,417175.95781,0.006611506906791144,0.028820282645116775,70.99742362900258,182.25285714285715,171.94619047619048
2020-02-04,189.74,191.6,184.69,188.91,366389.69686,-0.0041204495698705275,0.02860402725676808,68.4952380952381,184.14857142857142,173.0542857142857
2020-02-05,188.91,207.61,188.19,203.78,550942.11417,0.0757702693773784,0.03570384496348686,77.07354056103111,188.44285714285712,174.83428571428573
2020-02-06,203.78,216.33,201.02,213.19,608240.2233,0.04514280633031147,0.033250599013466074,85.93437945791727,192.51428571428573,177.16666666666666
2020-02-07,213.16,225.0,213.14,223.33,629361.15466,0.04646671135593256,0.027143369146098592,88.00800300112545,198.7057142857143,179.71333333333334
2020-02-08,223.36,227.75,213.22,223.05,548551.87465,-0.001254536658109426,0.02962422098469537,90.16141429669487,204.34142857142857,182.04238095238097
2020-02-09,223.01,230.65,222.86,228.49,350336.24399,0.024096484126179114,0.02965244921148662,89.89340702724044,210.06285714285713,184.9804761904762
2020-02-10,228.53,229.4,216.37,222.89,510415.49949,-0.024814069482351556,0.035206222960349254,83.2682373692831,214.8057142857143,187.6480952380952
2020-02-11,222.89,239.15,218.17,236.69,595576.90276,0.06007289183861839,0.035312410344635586,84.84191302362744,221.6314285714286,190.84809523809523
2020-02-12,236.69,275.34,236.69,265.74,1038073.74782,0.11576711910644197,0.0453457770244137,90.0993550636221,230.48285714285717,195.4990476190476
2020-02-13,265.74,277.69,256.08,268.32,1089679.1537,0.00966191091173689,0.046375864494595104,89.31828866948753,238.35857142857142,200.5233333333333
2020-02-14,268.34,287.15,260.28,285.15,734944.32266,0.060835059527649074,0.0473856340026577,94.37879810938553,247.19,206.36190476190478
2020-02-15,285.11,288.41,261.86,264.88,860813.14274,-0.073738464363557,0.062207098371827474,80.07251738937398,253.1657142857143,211.33952380952377
2020-02-16,264.91,274.0,237.41,258.85,1110118.46395,-0.02302814989108039,0.06476236350758927,75.82336976454194,257.5028571428571,215.67238095238093
2020-02-17,258.89,268.77,242.0,267.85,1110371.39094,0.0341783789790589,0.062071842681224294,77.12382009994448,263.92571428571426,220.32809523809524
2020-02-18,267.9,285.88,258.0,282.61,1115523.43992,0.053640733001574015,0.061532963360704025,79.64064279387576,270.48571428571427,225.42190476190476
2020-02-19,282.64,285.0,251.56,258.45,705973.72988,-0.08936560368649504,0.06011527931055479,66.33403047505229,269.4442857142857,229.45666666666668
2020-02-20,258.44,264.33,245.34,256.96,972969.71691,-0.005781820883651542,0.05981408212587335,63.72702753559555,267.82142857142856,232.8980952380952
2020-02-21,256.97,268.24,253.61,265.27,525827.8734,0.0318277444587201,0.05522637441024883,63.30583756345177,264.9814285714286,236.95904761904762
2020-02-22,265.32,266.81,256.0,261.57,313062.52133,-0.014046241109283649,0.047929007141031536,61.96124705005589,264.50857142857143,240.67190476190476
2020-02-23,261.55,275.68,261.02,274.48,444740.82883,0.04817646444236108,0.050175262798890355,63.64769422517657,266.74142857142857,244.7690476190476
2020-02-24,274.5,277.2,257.09,265.52,696591.72983,-0.03318823113847527,0.050857311043130474,62.40325865580448,266.4085714285714,248.37999999999997
2020-02-25,265.47,266.22,244.44,246.67,774791.01027,-0.07363875645940655,0.050715078152973936,52.82080271339739,261.2742857142857,251.13047619047617
2020-02-26,246.67,250.32,215.66,223.93,1395879.41507,-0.09671790793557251,0.052451264816847205,37.745471598569665,256.3428571428571,252.09
2020-02-27,223.98,238.3,210.0,227.79,1273793.11658,0.01709064887651205,0.05420278244556284,38.20911153779019,252.1757142857143,252.78523809523813
2020-02-28,227.73,234.67,214.01,226.76,1054994.92397,-0.00453196243714914,0.050323201777071315,31.29365028512848,246.67428571428567,252.9485714285714
2020-02-29,226.76,233.0,217.0,217.21,546866.6851,-0.043027561940500746,0.050711285934229584,33.60165118679052,240.33714285714285,252.6704761904762
2020-03-01,217.29,227.89,212.36,217.81,715016.01941,0.0027584956115343784,0.04165379277303171,35.33447684391081,232.24142857142857,252.16190476190474
2020-03-02,217.81,234.4,216.07,231.97,810051.4833,0.06298492983304228,0.05524037056054939,37.63440860215053,227.4485714285714,252.59428571428575
2020-03-03,232.1,232.46,219.57,223.91,741498.54825,-0.03536386755693175,0.050670277312310864,28.79028761381703,224.19714285714284,251.98571428571427
2020-03-04,223.84,228.85,220.23,224.26,443780.33772,0.0015619076294873923,0.03509853659928915,35.078991009862975,224.24428571428572,250.0104761904762
2020-03-05,224.26,234.09,224.23,228.38,601479.87587,0.018204815240767405,0.03519025086332087,37.80716723549489,224.32857142857145,248.10857142857142
2020-03-06,228.38,245.16,227.33,244.88,628147.3257,0.06975738636365515,0.04365080411266185,41.869367573171715,226.91714285714284,246.19095238095235
2020-03-07,244.93,251.93,236.0,237.23,633748.89662,-0.0317381599628838,0.041477145244588114,40.59069120148446,229.77714285714288,244.87428571428575
2020-03-08,237.23,237.23,195.5,199.43,1278973.53741,-0.17356683710914297,0.0820976067733896,25.669454710497305,227.15142857142857,242.04476190476188
2020-03-09,199.43,208.62,190.0,202.81,1661331.83553,0.016806282600910508,0.07668946246055634,28.90682811974436,222.9857142857143,238.94761904761904
2020-03-10,202.79,206.2,195.54,200.7,1020260.107,-0.010458324363748411,0.07639124958233848,32.575240694412855,219.67000000000002,235.04714285714286
2020-03-11,200.74,203.18,181.73,194.61,1079824.90167,-0.030813699909218565,0.07615638409869127,37.2809300711435,215.43428571428572,232.0071428571429
2020-03-12,194.61,195.55,101.2,107.82,3814533.14046,-0.5905343858695511,0.22568283983468632,19.73358898027145,198.21142857142857,224.9052380952381
2020-03-13,107.67,139.68,86.0,134.06,4663239.92861,0.21782429090628908,0.250598488856885,29.252461951656215,182.38000000000002,218.65714285714282
2020-03-14,134.06,134.68,120.0,122.54,1237674.88642,-0.08984995363230312,0.24945864096356468,28.99676088210498,165.99571428571429,212.03666666666663
2020-03-15,122.54,133.5,120.16,123.78,1312950.90137,0.010068289013706901,0.24939781737109742,29.197823105172333,155.1885714285714,204.86047619047616
2020-03-16,123.82,124.33,101.1,111.02,2442064.14448,-0.10879543104920024,0.2467724133840582,23.075553181069395,142.07571428571427,197.50333333333333
2020-03-17,111.02,120.8,109.38,115.67,1295108.4848,0.04103094404529498,0.25014647435678816,25.533453887884278,129.92857142857142,191.2652380952381
2020-03-18,115.67,118.5,109.86,118.11,1201850.31275,0.020875084316445632,0.2525478454713796,26.23046262707689,119.0,186.22619047619048
2020-03-19,118.11,143.13,115.46,136.3,1801071.18816,0.14324194507873111,0.11708051831280482,30.603302999662958,123.06857142857143,181.86952380952383
2020-03-20,136.3,152.55,116.74,133.48,2504057.63799,-0.020906684819313827,0.08473763099499301,25.098354792560798,122.9857142857143,177.42761904761906
2020-03-21,133.49,137.49,125.69,132.66,1231842.11121,-0.006162189785763301,0.07544413757407097,25.88886326954116,124.43142857142857,173.40142857142857
2020-03-22,132.63,137.13,121.1,122.32,1055699.86532,-0.08114890247660304,0.08318062937289454,29.642536564760547,124.22285714285714,168.8542857142857
2020-03-23,122.31,137.5,119.5,135.92,1436796.12449,0.10542591574286976,0.07633552990100496,33.24482741345625,127.78,164.28047619047618
2020-03-24,135.89,143.36,132.2,138.42,1244377.16334,0.01822606405004066,0.07621846103482989,34.43000000000001,131.03,160.2095238095238
2020-03-25,138.42,142.33,132.54,136.1,1034248.74369,-0.016902631756296835,0.07793114841436333,35.09147429037354,133.6,156.01142857142855
2020-03-26,136.11,139.74,133.26,138.4,751060.63102,0.016758133526148893,0.05633257954506541,63.68355110076964,133.9,151.72666666666666
2020-03-27,138.4,141.27,129.68,131.33,706948.54559,-0.05243480358650061,0.05964925713587328,48.52544020741061,133.59285714285713,146.3195238095238
2020-03-28,131.33,132.97,124.88,130.98,896032.10594,-0.002668599807161183,0.059626360476424035,55.18427518427517,133.35285714285715,141.26
2020-03-29,130.94,131.84,123.81,124.5,543997.0,-0.050738923885145136,0.05369626911569984,50.415512465373965,133.66428571428574,137.69190476190474
2020-03-30,124.47,135.42,124.06,132.06,764831.92747,0.058950648861662916,0.039971440231818825,62.91748526522593,133.11285714285714,134.32285714285712
2020-03-31,132.09,135.0,130.38,132.72,547669.27789,0.004985281115763737,0.039040413593400436,61.00710135571335,132.29857142857142,131.0857142857143
2020-04-01,132.72,136.99,128.62,135.69,680922.24747,0.022131226275672357,0.040000679857853404,61.27212105668119,132.23999999999998,128.28
2020-04-02,135.65,149.76,135.01,141.28,1138977.66114,0.040370864697788396,0.04260281848473229,53.80850412970326,132.65142857142857,129.8733333333333
2020-04-03,141.27,146.72,137.26,141.31,797546.11446,0.00021232173900503587,0.035201506067649,56.2549928103531,134.07714285714286,130.21857142857144
2020-04-04,141.3,146.28,138.88,144.1,573508.14086,0.019551444410821524,0.034819756431145314,58.85997521685254,135.95142857142858,131.2452380952381
2020-04-05,144.1,145.58,140.68,142.68,414987.45246,-0.009903142514785501,0.023965611758702602,68.29618979151691,138.54857142857142,132.14523809523808
2020-04-06,142.69,172.0,142.6,171.32,1636338.7311,0.1829287922564794,0.06634512674059963,75.04244482173176,144.15714285714287,135.01666666666665
2020-04-07,171.32,176.22,162.22,164.63,1717962.82538,-0.03983262108723979,0.07190012136532317,67.50367303325766,148.71571428571428,137.34809523809523
2020-04-08,164.62,174.48,163.59,173.11,1023575.92076,0.05022669892870782,0.07212071060287172,72.83722078242627,154.0614285714286,139.96714285714285
2020-04-09,173.15,173.38,165.19,169.52,719837.24423,-0.020956316628594582,0.07499780545627095,68.90184645286686,158.0957142857143,141.5490476190476
2020-04-10,169.56,170.1,152.11,157.81,1314841.362,-0.07157913620000234,0.08353949225693648,65.22539098436062,160.45285714285714,142.70761904761903
2020-04-11,157.81,161.37,153.91,158.33,621599.61289,0.0032896847533014973,0.08364306519851637,65.69493859749801,162.4857142857143,143.93
2020-04-12,158.33,164.78,155.0,158.59,809100.24594,0.001640792997166627,0.08321853331463586,71.0666172290199,164.75857142857143,145.65714285714284
2020-04-13,158.56,158.97,150.0,156.29,1042091.03622,-0.01460899965640739,0.03806709576506537,66.01454064771976,162.61142857142858,146.62714285714287
2020-04-14,156.28,161.85,155.23,158.45,698030.65089,0.013725830282827443,0.03717450451563903,66.67530784186648,161.72857142857143,147.5809523809524
2020-04-15,158.46,161.29,152.0,152.73,729119.66505,-0.03676742955457538,0.029122269559562465,60.663329161451806,158.81714285714287,148.37285714285716
2020-04-16,152.74,174.79,148.33,172.29,1647207.59991,0.12050744696196056,0.05968705549167795,66.51752423564503,159.21285714285713,149.98666666666668
2020-04-17,172.31,174.96,168.31,170.69,723537.75591,-0.009330057768073236,0.05082143719364338,65.3918692372171,161.05285714285716,151.8609523809524
2020-04-18,170.61,189.54,170.48,187.4,1127296.36979,0.0933963240280803,0.05920193195258775,69.7970007315289,165.2057142857143,154.54761904761904
2020-04-19,187.4,188.35,175.75,180.03,995759.5775,-0.04012186613479064,0.06376841008876545,66.19547307258694,168.26857142857142,157.19190476190477
2020-04-20,180.02,186.46,166.7,170.2,1547821.52737,-0.05614928753025744,0.06903649617632467,49.41968911917099,170.25571428571428,159.00809523809525
2020-04-21,170.21,174.7,168.0,170.74,906381.65398,0.0031677154428867106,0.06911239225264568,53.381294964028775,172.01142857142855,160.81857142857143
2020-04-22,170.73,184.0,169.78,182.7,988698.39076,0.06770353180180066,0.06843743902135159,55.11030587232227,176.29285714285714,163.05714285714285
2020-04-23,182.7,193.63,178.16,185.51,1457867.08713,0.015263325566320776,0.05418856264615913,58.59215475550778,178.18142857142857,165.16333333333336
2020-04-24,185.57,189.8,184.72,187.59,780904.21257,0.011149941297034477,0.05348389207056853,67.8494365859506,180.59571428571425,167.36714285714282
2020-04-25,187.6,198.36,185.76,194.21,866478.04928,0.03468131759004386,0.0422973159903541,70.04021447721178,181.56857142857143,169.75333333333333
2020-04-26,194.21,200.0,192.3,197.38,758525.81533,0.016190756906501114,0.037326119202389485,70.983446932814,184.0471428571429,172.35809523809525
2020-04-27,197.39,199.05,189.29,196.34,896627.37271,-0.005282954479485703,0.024248064864304596,71.964461994077,187.78142857142856,173.5495238095238
2020-04-28,196.33,198.5,192.36,196.24,636829.89397,-0.0005094503141414406,0.02471912583083411,71.20412972730334,191.42428571428573,175.0547619047619
2020-04-29,196.24,218.77,196.22,215.36,1620422.72431,0.09297264650612909,0.03324197715150084,80.54823919617598,196.09,177.06666666666666
2020-04-30,215.4,227.3,202.0,206.08,1749691.00151,-0.044046603540374145,0.0420748696556291,68.3183345982869,199.02857142857144,178.80761904761906
2020-05-01,206.07,217.14,205.91,212.02,794913.95828,0.028416166928962833,0.04231544578840275,71.39898519208865,202.51857142857145,181.38904761904763
2020-05-02,212.01,215.37,210.36,213.9,443494.67248,0.008828006243408303,0.041688378978161904,66.209933936873,205.3314285714286,184.03523809523807
2020-05-03,213.89,219.3,203.92,209.86,748383.91311,-0.019067974358594923,0.043443833766545516,69.02180844280068,207.1142857142857,186.4766666666667
2020-05-04,209.86,210.65,194.88,206.48,1114249.32658,-0.016237086319406596,0.04422419443863759,75.20844913841023,208.56285714285715,188.86666666666667
2020-05-05,206.47,211.68,201.0,205.29,640644.66268,-0.005779941777842336,0.0444216248166231,73.79148877565073,209.8557142857143,191.09714285714284
2020-05-06,205.3,210.77,197.71,198.97,862700.67849,-0.03126955404135943,0.02438859196671403,62.14723010303122,207.51428571428573,193.2990476190476
2020-05-07,198.92,215.1,196.43,212.0,1305778.73764,0.0634322150808559,0.03274368145623187,67.15895841430238,208.35999999999999,195.19
2020-05-08,212.01,216.61,206.9,211.31,917908.1944,-0.0032600250931766636,0.0309543301566762,65.64643799472296,208.25857142857143,197.1242857142857
2020-05-09,211.32,214.6,208.4,210.07,587871.98073,-0.005885441071246809,0.030715632148345107,61.26100539619426,207.71142857142857,198.20380952380955
2020-05-10,210.09,210.18,179.59,187.54,1473226.05475,-0.11344865251611,0.052293983527756355,44.519937625306305,204.52285714285716,198.56142857142856
2020-05-11,187.62,193.5,176.0,185.73,1093299.81927,-0.009698149792228617,0.052348752030862464,44.141358365543894,201.5585714285714,199.30095238095237
2020-05-12,185.8,192.24,185.48,189.76,669755.79567,0.02146610961011009,0.0541420193552104,46.57070279424216,199.34,200.20666666666668
2020-05-13,189.77,201.0,188.35,199.58,806143.00704,0.050455042646805885,0.057790901143166803,40.73726226813806,199.42714285714285,201.0104761904762
2020-05-14,199.61,206.02,195.67,203.29,1114700.24937,0.01841837257680612,0.05180769801759715,48.24770757442531,198.18285714285713,201.85714285714286
2020-05-15,203.29,204.08,191.66,194.86,904749.6357,-0.04235217903577746,0.05354190404235332,39.54933008526188,195.83285714285714,202.20333333333335
2020-05-16,194.87,203.5,193.21,200.45,669900.03754,0.02828348709132059,0.05566289479864205,42.16291807481644,194.4585714285714,202.5004761904762
2020-05-17,200.44,209.85,199.68,207.0,708711.89315,0.03215395417685316,0.03075417032939919,48.38088768115941,197.23857142857142,202.95857142857145
2020-05-18,207.02,217.07,207.0,214.91,1064139.2485,0.037500542571745524,0.029826003697340273,54.53957996768983,201.40714285714287,203.84285714285713
2020-05-19,214.92,215.95,209.45,214.58,643702.98849,-0.0015367066285144793,0.030990794187288548,55.049461898032405,204.95285714285714,204.71619047619046
2020-05-20,214.6,215.75,204.27,209.98,679532.61037,-0.021670341121805062,0.030211506021499822,56.09837155201063,206.4385714285714,204.45999999999998
2020-05-21,209.99,211.64,191.71,198.74,1003923.4342,-0.05501485028357788,0.037548258098298024,42.506781193490056,205.78857142857143,204.11047619047616
2020-05-22,198.72,209.19,196.24,207.36,787672.36081,0.042458975360692604,0.03649026874319332,47.95145731770564,207.5742857142857,203.88857142857142
2020-05-23,207.36,211.2,204.55,206.6,478559.92006,-0.0036718564783718424,0.03564770180898957,48.19138955488377,208.45285714285714,203.54095238095238
2020-05-24,206.6,210.55,199.5,199.9,673535.05784,-0.03296731517918375,0.03566969695023345,57.71535580524346,207.43857142857146,203.06666666666666
2020-05-25,199.9,205.67,198.01,204.15,469931.62492,0.02103777625923049,0.03283133385866518,61.15822631451419,205.90142857142857,202.95571428571427
2020-05-26,204.22,205.0,196.9,200.89,477176.7353,-0.016097523191526842,0.032863789443735573,56.80567445273328,203.9457142857143,202.7461904761905
2020-05-27,200.92,208.44,200.76,208.29,494816.72727,0.036173844859233764,0.03635624947774104,55.48834278512917,203.70428571428573,203.19
2020-05-28,208.29,220.5,204.67,220.21,643945.97769,0.055650297084809126,0.032931626642026264,59.66194609410691,206.77142857142857,203.58095238095237
2020-05-29,220.24,224.79,217.57,220.67,603058.0759,0.002086736376888281,0.030711012624895506,66.21434853624825,208.6728571428571,204.0266666666667
2020-05-30,220.63,247.0,218.8,243.66,1019550.75146,0.09910543803127221,0.04496577947279462,72.27549231879576,213.96714285714285,205.62619047619046
2020-05-31,243.71,245.39,229.58,231.57,821608.68884,-0.050891607296389266,0.04904706905547201,61.98185896810689,218.49142857142854,207.72285714285715
2020-06-01,231.56,250.68,230.66,248.23,823816.69936,0.06947353210232725,0.0523566721704215,64.97124370956146,224.78857142857143,210.69904761904763
2020-06-02,248.23,253.8,225.0,237.71,955520.91863,-0.0433042924150342,0.05697574359291001,59.5208693504569,230.04857142857142,212.98238095238096
2020-06-03,237.71,245.0,232.71,244.52,502928.13371,0.0282456618433596,0.05677282463767399,63.96345407503235,235.2242857142857,215.12238095238098
2020-06-04,244.54,246.6,236.0,243.21,669369.3392,-0.005371837492799228,0.055580011224172374,69.54725274725274,238.51,217.02333333333337
2020-06-05,243.22,247.87,239.14,240.03,502547.41103,-0.013161352137583198,0.05642587742446997,65.08170990674914,241.2757142857143,219.1742857142857
2020-06-06,240.04,244.7,237.83,241.94,389423.07798,0.007925846001559931,0.041527770358165496,66.14288324502101,241.03,221.14999999999998
2020-06-07,241.94,245.37,234.6,244.56,571102.55515,0.01077091605087696,0.035249151415330054,71.18997912317327,242.8857142857143,222.93857142857144
2020-06-08,244.57,247.7,240.59,246.4,383116.54719,0.00749555407678571,0.02273891734582623,70.5156841798582,242.62428571428572,224.43809523809523
2020-06-09,246.37,249.82,238.0,243.8,420327.17133,-0.010608014612193545,0.014468483592038846,70.97057961098622,243.49428571428572,225.8295238095238
2020-06-10,243.79,250.28,242.0,247.78,431285.61715,0.016193038640421677,0.011451194139309933,69.9666295884316,243.96,227.6295238095238
2020-06-11,247.78,250.09,226.2,230.51,816456.89161,-0.07224701024400662,0.030527891821015597,54.940521872601686,242.1457142857143,229.14238095238093
2020-06-12,230.46,239.38,228.19,237.55,446515.34124,0.030083882189344102,0.0334639624630191,57.615953798953264,241.79142857142855,230.58
2020-06-13,237.55,238.73,234.66,238.11,253797.7809,0.0023546241379635777,0.03326855367996451,46.860504581966296,241.24428571428572,232.08047619047616
2020-06-14,238.13,238.59,229.83,231.77,304943.21188,-0.02698725115642562,0.03385573717182616,50.121006776379474,239.41714285714286,233.59809523809525
2020-06-15,231.74,233.55,218.27,230.86,875026.92057,-0.003934034427702026,0.03327282327922562,37.01599641201976,237.19714285714286,234.86999999999998
2020-06-16,230.86,236.0,228.7,235.3,499194.66758,0.019049829546550583,0.034926614699384594,48.01841802335142,235.98285714285717,236.50857142857143
2020-06-17,235.31,237.3,227.65,233.82,478187.2917,-0.00630970715464397,0.033655884231789474,40.35688536409516,233.98857142857145,237.7242857142857
2020-06-18,233.82,234.65,227.93,231.27,334347.79917,-0.010965729439392263,0.0190428481294759,39.47461212976024,234.09714285714287,238.2509523809524
2020-06-19,231.26,231.95,226.74,229.0,397284.59808,-0.009863855585040906,0.014009703923698191,40.11825837663501,232.8757142857143,238.64761904761906
2020-06-20,229.0,230.85,225.62,228.89,303704.98826,-0.0004804647496826767,0.013792973919612624,37.91890390668395,231.55857142857144,237.94428571428574
2020-06-21,228.88,231.49,227.11,228.04,256305.23734,-0.0037204866411758575,0.01010112285844588,34.18836140888209,231.0257142857143,237.7761904761905
2020-06-22,228.03,246.89,227.51,243.13,749030.11114,0.06407522755056082,0.02694705815421615,47.50343563902886,232.77857142857144,237.53333333333333
2020-06-23,243.11,244.87,240.75,243.14,442296.31477,4.112941370607536e-05,0.026531732446144877,49.47535771065181,233.89857142857142,237.79190476190476
2020-06-24,243.15,249.24,231.07,234.58,921634.0534,-0.03584072803428882,0.030605842646502183,40.21932424422052,234.00714285714284,237.3185714285714
2020-06-25,234.57,235.39,227.56,232.5,613748.59348,-0.00890645606594809,0.030487342362923907,51.902849493210944,234.18285714285713,236.8085714285714
2020-06-26,232.49,233.61,227.75,229.64,628340.07007,-0.012377359727975035,0.0306476709900878,41.77925587196007,234.27428571428572,236.31380952380954
2020-06-27,229.66,231.42,216.0,220.94,645950.61438,-0.038621693855306935,0.034033498947222615,34.737777777777765,233.1385714285714,235.31380952380954
2020-06-28,220.94,227.96,218.32,224.93,444766.56881,0.01789807124407853,0.03513724741222646,43.65491651205937,232.6942857142857,234.3790476190476
2020-06-29,224.89,229.96,221.26,227.93,597915.52242,0.013249321582838747,0.022019758803033602,47.383461332380776,230.52285714285716,233.49952380952385
2020-06-30,227.98,228.7,222.91,225.6,415036.02977,-0.010275044647142581,0.021638344445919264,40.998515219005185,228.01714285714283,232.63285714285715
2020-07-01,225.59,232.71,224.16,230.99,517351.58865,0.023610899917558843,0.02179112136551526,47.551479494722294,227.50428571428571,231.83333333333334
2020-07-02,230.99,232.01,222.87,226.46,592485.91115,-0.01980609065556911,0.02271957544985101,45.976242262004355,226.64142857142858,231.6404761904762
2020-07-03,226.46,228.13,223.97,224.87,314578.5004,-0.007045871437151933,0.022470554515674833,46.50533085124387,225.96,231.0366666666667
2020-07-04,224.86,230.71,224.43,229.17,307726.46593,0.01894162877263628,0.017168599539875727,50.2212389380531,227.1357142857143,230.61095238095237
2020-07-05,229.24,229.85,223.05,227.56,355747.12006,-0.007050146338931328,0.016681857696874178,49.62523422860713,227.51142857142855,230.41047619047617
2020-07-06,227.54,242.0,226.93,241.6,864817.507,0.05986952617821327,0.02772841000471053,48.78552151135101,229.46428571428572,230.92190476190478
2020-07-07,241.6,243.77,234.4,239.39,600424.97209,-0.009189444903626248,0.02760985157020733,47.1237919926369,231.43428571428572,231.11666666666665
2020-07-08,239.39,248.88,237.78,246.95,958185.83708,0.03109186582960024,0.028426055648006945,59.63545723632963,233.71428571428572,231.74190476190475
2020-07-09,246.94,247.9,237.88,241.98,647641.58291,-0.02033080887330209,0.028516899694278775,57.066189624329155,235.93142857142857,232.25190476190477
2020-07-10,241.97,242.16,235.72,241.26,455025.12385,-0.002979887976094124,0.028163656074375636,58.94672004927625,238.27285714285713,232.8357142857143
2020-07-11,241.27,241.67,237.54,239.19,294476.00626,-0.00861697495472381,0.02863584259482152,65.64911678957297,239.70428571428573,233.32619047619045
2020-07-12,239.19,244.0,236.52,242.79,469315.1172,0.014938656993206505,0.02815315415357842,65.417817679558,241.87999999999997,234.0285714285714
2020-07-13,242.76,245.33,237.33,239.5,604093.04245,-0.01364345532475022,0.018009457994984403,59.93815495619309,241.57999999999998,233.8557142857143
2020-07-14,239.5,242.09,237.0,240.44,426320.89188,0.0039171613199912945,0.017725184893634578,63.05878211897221,241.73000000000002,233.72714285714287
2020-07-15,240.45,241.45,236.83,238.61,368350.66518,-0.007640158237027679,0.011625283359887134,57.153586180998886,240.53857142857143,233.91904761904763
2020-07-16,238.59,239.39,230.02,233.57,587161.73894,-0.0213486018845483,0.011854435209814601,56.61149339780547,239.33714285714285,233.97
2020-07-17,233.58,234.84,231.65,232.67,325600.21444,-0.003860677410183567,0.01183341489635403,57.3474001507159,238.10999999999999,234.1142857142857
2020-07-18,232.66,236.8,232.32,235.67,341356.6182,0.012811380760802054,0.013456240530359414,56.276554654306686,237.60714285714286,234.81571428571428
2020-07-19,235.67,239.92,233.28,239.11,348803.52073,0.014491175694506546,0.01336244150743792,60.77224398433128,237.08142857142857,235.49095238095236
2020-07-20,239.12,239.72,234.05,236.01,396657.91938,-0.01304952008524958,0.013279160106110768,43.44973048980548,236.58285714285714,235.87571428571425
2020-07-21,236.0,246.66,235.57,245.59,637462.08074,0.03978930182240497,0.02078653849081494,56.19504396482815,237.31857142857143,236.82761904761907
2020-07-22,245.53,269.61,241.51,263.74,718417.68296,0.07130029054788732,0.03227387817738528,63.84628071911595,240.90857142857143,238.38714285714286
2020-07-23,263.75,279.98,259.7,275.3,1068774.57879,0.04289764276900866,0.02945718697717316,74.78429038976495,246.87000000000003,240.71285714285716
2020-07-24,275.31,287.34,266.0,279.15,926033.06692,0.013887859607807657,0.027403621513564135,76.92963752665244,253.51,243.297619047619
2020-07-25,279.15,308.94,279.09,305.26,1058927.30554,0.08941460073060663,0.035383906539257846,84.99841084860682,263.45142857142855,246.9209523809524
2020-07-26,305.31,318.75,299.0,311.0,1270368.753,0.01862903969225816,0.03497818768858578,85.33098518595254,273.7214285714286,250.8942857142857
2020-07-27,311.02,333.31,310.78,321.93,1636122.34727,0.034541218427911684,0.027281763405919816,89.56513391571467,285.9957142857143,254.7195238095238
2020-07-28,321.95,326.8,305.86,316.77,1093231.55578,-0.0161581721206131,0.03572862004912634,85.21081280560934,296.1642857142857,258.4042857142857
2020-07-29,316.77,325.0,312.38,317.71,792802.32148,0.002963058529013788,0.03387833893542948,86.79069767441855,303.8742857142857,261.7738095238095
2020-07-30,317.76,342.0,314.05,334.87,1008827.56698,0.052603379793376634,0.03484160588039927,92.34241765591034,312.38428571428574,266.1971428571428
2020-07-31,334.82,349.45,328.4,346.33,948088.44982,0.03364968093680153,0.03430566872108666,93.65493931479487,321.9814285714286,271.20047619047614
2020-08-01,346.32,392.67,343.07,387.0,1440843.34203,0.11103261528405725,0.04081635197243474,95.07893952934165,333.65857142857146,278.23904761904765
2020-08-02,387.01,415.85,325.0,372.42,2324909.09616,-0.03840244337616544,0.04920195537882623,87.23951058718363,342.4328571428572,284.41190476190474
2020-08-03,372.45,398.0,366.5,385.94,1191565.09389,0.035659667314593343,0.04923707675167557,89.57816377171216,351.57714285714286,291.3852380952381
2020-08-04,385.91,402.98,380.77,389.61,1180792.42379,0.009464321821898712,0.04646296509154399,89.2425068119891,361.9828571428571,298.4885714285714
2020-08-05,389.59,407.0,384.11,400.72,1124119.0672,0.028116690259252897,0.04501255526760199,88.81332879972798,373.8414285714286,306.2080952380952
2020-08-06,400.72,403.66,390.51,394.77,821379.08397,-0.014959612219202561,0.047332511905082454,84.96341820310211,382.3985714285714,313.8842857142857
2020-08-07,394.77,398.26,362.85,379.34,1041207.35946,-0.03987041627398264,0.05257391829005113,77.45984761278297,387.1142857142857,320.86857142857144
2020-08-08,379.34,397.05,375.79,397.03,623029.78053,0.04557894402662082,0.03517535243985435,76.36917418539161,388.54714285714283,328.552380952381
2020-08-09,397.05,400.0,383.36,390.14,594900.58133,-0.01750619551601051,0.03172908312954401,72.59077414934916,391.07857142857137,335.7442857142857
2020-08-10,390.14,399.18,385.13,395.44,826969.90633,0.013493419931917243,0.02936853847052386,71.68052852002594,392.43571428571425,343.3361904761905
2020-08-11,395.43,398.21,367.0,379.0,992412.6023,-0.04246286391627746,0.033823464689781126,67.20867208672087,390.92,349.68904761904764
2020-08-12,378.99,389.23,365.85,387.18,751848.7983,0.021353496093377,0.032837218978040206,68.47115128955065,388.9857142857142,355.56714285714287
2020-08-13,387.18,431.49,376.59,424.54,1511330.7732,0.09211652864049456,0.04855417766927363,71.52941176470588,393.23857142857145,362.6738095238095
2020-08-14,424.54,444.71,417.05,438.11,1109670.94324,0.03146379058189895,0.0434677233663878,71.81498383723141,401.63428571428574,370.24333333333334
2020-08-15,438.12,442.94,427.02,432.32,681698.5971,-0.013303965626362815,0.043520368754644934,62.91315249601094,406.67571428571426,376.2938095238095
2020-08-16,432.3,436.99,412.47,433.62,716666.25258,0.0030025197511106315,0.041848186015056896,68.86559802712699,412.88714285714286,382.1328571428571
2020-08-17,433.61,446.0,420.37,430.89,868870.64996,-0.0063157374111036686,0.04263685686937215,64.84380159830921,417.95142857142855,387.32142857142856
2020-08-18,430.89,433.81,415.0,421.95,743254.57018,-0.020966013507865502,0.038623312800479516,60.320398263977516,424.08714285714285,392.33000000000004
2020-08-19,421.92,426.75,393.25,407.46,978339.69221,-0.034944055250220575,0.04279727358162016,52.10546045233036,426.98428571428576,396.60380952380956
2020-08-20,407.46,418.98,402.07,415.94,663555.73445,0.02059825073601981,0.023241435034427476,56.51024048219448,425.7557142857143,400.4642857142857
2020-08-21,415.94,418.68,385.1,387.97,860998.7256,-0.06961300204344363,0.029001340906859886,52.463883971906604,418.59285714285716,402.4471428571429
2020-08-22,387.93,397.04,379.92,395.24,643235.76543,0.018565158280430833,0.03208255237128879,49.45662072733897,413.29571428571427,402.8395238095239
2020-08-23,395.23,396.95,383.15,390.71,445317.81989,-0.01152757850754229,0.03135064415490804,50.17554665845395,407.1657142857143,403.7104761904762
2020-08-24,390.72,410.42,387.44,407.68,717403.81877,0.04251695612452415,0.03824957349957367,53.51683714515573,403.85,404.74571428571426
2020-08-25,407.68,409.06,370.0,382.93,970445.38395,-0.06263034809115628,0.04350104357030952,51.07771622881589,398.2757142857143,404.42761904761903
2020-08-26,382.91,392.91,377.37,385.81,738690.7794,0.007492815449008584,0.04302781586415594,49.61305993334463,395.18285714285713,403.71761904761905
2020-08-27,385.81,397.1,371.48,383.27,877763.73658,-0.006605318653611077,0.04122625090156381,35.489768651993515,390.5157142857143,403.16999999999996
2020-08-28,383.31,398.0,379.75,395.11,732601.46905,0.030424505497155314,0.03460663930841645,34.69533029612758,391.5357142857143,403.9209523809524
2020-08-29,395.1,405.69,391.88,398.65,659802.63344,0.008919631803364098,0.03405284428786417,37.82102293279317,392.02285714285716,403.9980952380952
2020-08-30,398.65,429.89,398.3,428.94,894979.71788,0.07323321005831106,0.04272667070829606,48.60064585575888,397.48428571428576,405.8457142857143
2020-08-31,428.94,439.0,418.04,433.79,1040748.68881,0.011243497022514051,0.040756466458196465,50.856265501358216,401.2142857142857,407.6719047619048
2020-09-01,433.8,488.84,429.03,475.4,1751354.57719,0.09159600889676413,0.03719406801590962,63.22954309192614,414.42428571428576,412.26238095238097
2020-09-02,475.4,481.39,420.0,439.5,1880642.46853,-0.07851883780086184,0.05577966634828478,57.17035180377764,422.0942857142857,414.75380952380954
2020-09-03,439.5,450.7,372.0,381.4,2408569.34151,-0.14178902395891302,0.08281553424549985,43.674919425725165,421.82714285714286,412.69952380952384
2020-09-04,381.35,400.21,357.0,385.26,1806488.22474,0.01006973786769345,0.08189280889904853,49.45567026875024,420.42,410.18285714285713
2020-09-05,385.3,395.0,308.42,335.01,2777166.51389,-0.13975804890820162,0.09614317169547212,39.68346408139495,411.32857142857137,405.54904761904766
2020-09-06,335.04,360.0,316.1,352.8,2017811.14721,0.05174094200682596,0.09277309941453794,43.7887079332831,400.45142857142855,401.70047619047625
2020-09-07,352.85,358.51,323.0,353.59,1740618.42462,0.0022367256879634143,0.09220015372063897,40.64154469012768,388.9942857142857,398.0195238095238
2020-09-08,353.59,356.58,325.38,337.39,1400246.82962,-0.04689851855933938,0.07526151830124617,41.88061617458279,369.27857142857147,393.99285714285713
2020-09-09,337.41,359.0,330.51,350.85,879760.56255,0.03911925043703737,0.0805188057274478,43.99353996288915,356.6142857142857,391.29714285714283
2020-09-10,350.85,377.25,349.91,367.93,1134287.61137,0.047533920985706406,0.06845973251297774,47.48985469302265,354.69,389.0109523809524
2020-09-11,367.93,375.27,355.49,373.63,844017.59966,0.015373300232695442,0.06868504759628345,46.4130652595017,353.0285714285714,388.3280952380953
2020-09-12,373.62,388.57,364.73,387.78,766542.31635,0.037172165586159454,0.03471972344601177,48.24694384414411,360.56714285714287,387.97285714285715
2020-09-13,387.78,390.43,350.0,366.42,989195.69047,-0.05665795203976063,0.042066459801391086,39.6180670873464,362.5128571428572,386.8161904761905
2020-09-14,366.43,384.64,355.73,377.12,1042059.62265,0.02878322272472259,0.04292050574379042,40.768854862355425,365.8742857142857,385.36095238095237
2020-09-15,377.12,382.47,362.34,364.06,883856.33005,-0.0352447499700682,0.04054179917666632,30.003591954022994,369.6842857142857,384.46238095238095
2020-09-16,364.05,373.45,355.0,365.11,841709.98939,0.0028799888249770216,0.038600347019466595,34.72798193389447,371.7214285714286,383.4766666666667
2020-09-17,365.04,394.14,363.3,389.36,1256300.411,0.06430568748246898,0.04200113851639685,51.89794945159753,374.78285714285715,383.76666666666665
2020-09-18,389.35,392.58,375.33,384.39,804194.47219,-0.01284670333560439,0.0425361769778736,49.79365305251174,376.32000000000005,383.25619047619045
2020-09-19,384.4,388.72,377.0,385.25,570908.33553,0.002234812010630659,0.03997544437180454,65.56188824185355,375.9585714285714,382.61809523809524
2020-09-20,385.25,385.45,365.0,371.04,693164.40144,-0.0375826006930036,0.03599592260018116,55.778003041054234,376.61857142857144,379.86095238095237
2020-09-21,371.04,376.8,331.0,340.36,1283946.03098,-0.08630599252586497,0.0463937477867746,46.476322377883136,371.3671428571428,375.41190476190474
2020-09-22,340.31,346.91,335.34,344.21,842731.12878,0.01124805525029054,0.04628205957826287,51.94434941270385,368.53142857142853,369.1647619047619
2020-09-23,344.18,344.65,313.29,320.72,940904.49756,-0.07068346789739553,0.051459581281905316,41.87476403645974,362.19,363.50857142857143
2020-09-24,320.72,353.1,316.67,348.97,1071705.09721,0.08441749028802611,0.057106222166582475,45.17753586326178,356.42,361.9642857142857
2020-09-25,348.97,358.0,337.58,351.92,860643.77924,0.00841791841818661,0.057840787518218126,44.39973172367539,351.78142857142853,360.37666666666667
2020-09-26,351.93,356.4,345.88,353.92,530879.20755,0.005667021853450953,0.058001900143344824,40.68141787758697,347.30571428571426,361.2771428571429
2020-09-27,353.95,362.14,347.24,357.49,569568.55041,0.01003649082095064,0.05730575625520221,47.275611690768194,345.37,361.5004761904762
2020-09-28,357.58,368.2,351.7,353.96,757758.4304,-0.0099234773157165,0.04533554653142721,42.61102603369065,347.31285714285724,361.51809523809527
2020-09-29,353.91,360.63,350.45,359.79,585143.16892,0.01633661551259001,0.04548181876408555,48.57181082346646,349.5385714285715,362.5847619047619
2020-09-30,359.78,361.5,351.56,359.83,498943.23226,0.00011116978416697862,0.03110206115164213,48.22198275862068,355.1257142857143,363.01238095238097
2020-10-01,359.83,370.45,345.51,352.85,758349.31959,-0.019588660249067243,0.012485527904959217,36.08718847648807,355.68,362.2942857142857
2020-10-02,352.83,354.55,334.24,345.6,733571.84211,-0.020761000516938747,0.014526064868493832,35.47082178440333,354.77714285714285,360.9595238095238
2020-10-03,345.6,351.0,343.7,345.95,303595.71901,0.001012219014919437,0.014187743975803635,35.223341855918164,353.6385714285715,358.96761904761905
2020-10-04,345.94,354.45,343.81,352.37,343932.91712,0.01838750395991022,0.015755972464669886,42.54333413211916,352.90714285714284,358.29857142857145
2020-10-05,352.34,356.1,348.54,353.62,376740.30692,0.0035411303452131263,0.015455121446861366,56.92355889724311,352.85857142857145,357.17952380952386
2020-10-06,353.63,355.1,336.8,340.75,640063.26951,-0.03707381967330129,0.018790766854728913,48.34892154991411,350.1385714285714,356.0695238095238
2020-10-07,340.8,342.85,332.18,341.58,541928.86376,0.00243284161440357,0.018972613292628403,62.70092547491473,347.53142857142853,354.94904761904763
2020-10-08,341.58,353.32,334.21,350.95,631794.8756,0.027061850985385043,0.021951650064693306,51.565464895635635,347.26000000000005,353.12
2020-10-09,350.94,368.33,347.32,365.02,650478.19338,0.03930838342544397,0.02443552635685656,58.80849919311456,350.0342857142858,352.197619047619
2020-10-10,365.01,378.4,364.71,370.52,591005.32129,0.014955277783952257,0.02435720879993733,60.66015926021062,353.5442857142857,351.49619047619046
2020-10-11,370.51,377.6,368.87,374.16,373318.23779,0.009776089031804207,0.024067044165880555,60.69549595791096,356.65714285714284,351.6447619047619
2020-10-12,374.17,394.8,365.58,386.51,844422.65444,0.03247422749635573,0.02550088864865805,68.76080691642653,361.35571428571427,353.84238095238095
2020-10-13,386.51,387.75,374.51,381.04,645141.91394,-0.01425338442138165,0.01860197332538903,62.29887718485937,367.1114285714286,355.5961904761905
2020-10-14,381.05,387.41,373.13,378.69,569557.82936,-0.006186428059725072,0.01988782924529518,60.631341600901926,372.4128571428572,358.3566666666667
2020-10-15,378.69,381.79,369.85,377.64,634038.09453,-0.0027765675685641512,0.020002464400641445,64.97523257218796,376.2257142857143,359.72190476190474
2020-10-16,377.63,379.83,361.18,365.5,654029.36404,-0.03267508167448254,0.021175308517962815,61.350673054985165,376.2942857142857,360.36857142857144
2020-10-17,365.5,370.46,363.36,368.32,285578.24537,0.007685846343684527,0.020497781342136392,62.40985243537114,375.97999999999996,361.0542857142857
2020-10-18,368.31,378.64,367.1,378.11,323468.47095,0.02623303304324833,0.022740807380077013,63.76470588235295,376.5442857142857,362.0361904761905
2020-10-19,378.12,384.32,372.5,379.3,577252.90265,0.0031422901180872343,0.01836330181458243,63.74143835616439,375.5142857142858,363.24285714285713
2020-10-20,379.3,380.73,365.27,368.52,617309.81677,-0.02883246445412198,0.020585659521017072,65.19978106185002,373.7257142857143,363.6585714285714
2020-10-21,368.53,401.49,367.74,390.38,1221663.63784,0.05762563947773333,0.03123157482635351,71.71204840718988,375.39571428571435,365.11333333333334
2020-10-22,390.31,420.73,390.21,413.98,1095897.20667,0.05869703976117985,0.03700507498040821,74.89139878366638,380.5871428571428,368.02428571428567
2020-10-23,413.94,419.33,401.3,409.11,727832.3224,-0.011833594941792215,0.033365344194553045,68.77608380887489,386.8171428571428,371.04857142857145
2020-10-24,409.19,416.66,407.0,412.14,419236.87106,0.007379028915992946,0.033378442707683226,68.10509831216285,393.07714285714286,374.2004761904762
2020-10-25,412.14,417.4,402.5,405.86,415586.9761,-0.01535482490502241,0.034930734826111094,63.48018370471168,397.0414285714286,376.747619047619
2020-10-26,405.85,411.11,382.3,392.52,895142.67266,-0.03342078121052994,0.038680082006175585,52.5343678839504,398.92999999999995,378.59999999999997
2020-10-27,392.52,410.25,389.9,403.45,754261.74114,0.02746507295622274,0.036276864281085126,59.034104652100275,403.92,381.58571428571423
2020-10-28,403.41,409.2,380.52,388.23,855275.46882,-0.0384546167928271,0.03469216152435044,53.48429510591674,403.6128571428572,383.8071428571428
2020-10-29,388.22,393.72,380.52,387.13,573096.01416,-0.002837393566833842,0.02289818940779184,53.46476816356335,399.77714285714285,385.53000000000003
2020-10-30,387.12,391.97,373.29,382.49,771750.74746,-0.012058044800868684,0.022902028561333675,56.562379297025885,395.9742857142857,386.3619047619048
2020-10-31,382.59,394.88,379.9,386.46,467453.8105,0.010325860652868219,0.023290191415210378,56.944869831546704,392.3057142857143,387.12095238095236
2020-11-01,386.44,398.29,384.61,396.67,438952.95565,0.026076330976647653,0.026505166157454223,57.0828881086857,390.9928571428572,388.1928571428572
2020-11-02,396.68,404.5,377.92,383.02,779968.57957,-0.035017493625088485,0.026812951900294948,51.29634792305547,389.6357142857143,388.02666666666664
2020-11-03,383.01,390.0,370.23,387.88,752954.37114,0.01260880629793201,0.024436084042678885,57.03692933992439,387.41142857142853,388.35238095238094
2020-11-04,387.88,408.39,376.47,402.49,1157064.35076,0.03697423839314045,0.02417457182402024,54.646611925408635,389.4485714285714,389.4857142857143
2020-11-05,402.5,420.4,396.14,416.69,1475139.77342,0.034672288230809624,0.02618202609590584,51.120668265652135,393.67142857142863,391.3452380952381
2020-11-06,416.73,458.27,414.76,455.91,1682440.96026,0.08995288155332784,0.03747864330166833,65.07149297951823,404.15999999999997,395.6504761904762
2020-11-07,455.91,468.28,424.14,435.21,1653416.5961,-0.046466748394703127,0.046312178674786576,56.670329034869596,411.1242857142857,398.83571428571435
2020-11-08,435.2,460.1,431.99,454.3,840908.46841,0.04292909954643718,0.04729206002473328,63.039732960051666,419.35714285714283,402.4638095238095
2020-11-09,454.29,459.1,433.09,444.32,1099213.24641,-0.022212749206868294,0.04503092529907521,64.20111854369995,428.1142857142857,405.56
2020-11-10,444.32,455.0,438.7,450.34,866872.41108,0.013457829473024563,0.045005038593473254,63.210683495802094,437.0371428571429,409.4561904761905
2020-11-11,450.34,476.25,449.28,463.09,1205782.84262,0.027918566613755066,0.04460878987291962,71.3885714285714,445.6942857142857,412.91857142857145
2020-11-12,463.09,470.0,451.2,462.39,990776.62912,-0.001512728818530903,0.04472645041553472,71.5521191294387,452.22285714285715,415.22380952380945
2020-11-13,462.48,478.01,457.12,476.43,976665.09752,0.02991211696392684,0.031822854696107,75.52717391304346,455.1542857142857,418.42952380952386
2020-11-14,476.42,477.47,452.0,460.89,735252.7854,-0.03316140497998663,0.028354983601613034,69.0289921767142,458.8228571428571,420.7509523809523
2020-11-15,460.9,462.89,440.19,448.08,665217.56671,-0.02818761490910145,0.026514331925724815,62.9711863551496,457.9342857142857,422.76142857142855
2020-11-16,448.07,466.0,445.45,460.55,812060.44638,0.027449639532667772,0.02683720050480153,69.67866389156809,460.2528571428571,426.0009523809524
2020-11-17,460.51,484.88,459.8,482.15,1151573.37456,0.04583384152214885,0.030982330969444062,72.05352547606792,464.79714285714283,429.7485714285714
2020-11-18,482.11,495.31,456.6,478.41,1477696.29116,-0.007787163528402725,0.030426908266294364,68.71241250123238,466.9857142857142,434.04285714285714
2020-11-19,478.43,480.75,464.86,471.25,817418.52685,-0.015079366665770106,0.0313042673756322,63.93116127055458,468.25142857142856,438.04857142857145
2020-11-20,471.26,514.4,470.65,510.12,1516361.90736,0.07925725339647866,0.042133278972347615,63.86657799150764,473.0642857142857,444.12619047619046
2020-11-21,510.12,553.32,502.82,552.35,1548851.29067,0.07953591115958518,0.044465641119606464,76.99078341013825,486.13000000000005,452.02571428571434
2020-11-22,552.42,580.88,511.28,560.03,1850317.93581,0.013808450404584349,0.038373758008344555,75.71379930930492,502.1228571428571,459.8047619047619
2020-11-23,560.03,610.85,550.12,608.58,2076008.84846,0.08313802089309089,0.04282182234649658,83.63777850589778,523.2700000000001,470.54571428571427
2020-11-24,608.58,623.0,585.0,604.97,1606450.49193,-0.005949504591442188,0.04596623668266784,81.98138572905896,540.8157142857143,480.8833333333334
2020-11-25,604.98,606.0,553.83,569.5,1219440.02727,-0.06042008713728028,0.05669221328696672,70.11759367792189,553.8285714285714,488.83619047619055
2020-11-26,569.38,577.14,481.0,519.83,2683460.74171,-0.09125694783968574,0.07112069874617846,59.162838182746306,560.7685714285715,493.7476190476191
2020-11-27,519.83,530.62,493.72,518.68,1088064.28114,-0.002214712366867659,0.06507396172417262,57.0287805689569,561.9914285714286,496.7366666666666
2020-11-28,518.59,547.94,506.59,537.52,900508.61431,0.035678845931211,0.05814993204602599,62.60984038176731,559.8728571428571,501.6085714285714
2020-11-29,537.5,576.9,530.32,576.3,855276.46664,0.06966238983072606,0.06447133206396607,69.43787520465708,562.1971428571429,507.41809523809525
2020-11-30,576.32,616.85,570.07,616.66,1501989.45408,0.06768946009239209,0.061510919075354685,71.82074865114197,563.3514285714285,515.624761904762
2020-12-01,616.65,635.7,560.0,585.26,2163875.81376,-0.05226162559488984,0.06489165493692027,64.02818970912355,560.5357142857143,522.0495238095239
2020-12-02,585.26,604.93,575.0,596.89,1069538.65619,0.019676648869148508,0.060337456496561415,65.78050079914756,564.4485714285714,528.4209523809524
2020-12-03,596.88,623.44,585.82,615.85,935687.91723,0.03127058557822175,0.04223840188272865,68.67252066115702,578.1657142857142,535.7285714285715
2020-12-04,615.84,620.0,565.82,567.24,1052452.78666,-0.08222093279434803,0.05833819197747874,57.19504207184964,585.1028571428571,540.0528571428572
2020-12-05,567.24,597.11,560.88,596.8,701567.95564,0.0507995542964057,0.059593598858005026,55.78369375699377,593.5714285714286,546.5247619047619
2020-12-06,596.82,607.5,583.0,601.54,602496.96339,0.007910984729755429,0.05449638799205245,55.4427923321008,597.1771428571428,553.8323809523811
2020-12-07,601.59,603.15,584.22,591.28,498329.37589,-0.01720335514267521,0.047510306536173115,47.47842817164178,593.5514285714286,560.057619047619
2020-12-08,591.27,595.0,549.22,554.94,804443.00717,-0.06342967868240751,0.04946968372453931,43.34300236847008,589.22,563.5238095238095
2020-12-09,554.92,578.08,530.43,573.09,997192.16738,0.03218277264944643,0.050826164793738624,50.50076719207701,585.8199999999999,568.032380952381
2020-12-10,573.2,575.7,548.11,558.99,608414.51466,-0.024911188536239134,0.04837086672137269,56.064172447968275,577.6971428571429,572.2104761904762
2020-12-11,558.99,560.8,535.5,544.43,768921.78317,-0.02639220810912035,0.038890137035770156,53.828540842725026,574.4385714285714,573.8442857142857
2020-12-12,544.46,574.0,543.1,568.04,573913.95311,0.042452462978501596,0.03694238077342965,54.47428604937548,570.33,574.5914285714285
2020-12-13,568.09,595.0,563.22,590.7,657794.46158,0.03911643553637746,0.040737355389792805,52.21579368498801,568.7814285714286,576.0519047619048
2020-12-14,590.81,591.48,575.6,586.29,493012.02706,-0.007493726603094527,0.04032032762044762,44.74549292363057,568.0685714285714,574.9904761904761
2020-12-15,586.29,597.2,578.58,588.64,569270.52011,0.0040002436463691185,0.029610774860541426,50.65015003462337,572.8828571428571,574.2128571428572
2020-12-16,588.78,640.0,580.71,637.18,1185588.05078,0.0792373988673141,0.03957001869693499,56.78625568468922,582.0385714285715,577.4357142857143
2020-12-17,637.18,676.25,625.76,642.7,2006130.01975,0.00862586215346231,0.035758673615569336,54.736953530221236,593.9971428571428,583.2866666666666
2020-12-18,642.71,664.61,629.4,653.85,1000012.98018,0.017199914975270656,0.029613850989179322,67.60723724334213,609.6285714285714,589.7233333333334
2020-12-19,653.76,669.95,645.42,658.03,858803.88459,0.006372555638657232,0.029445445616701427,63.8799474089858,622.4842857142858,595.4619047619047
2020-12-20,658.05,661.39,621.01,638.18,823958.22843,-0.030630147776589726,0.033778447573880134,57.77325186693821,629.2671428571429,598.4085714285713
2020-12-21,638.1,648.0,595.9,607.58,843251.16565,-0.04913652142708067,0.0405714719170482,53.18334505116788,632.3085714285714,597.9761904761905
2020-12-22,607.68,637.73,588.0,636.45,918851.25654,0.046422006528945556,0.043446998783684444,66.39710319855158,639.1385714285715,600.4138095238095
2020-12-23,636.41,638.44,551.28,585.56,1208807.36518,-0.08333720601323273,0.04442955109376018,52.216573642859665,631.7642857142857,599.8742857142856
2020-12-24,585.48,615.02,565.43,612.31,886335.86333,0.04467003591079995,0.04907368433188736,59.06987820643667,627.4228571428572,599.7057142857143
2020-12-25,612.31,634.24,604.28,626.82,798009.62915,0.023420727863460878,0.049636376008647315,64.01714927353773,623.5614285714286,602.5428571428571
2020-12-26,626.78,652.91,615.26,637.44,958585.50647,0.016800736878707048,0.050223713342594775,62.35315058739765,620.62,604.4780952380953
2020-12-27,637.44,717.13,625.0,685.11,1859968.15029,0.07211925435543146,0.05600977960784077,65.43100912032949,627.3242857142858,608.457619047619
2020-12-28,685.1,748.09,681.04,730.41,1627154.39266,0.06402661100357473,0.05225561802922239,70.77854671280276,644.8714285714286,615.0828571428572
2020-12-29,730.4,740.78,689.2,732.0,1106876.35855,0.0021744936461266283,0.052092275603594224,70.71436828112357,658.5214285714286,623.5142857142857
2020-12-30,732.0,758.74,716.62,752.17,1008574.09906,0.02718184826973824,0.02553973002283173,68.09897062989894,682.3228571428572,632.0419047619047
2020-12-31,752.17,755.74,722.0,736.42,863375.57981,-0.02116175408829565,0.03280404646929602,64.29094236047575,700.0528571428571,640.4909523809523
2021-01-01,736.42,749.0,714.29,728.91,675114.09329,-0.010250340545636229,0.03565284184031947,61.574045519027926,714.6371428571427,649.2757142857142
2021-01-02,728.91,787.69,714.91,774.56,1352618.57668,0.06074485859426622,0.03843620241899344,65.93115139583846,734.2257142857143,659.11
2021-01-03,774.44,1011.07,768.71,978.28,2813603.88615,0.23350080143632587,0.08706440823593396,80.94068413391558,776.1071428571428,677.5661904761904
2021-01-04,978.33,1162.97,890.0,1041.43,4245010.94004,0.06255412006085227,0.0870291453269061,87.26273297260155,820.5385714285713,699.2395238095238
2021-01-05,1041.45,1134.6,974.45,1099.56,2706995.67525,0.05431533107655984,0.08437685431443527,87.87229518653604,873.0471428571428,723.5690476190475
2021-01-06,1100.16,1213.0,1057.26,1208.42,2390136.59334,0.09440362142142147,0.08409285881234274,96.5251426693358,938.2257142857143,750.7709523809523
2021-01-07,1208.75,1289.0,1131.0,1224.87,1972922.82059,0.013520994711918555,0.07884025746003681,96.47083813801056,1008.0042857142859,778.4933333333333
2021-01-08,1224.86,1273.75,1065.0,1216.93,2131172.92341,-0.006503422053272033,0.0781934066220755,95.21846408484164,1077.7214285714285,805.3066666666666
2021-01-09,1216.72,1304.37,1171.36,1276.0,1448871.11514,0.047398891059545104,0.07870926934160875,95.54896142433236,1149.3557142857142,834.7338095238096
2021-01-10,1276.0,1348.33,1170.0,1254.25,1951179.35003,-0.017192400540372875,0.04025132613129329,92.15602038397726,1188.7800000000002,864.0704761904761
2021-01-11,1254.24,1260.0,915.0,1087.01,4099450.90046,-0.1431069766534545,0.07620916248596225,72.37195412682878,1195.2914285714287,886.9004761904762
2021-01-12,1087.0,1150.02,1006.33,1050.16,2302645.34052,-0.03448827421575572,0.07421430373866286,69.11467845813709,1188.234285714286,906.6009523809523
2021-01-13,1050.36,1137.65,987.48,1129.89,1564202.39081,0.07317774934014597,0.06969741997578534,71.17739403453692,1177.0157142857145,932.5214285714285
2021-01-14,1129.79,1247.55,1086.7,1231.62,1555737.38556,0.0862100931218444,0.07856677030494894,75.32266972120519,1177.98,962.012380952381
2021-01-15,1231.89,1256.98,1069.42,1168.53,1944038.83738,-0.05258382736684979,0.08116670121032905,71.27138654486336,1171.0657142857144,987.8080952380953
2021-01-16,1168.48,1298.0,1151.77,1227.83,1575384.43797,0.04950183505149615,0.08139996962426414,71.64592506279789,1164.1842857142858,1015.9219047619048
2021-01-17,1227.83,1269.02,1165.0,1232.45,1317285.00579,0.003755674500836476,0.08128333967384863,64.98802938991167,1161.07,1041.985714285714
2021-01-18,1232.5,1260.75,1182.58,1258.45,998050.11073,0.02087674680638684,0.05256439754626965,63.38373871429277,1185.5614285714287,1067.1304761904762
2021-01-19,1258.52,1438.3,1251.49,1365.36,2278852.55758,0.08153732516148945,0.05042984060391364,65.4617586150732,1230.5900000000001,1097.290476190476
2021-01-20,1365.36,1407.93,1235.42,1376.99,2219137.62144,0.008481827427658765,0.04869937871396379,61.05652556046753,1265.8899999999999,1127.0438095238096
2021-01-21,1376.72,1390.0,1086.0,1110.96,2310208.57298,-0.21467545114703554,0.09742738468428727,44.37142377135855,1248.652857142857,1144.8790476190475
2021-01-22,1111.98,1273.79,1042.31,1232.62,2020593.21673,0.10391747886940719,0.10495852177448729,50.69695542861204,1257.8085714285714,1168.865238095238
2021-01-23,1232.61,1272.44,1195.9,1233.6,1009545.08258,0.0007947385485328255,0.1033215883476415,48.014088729016784,1258.6328571428571,1190.7242857142858
2021-01-24,1233.46,1398.83,1220.0,1392.51,1510879.53817,0.1211711502951343,0.11298501403535496,55.738453365209025,1281.4985714285715,1210.4495238095237
2021-01-25,1392.19,1475.0,1293.69,1317.88,1885441.31289,-0.055083489227751255,0.11620223956510888,60.380191894395146,1289.9885714285715,1223.6138095238098
2021-01-26,1317.6,1378.49,1244.56,1365.97,1682923.65799,0.03584041408047057,0.11251526561210402,64.0571169134077,1290.0757142857144,1236.3
2021-01-27,1366.54,1373.9,1207.0,1239.03,2009772.08358,-0.09753598354584739,0.11818578898066548,54.662030550524555,1270.3671428571429,1237.757619047619
2021-01-28,1238.93,1360.0,1217.23,1329.69,1365269.71962,0.07061701692996554,0.08132899053292746,54.22916037776533,1301.6142857142856,1242.7490476190476
2021-01-29,1329.44,1436.9,1285.35,1379.5,2253963.18682,0.03677528231630388,0.07421104796713102,59.20325955137545,1322.597142857143,1250.490476190476
2021-01-30,1379.56,1406.0,1326.41,1378.05,1040042.2363,-0.0010516582717556365,0.07427769450453078,56.901462805057335,1343.232857142857,1255.35
2021-01-31,1378.04,1380.74,1281.12,1312.55,958704.85571,-0.0486976464073162,0.060613754437435344,53.48503306648102,1331.81,1258.1261904761905
2021-02-01,1312.45,1377.99,1269.99,1374.17,1096397.91862,0.04587810249698651,0.059671942313588314,54.883442210631145,1339.8514285714286,1271.8004761904763
2021-02-02,1374.09,1547.9,1360.28,1511.87,1944227.99878,0.09549738273185211,0.06828656196360158,56.026192611117054,1360.6942857142858,1293.7866666666666
2021-02-03,1511.93,1669.35,1508.39,1664.49,1535869.88801,0.096171474979772,0.05281586840400355,60.59634380067817,1421.4742857142858,1319.2438095238094
2021-02-04,1664.67,1695.2,1554.44,1595.67,1646502.32962,-0.042225059473644654,0.05948576835546091,70.90366485824443,1459.4714285714288,1336.5795238095238
2021-02-05,1595.53,1760.49,1591.0,1719.19,1194123.29946,0.07455953893923797,0.06227031985019281,70.95026910656621,1507.9985714285715,1362.8014285714287
2021-02-06,1718.95,1743.67,1642.94,1676.35,1149808.33101,-0.025234438863582294,0.06498545599964244,68.40022940545752,1550.612857142857,1384.1595238095238
2021-02-07,1676.35,1693.0,1490.46,1611.62,1281734.86814,-0.03937892652140006,0.06322417399137488,59.879343150604626,1593.337142857143,1402.2152380952382
2021-02-08,1611.46,1775.57,1563.89,1750.15,1339777.09536,0.08246161426252417,0.06625978002224654,68.42850199943724,1647.0485714285714,1425.6295238095238
2021-02-09,1749.68,1821.88,1708.49,1769.13,1185071.89593,0.010786401775912181,0.06078264344012149,67.62494316790821,1683.8,1444.8566666666668
2021-02-10,1769.14,1837.86,1680.0,1740.78,1219932.25474,-0.016154611680890132,0.05231297983549704,74.00419086620802,1694.6985714285713,1462.1799999999998
2021-02-11,1740.76,1819.0,1703.44,1785.62,735079.82699,0.025432405216073647,0.04789486633094506,72.81224044590766,1721.8342857142857,1494.3066666666666
2021-02-12,1785.83,1864.88,1739.88,1840.26,909600.20653,0.030141172127228267,0.04134891472167428,72.94301591411555,1739.1299999999999,1523.2419047619048
2021-02-13,1840.24,1871.72,1765.0,1814.96,767589.07285,-0.013843437079733154,0.03994420802829819,71.25069310012742,1758.9314285714286,1550.9257142857143
2021-02-14,1815.25,1850.0,1784.11,1800.42,675261.77873,-0.008043457889004254,0.03472678085694041,74.9669918016847,1785.902857142857,1570.35
2021-02-15,1800.03,1835.72,1655.67,1779.25,1053474.57879,-0.011828043820220503,0.019536326299002954,71.62548847936107,1790.06,1592.3200000000002
2021-02-16,1779.33,1827.28,1724.0,1781.99,817493.47513,0.0015387901633503094,0.019180647254736182,66.84838202639654,1791.8971428571426,1612.1304761904762
2021-02-17,1781.99,1855.0,1733.01,1849.88,795711.63311,0.037390054760958566,0.0216950383228609,62.930156648858265,1807.4828571428573,1641.2185714285713
2021-02-18,1849.7,1950.5,1849.69,1939.61,937227.10191,0.04736614981642389,0.025726523211485983,73.30848468419623,1829.4814285714285,1670.2623809523807
2021-02-19,1938.91,1972.82,1891.0,1955.0,793404.4115,0.007903271499352892,0.024426876607155514,68.72488763955721,1845.872857142857,1697.6671428571426
2021-02-20,1955.46,2042.34,1803.14,1913.0,1261315.81279,-0.021717502979213217,0.025778728509439512,68.81669131561789,1859.8785714285714,1723.1409523809523
2021-02-21,1912.9,1976.31,1883.01,1933.53,756568.19743,0.010674657390529932,0.024849881102621405,77.53108803858849,1878.8942857142858,1752.7114285714283
2021-02-22,1933.54,1936.29,1551.0,1777.58,1807244.98099,-0.08409445913382413,0.04351962823757236,52.2780499958475,1878.6557142857143,1771.9214285714286
2021-02-23,1777.42,1782.39,1355.0,1577.89,2547837.82068,-0.11916437721265055,0.06251376224817302,37.78425060043947,1849.4985714285715,1775.0652380952379
2021-02-24,1577.79,1712.7,1500.2,1623.39,1384388.81727,0.028428043912497793,0.06128487092528562,42.66229950869473,1817.142857142857,1773.108095238095
2021-02-25,1623.16,1671.59,1459.16,1481.75,1032670.79409,-0.0912927337288582,0.058743917380930696,33.056395044105685,1751.734285714286,1767.6833333333332
2021-02-26,1482.08,1562.25,1400.0,1444.59,1355973.29378,-0.025398277406601846,0.05562868706450421,27.4990616789691,1678.8185714285717,1754.607142857143
2021-02-27,1444.56,1529.0,1425.0,1458.13,927423.0475,0.009329248569763962,0.05877767381261278,29.43271813434471,1613.837142857143,1744.2157142857143
2021-02-28,1458.27,1468.75,1293.18,1419.18,1410207.56284,-0.02707555282154277,0.05509977840863807,28.627169574382208,1540.3585714285714,1735.0519047619046
2021-03-01,1418.67,1572.0,1409.91,1569.86,1094695.17839,0.10090720338220756,0.07391898830363546,39.74975278786751,1510.6842857142858,1726.4666666666667
2021-03-02,1570.0,1602.9,1455.52,1486.78,1061142.38743,-0.05437373576751944,0.06223763322078198,36.60243435324445,1497.6685714285716,1713.0214285714285
2021-03-03,1486.79,1656.94,1475.47,1567.69,1054846.31471,0.052990490658437174,0.06528422532634684,37.34290199596322,1489.7114285714285,1704.7790476190476
2021-03-04,1567.68,1624.87,1506.36,1539.23,946365.67088,-0.018320906916699742,0.05406891664712272,30.997266203440034,1497.922857142857,1693.04619047619
2021-03-05,1539.22,1548.96,1441.66,1528.31,910786.28976,-0.007119741635654105,0.05275701756553367,29.66225298138245,1509.8828571428571,1678.1914285714288
2021-03-06,1528.08,1671.58,1513.03,1650.35,1013300.93928,0.07682483688188557,0.05884669622664816,38.368539922944066,1537.3428571428572,1670.3528571428574
2021-03-07,1650.68,1734.16,1630.35,1726.16,848470.78136,0.044911901618905486,0.05593793052664138,41.24526103366461,1581.1971428571428,1666.8166666666664
2021-03-08,1726.46,1843.59,1664.96,1833.18,1149711.39987,0.060152875459970855,0.04873959810947683,52.448476307909104,1618.8142857142855,1669.3847619047617
2021-03-09,1833.22,1870.77,1798.2,1870.51,857229.47855,0.020158957246936827,0.03560769811437793,65.03638082709857,1673.6328571428571,1673.6
2021-03-10,1870.5,1877.69,1757.0,1795.12,937230.62831,-0.04113924888249015,0.04359088279548872,58.56141505389208,1706.1228571428571,1670.9923809523812
2021-03-11,1795.28,1846.7,1725.0,1825.78,909011.4961,0.016935420913125228,0.040435056101671335,69.28527383821961,1747.0585714285714,1665.5719047619048
2021-03-12,1825.78,1841.88,1719.72,1766.1,869564.6361,-0.033233567266347144,0.04479605288308005,67.57903485078788,1781.0285714285712,1656.5766666666666
2021-03-13,1766.13,1944.3,1727.75,1922.35,926283.22642,0.08477467022646717,0.04652474548094757,71.95557993908321,1819.8857142857144,1657.0219047619048
2021-03-14,1922.35,1933.1,1836.0,1848.1,637963.63627,-0.03939031163708202,0.05030109439729241,69.63056531927357,1837.3057142857142,1652.9538095238095
2021-03-15,1848.1,1891.76,1730.0,1793.48,1025326.79658,-0.03000021776153359,0.04665471434522977,61.2211717950262,1831.6342857142859,1653.7109523809524
2021-03-16,1793.99,1819.5,1711.68,1805.12,764993.40147,0.0064692050214343365,0.04579489071064157,67.20793963112715,1822.292857142857,1664.5314285714287
2021-03-17,1805.01,1838.88,1741.18,1823.58,658349.44843,0.010174530410139519,0.04308839411172732,64.83368694422222,1826.3585714285712,1674.0642857142857
2021-03-18,1823.58,1850.0,1759.04,1776.08,603721.61056,-0.026392913379087828,0.04373398779203502,63.43341992127681,1819.2585714285713,1688.08
2021-03-19,1775.92,1840.61,1733.47,1809.1,500258.42875,0.018420795444552582,0.042302421505763806,65.53609171489592,1825.4014285714286,1705.437619047619
2021-03-20,1809.01,1868.83,1800.86,1806.1,451556.10639,-0.0016596595975975677,0.02265604406516768,59.925060219466495,1808.7942857142857,1722.0076190476193
2021-03-21,1806.57,1817.16,1747.0,1782.98,465953.98749,-0.012883702679304781,0.01855717449848325,53.881465693909334,1799.4914285714283,1739.3314285714284
2021-03-22,1783.23,1807.51,1655.15,1680.97,582727.49081,-0.058915114020876964,0.026524826757299443,39.53062880882615,1783.418571428571,1744.622380952381
2021-03-23,1681.17,1721.17,1650.0,1668.08,577213.99589,-0.007697743330170708,0.025651165447389025,35.59196572193197,1763.8414285714284,1753.2557142857145
2021-03-24,1668.2,1740.86,1536.92,1581.84,753834.52393,-0.05308453798669118,0.027879668112747218,35.050607003672866,1729.3071428571427,1753.9295238095237
2021-03-25,1581.88,1622.0,1549.4,1585.74,701697.00258,0.002462448917272808,0.02894432593403339,32.51915290279355,1702.1157142857141,1756.1442857142856
2021-03-26,1585.83,1699.93,1585.79,1698.84,515470.92907,0.0688944898645591,0.04223853310174214,45.45540540540541,1686.3642857142856,1764.2647619047618
2021-03-27,1698.84,1732.67,1666.41,1712.63,443845.49957,0.008084535469532356,0.04267840043197378,32.451384007765185,1673.0114285714285,1767.230476190476
2021-03-28,1712.52,1725.66,1661.4,1687.01,348895.51314,-0.015072469453262603,0.04273162146389921,35.32637408682663,1659.3014285714287,1765.3661904761907
2021-03-29,1687.16,1841.0,1677.85,1816.74,647724.46387,0.07408595493625687,0.04573317908348651,51.86372231659242,1678.697142857143,1764.5833333333333
2021-03-30,1816.76,1859.13,1786.3,1840.46,568842.00526,0.012971854211305785,0.04497854834683674,52.77786511554788,1703.3228571428572,1763.1523809523808
2021-03-31,1840.41,1947.29,1768.15,1919.37,746995.8591,0.04198146681880179,0.03444965268047832,56.87603187136601,1751.5414285714287,1769.0690476190475
2021-04-01,1919.37,1984.77,1885.02,1968.05,741585.07266,0.025046197616483582,0.032713636566451876,63.756754045261054,1806.1571428571428,1775.8438095238096
2021-04-02,1968.05,2146.0,1948.48,2133.69,846197.93215,0.08080967041185695,0.035235523821292566,69.54537243331126,1868.2785714285715,1793.348095238095
2021-04-03,2133.69,2138.12,1996.3,2008.52,770176.32192,-0.06045474277576091,0.04971687507140273,60.62549867719313,1910.5485714285714,1797.4514285714288
2021-04-04,2008.59,2091.83,1975.24,2075.69,514345.76554,0.03289549607977363,0.04685559011812888,64.68587254282187,1966.0742857142857,1808.289047619048
2021-04-05,2075.7,2130.64,2002.15,2107.38,684923.61494,0.015151841243722527,0.04263906592783679,73.01808367071524,2007.5942857142857,1823.2366666666667
2021-04-06,2107.43,2151.0,2044.65,2112.21,673386.05575,0.0022893229482022137,0.04317050318795878,74.18508151907557,2046.4157142857143,1837.86
2021-04-07,2112.22,2129.01,1930.01,1963.47,892984.90422,-0.07302147663878487,0.05383251976697078,69.45721889689912,2052.7157142857145,1844.5214285714287
2021-04-08,1963.46,2084.61,1947.35,2080.46,501355.998,0.057875707028077115,0.05736270952480776,72.61515112728335,2068.774285714286,1859.0157142857145
2021-04-09,2080.39,2100.0,2047.57,2066.87,426387.4379,-0.006553637468456162,0.047525029811376435,68.50754825148097,2059.2285714285713,1871.2904761904765
2021-04-10,2067.19,2200.0,2058.0,2133.49,655458.20894,0.03172375086109794,0.041887786663367836,70.09645688090916,2077.0814285714287,1886.8804761904762
2021-04-11,2133.49,2165.02,2113.4,2151.36,392265.50773,0.008341063797419682,0.04052224498266142,72.33848078125752,2087.8914285714286,1904.422380952381
2021-04-12,2151.42,2203.46,2102.0,2137.69,579093.35694,-0.0063743935312508965,0.0404503702291199,67.38077960337488,2092.2214285714285,1926.1709523809523
2021-04-13,2137.86,2318.0,2135.53,2299.19,782608.6209,0.07283108022698058,0.048507431941638084,71.61638723175662,2118.9328571428573,1956.2238095238095
2021-04-14,2299.19,2447.29,2281.33,2432.6,972931.60866,0.05640375720793445,0.032755364721120374,73.00303880527441,2185.9514285714286,1996.7361904761904
2021-04-15,2432.59,2543.47,2400.0,2514.04,681950.96645,0.03293037673824547,0.030578837031978476,73.77321849990855,2247.8914285714286,2040.9409523809525
2021-04-16,2514.04,2548.29,2300.0,2422.67,999163.75205,-0.0370207831812446,0.03753493458989236,63.452693518052996,2298.7200000000003,2075.4090476190477
2021-04-17,2422.38,2495.0,2310.0,2317.6,624232.25568,-0.04433807028619631,0.04479211441110376,64.66279555201335,2325.0214285714287,2104.2171428571432
2021-04-18,2317.65,2340.0,1946.8,2235.64,1475383.69204,-0.036004626931238994,0.04836075751896244,57.483040935672506,2337.0614285714287,2130.342380952381
2021-04-19,2235.65,2300.0,2080.0,2161.12,820592.26555,-0.03390093471144763,0.050555569820746916,52.41727990787886,2340.4085714285716,2146.7414285714285
2021-04-20,2161.12,2346.62,2055.0,2330.03,992240.809,0.07525453720088406,0.05113004017608175,58.53754135114372,2344.8142857142857,2170.054285714286
2021-04-21,2330.26,2469.54,2235.16,2357.06,1177885.8617,0.011533936687040168,0.045681024139902375,67.05403180380432,2334.022857142857,2190.8966666666665
2021-04-22,2357.06,2644.47,2303.44,2397.94,2220753.09746,0.01719495572334584,0.043883552394528055,64.72760335485786,2317.4371428571426,2211.367619047619
2021-04-23,2397.94,2442.89,2107.0,2367.39,2532242.44185,-0.012821952956106254,0.04201528449253187,63.72488125685056,2309.54,2222.496190476191
2021-04-24,2367.39,2368.74,2154.8,2213.35,997688.94623,-0.0672808775731172,0.04641489556859231,53.37754394275177,2294.647142857143,2232.25
2021-04-25,2214.08,2356.64,2168.0,2320.49,857517.38218,0.04727116536137015,0.04825050420391825,56.650858441670785,2306.7685714285712,2243.907142857143
2021-04-26,2320.44,2542.8,2303.64,2532.6,1076469.01367,0.08746807276063732,0.053344739723106153,63.43295258957909,2359.837142857143,2264.155714285714
2021-04-27,2532.06,2680.0,2480.29,2666.13,771728.46451,0.05138153972385659,0.050085411686779095,62.723653915503895,2407.8514285714286,2290.532857142857
2021-04-28,2666.13,2760.0,2559.44,2748.24,999383.1852,0.030332724032828818,0.050106739368626335,61.348568305696574,2463.7342857142858,2327.902857142857
2021-04-29,2748.23,2798.0,2668.0,2757.04,863890.01069,0.003196933669113188,0.05060429742977998,59.21837301406656,2515.0342857142855,2360.1209523809525
2021-04-30,2757.04,2798.3,2723.09,2772.42,695339.20482,0.005562944541741023,0.04907478559424093,64.07977263029073,2572.8957142857143,2393.718571428571
2021-05-01,2772.42,2954.28,2743.41,2944.77,690260.07741,0.06031013057980837,0.030214794609370925,73.95040135643964,2677.3842857142854,2432.350952380952
2021-05-02,2944.83,2985.0,2852.26,2949.56,571982.5445,0.0016252911032897802,0.03334600865976692,78.97073384517992,2767.2514285714287,2470.360476190476
2021-05-03,2949.33,3454.0,2949.32,3431.04,1329088.0628,0.15120741553197212,0.05312861887878888,88.73833201146971,2895.5999999999995,2531.9485714285715
2021-05-04,3431.04,3527.0,3160.0,3239.01,1826039.38558,-0.0575956946599089,0.06502570110421835,77.34234938816763,2977.44,2576.7019047619046
2021-05-05,3239.01,3549.34,3200.23,3524.26,1174816.73588,0.08440275759095238,0.06849481933292825,80.388869217471,3088.2999999999997,2628.6857142857143
2021-05-06,3524.33,3605.4,3376.47,3489.73,920592.57706,-0.009846115823277535,0.0696879981483809,78.519818817297,3192.9700000000003,2675.147142857143
2021-05-07,3489.74,3587.0,3353.23,3479.53,760544.64781,-0.002927142130709903,0.07032957289799426,79.36358739848133,3293.9857142857145,2725.4738095238095
2021-05-08,3479.79,3958.33,3449.27,3910.26,1130467.54852,0.11670664075614831,0.07696935717486753,89.09156250143982,3431.912857142857,2801.314761904762
2021-05-09,3910.26,3983.65,3726.08,3923.95,1000401.0082,0.00349493157185186,0.07681502166375852,88.6007568681451,3571.1114285714284,2881.710476190476
2021-05-10,3923.95,4208.0,3650.0,3945.88,1505897.92612,0.005573197073655093,0.05974664641788004,87.45177019291924,3644.66,2966.6990476190476
2021-05-11,3946.63,4180.22,3771.64,4173.45,1095927.10403,0.056071035288974565,0.049763579169689466,88.04749500212031,3778.151428571429,3054.480952380952
2021-05-12,4173.46,4372.72,3701.58,3823.21,1601842.74017,-0.08765264799631596,0.06278156359845714,73.89916272782654,3820.858571428572,3124.2976190476193
2021-05-13,3810.15,4034.77,3500.0,3717.91,2068708.17427,-0.027928701444750428,0.06416924938920003,70.48352782171591,3853.4557142857143,3187.153333333333
2021-05-14,3717.92,4173.28,3691.35,4075.01,1153390.42631,0.09171151823394462,0.0708478140547931,74.23702827116803,3938.5242857142853,3268.468571428571
2021-05-15,4075.02,4134.05,3632.0,3646.68,1039174.88082,-0.11105603605137421,0.0726853266831679,61.9243876500508,3900.8699999999994,3336.7223809523816
2021-05-16,3646.24,3879.0,3343.06,3582.1,1324065.65875,-0.017867944012732465,0.07247394645057957,60.531941817406825,3852.034285714286,3396.7990476190475
2021-05-17,3581.81,3587.06,3102.0,3282.51,1904012.43998,-0.08734084696477265,0.07687563116213933,47.36748822255386,3757.2671428571425,3432.5090476190476
2021-05-18,3282.25,3565.71,3240.0,3375.07,1287110.84143,0.027807691201481986,0.07244309017619581,52.49963256907701,3643.212857142857,3466.2680952380956
2021-05-19,3375.08,3441.73,1888.0,2438.92,4309836.31939,-0.32486074648231034,0.1334860119590832,33.908969607116376,3445.457142857143,3451.5385714285712
2021-05-20,2438.92,2990.05,2155.0,2768.62,2942777.9301,0.1267936827452267,0.1520198360901099,40.169371835525,3309.844285714286,3452.09
2021-05-21,2767.87,2938.54,2101.0,2430.98,2727031.93514,-0.130054532879971,0.14227776878552217,36.877082233029874,3074.9828571428575,3435.830952380953
2021-05-22,2430.98,2485.0,2145.0,2294.87,1684318.01157,-0.057618271205140875,0.14137618272700597,28.173295968912228,2881.867142857143,3404.8833333333337
2021-05-23,2295.45,2381.57,1728.74,2096.39,2914548.73125,-0.0904593791755005,0.1398978582570401,26.480974344191424,2669.6228571428574,3364.2561904761906
2021-05-24,2096.63,2675.0,2079.94,2648.43,2186632.92245,0.23375019374596437,0.18205262524399146,35.30763986873187,2579.04,3326.9890476190476
2021-05-25,2647.92,2750.0,2378.54,2705.11,2115349.50445,0.02117556530759306,0.18171455683849339,32.70302744728474,2483.3314285714287,3301.565238095239
2021-05-26,2705.1,2910.0,2643.0,2884.94,1583799.59251,0.06436152561075188,0.12890177498884853,38.48491319533933,2547.0485714285714,3271.121428571428
2021-05-27,2884.82,2889.74,2633.68,2742.23,1099029.91206,-0.050732644515115596,0.12261566419142991,38.134744010701695,2543.2785714285715,3235.5261904761905
2021-05-28,2742.23,2762.45,2327.38,2412.1,1554584.61362,-0.1282737206263049,0.12230562303578738,29.64380234690404,2540.5814285714287,3184.69619047619
2021-05-29,2412.34,2574.27,2204.1,2278.74,1379427.18851,-0.05687507874505124,0.12224870730122615,31.951202778158944,2538.2771428571427,3107.004761904762
2021-05-30,2278.74,2476.42,2180.53,2385.98,1151113.19883,0.0459872827806308,0.116344115880771,34.3939022289952,2579.6471428571426,3033.768095238095
2021-05-31,2385.82,2720.0,2271.44,2706.15,1307958.04068,0.12591701917386455,0.08636845021913224,42.5202450166113,2587.8928571428573,2974.7333333333336
2021-06-01,2706.15,2740.0,2523.74,2634.57,1179577.10806,-0.026806979763833352,0.0865967022245261,40.33748975682574,2577.815714285714,2901.4533333333334
2021-06-02,2634.31,2802.99,2550.0,2706.22,970070.53563,0.026832846435921022,0.08275164921068917,54.50406427348584,2552.284285714286,2848.2633333333333
2021-06-03,2706.21,2891.95,2662.4,2857.25,1024290.89423,0.054306796538697875,0.08347206626176863,51.58912018360139,2568.715714285714,2807.279523809524
2021-06-04,2857.25,2860.0,2552.0,2689.51,1188314.11191,-0.06050060290809493,0.06777401045197669,54.93613365155131,2608.3457142857146,2741.3033333333333
2021-06-05,2689.54,2816.87,2552.23,2627.73,961824.12413,-0.023238665269225783,0.06279242162436545,56.54097986967561,2658.2014285714286,2692.7819047619046
2021-06-06,2627.63,2745.0,2614.0,2711.92,673792.69369,0.0315365154997358,0.06204240750730203,62.66454881014596,2704.7642857142855,2651.344761904762
2021-06-07,2711.92,2847.55,2570.0,2592.05,1152128.07856,-0.045207802690552336,0.04351512960500912,48.589060842058906,2688.464285714286,2618.465714285714
2021-06-08,2592.05,2620.99,2304.91,2507.23,1693747.42759,-0.03327051034015327,0.0440911756306247,45.11672671635161,2670.272857142857,2577.1400000000003
2021-06-09,2507.43,2626.63,2405.28,2610.18,1276718.24011,0.0402406263865517,0.0460572085385347,42.95205261591816,2656.552857142857,2585.2952380952383
2021-06-10,2610.2,2624.46,2425.11,2471.09,741237.49926,-0.05475983562962982,0.04072602762047834,43.03196957236842,2601.387142857143,2571.1271428571426
2021-06-11,2471.01,2497.99,2321.37,2354.01,587364.27358,-0.04853909192677941,0.03899395153120836,48.323569305359165,2553.4585714285718,2567.461904761905
2021-06-12,2354.09,2454.53,2256.22,2370.74,767439.4984,0.007081885780932287,0.040116918181925115,52.84667557799891,2516.7457142857143,2571.074761904762
2021-06-13,2370.64,2548.41,2308.41,2509.33,715948.75986,0.0568136425416618,0.04571914956262926,53.74407352771555,2487.804285714286,2590.7385714285715
2021-06-14,2509.33,2609.17,2461.0,2580.77,684183.55622,0.028072018778686522,0.04498922464407475,45.517468216854716,2486.192857142857,2587.5166666666664
2021-06-15,2580.58,2640.0,2507.7,2543.54,599826.64933,-0.014530992500364865,0.043246557991283824,46.663587916639166,2491.38,2579.822857142857
2021-06-16,2543.55,2556.19,2351.18,2367.89,624741.78358,-0.07155754827824162,0.04725196814337413,38.47798990593861,2456.7671428571425,2555.2014285714286
2021-06-17,2368.02,2460.5,2306.0,2373.28,560667.58566,0.0022737013530689876,0.043828868661362756,31.703149219311186,2442.7942857142857,2537.632380952381
2021-06-18,2373.28,2378.0,2139.0,2234.09,778905.20197,-0.060438978275987466,0.045943993096937995,32.40262751159196,2425.662857142857,2529.155714285714
2021-06-19,2234.09,2278.82,2161.67,2164.67,496872.24997,-0.03156606142284994,0.04622522118452659,32.212439691466145,2396.2242857142855,2523.7238095238095
2021-06-20,2165.34,2280.01,2040.68,2243.47,743883.64741,0.03575584948671751,0.041353885668903426,31.930568948891022,2358.2442857142855,2516.937619047619
2021-06-21,2243.49,2260.16,1865.54,1885.49,1629819.66576,-0.17383604031182356,0.06758619072275526,26.9754164602831,2258.9185714285713,2477.8585714285714
2021-06-22,1885.27,1998.0,1700.48,1879.28,1695338.08052,-0.0032990093058491046,0.06855219294522798,28.43207968401167,2164.0242857142853,2441.8923809523812
2021-06-23,1879.29,2045.0,1821.95,1968.14,918612.30494,0.046200209547868486,0.07462428274222459,27.732613792433725,2106.917142857143,2406.7457142857143
2021-06-24,1967.95,2036.61,1884.79,1989.52,701231.67478,0.010804469300155899,0.07523802835110707,31.81313493711997,2052.094285714286,2365.425238095238
2021-06-25,1989.53,2019.99,1791.22,1808.82,858808.54767,-0.09521870463650212,0.07900717032729208,30.354504637603853,1991.3414285714284,2323.487619047619
2021-06-26,1808.97,1852.8,1717.32,1829.64,832315.14904,0.011444527214784062,0.08053774196464052,30.559188307488924,1943.48,2285.4833333333336
2021-06-27,1829.84,1984.5,1804.26,1982.28,696055.79307,0.08012847118323362,0.08747433317157732,31.25324569078971,1906.1671428571428,2250.738571428571
2021-06-28,1982.27,2145.0,1960.52,2084.41,1044244.68308,0.05023814421215937,0.05622425313537381,32.722082985240874,1934.5842857142857,2226.5652380952383
2021-06-29,2084.42,2245.0,2073.57,2165.33,831257.23277,0.038086933196143376,0.05623768783211451,37.22341208980535,1975.4485714285715,2210.284285714286
2021-06-30,2165.46,2287.78,2087.99,2275.68,910583.6032,0.049706134058565464,0.056522305016698096,46.74121247676334,2019.3828571428571,2194.3557142857144
2021-07-01,2275.68,2275.93,2073.12,2106.41,787865.25137,-0.07729383221470298,0.06778893182447882,41.54763186733135,2036.0814285714284,2176.9900000000002
2021-07-02,2106.41,2160.0,2018.5,2154.13,672282.37476,0.02240185311990071,0.05018680209564402,47.311726734803656,2085.4114285714286,2167.4719047619046
2021-07-03,2153.95,2240.0,2112.01,2226.99,569264.801,0.03326396817441365,0.04988422324534049,52.090377287608,2142.175714285714,2160.626666666667
2021-07-04,2226.99,2389.93,2189.58,2322.69,590656.25069,0.04207509883646496,0.04511145498132225,52.62745930456241,2190.805714285714,2151.7390476190476
2021-07-05,2322.69,2324.64,2157.32,2196.53,781806.31605,-0.05584715432301095,0.05164148410515596,62.19076286332425,2206.8228571428567,2133.441904761905
2021-07-06,2196.85,2350.0,2193.0,2322.5,785330.17152,0.05576534927301046,0.05377566761385644,65.88055722762061,2229.2757142857145,2122.916190476191
2021-07-07,2322.51,2409.0,2291.9,2316.57,666501.35572,-0.0025565482865500294,0.05089677874137291,63.27301817073636,2235.117142857143,2120.472380952381
2021-07-08,2316.25,2325.6,2084.79,2116.33,880265.04124,-0.0904041869515329,0.05444205909040592,54.25134604166527,2236.5342857142855,2108.236666666666
2021-07-09,2116.32,2189.4,2046.51,2146.99,738611.36304,0.014383404756169537,0.053991118008189384,62.605395975756124,2235.514285714286,2104.089047619048
2021-07-10,2146.99,2194.82,2074.16,2110.69,499071.85904,-0.01705195297545401,0.052065860470979185,60.35670855289826,2218.9,2101.5185714285712
2021-07-11,2110.68,2174.0,2081.02,2140.45,342294.40302,0.014001179053283616,0.048559292257476606,56.408988873311344,2192.865714285714,2096.612857142857
2021-07-12,2140.54,2167.83,2006.68,2031.58,540630.10742,-0.05220227186284738,0.048023251552431104,47.870977101820735,2169.3014285714285,2103.5695238095236
2021-07-13,2031.57,2047.35,1918.0,1940.15,647388.24969,-0.04604852576506507,0.03893656312900254,41.001582455523405,2114.68,2106.468095238095
2021-07-14,1940.44,2019.18,1865.0,1994.58,690505.60937,0.02766821218840126,0.043355497626224246,38.24144566217686,2068.6814285714286,2107.7271428571426
2021-07-15,1994.41,2042.88,1881.0,1919.51,645271.32563,-0.038363556727093254,0.032698932588056895,41.51303242212333,2040.5642857142855,2104.3933333333334
2021-07-16,1919.54,1965.0,1850.0,1876.26,577068.89724,-0.022789511403690434,0.030259048675247237,37.33073142263113,2001.8885714285714,2107.6047619047617
2021-07-17,1876.47,1919.19,1844.45,1899.59,430300.51578,0.012357639681334047,0.03256945689651041,34.366345143730285,1971.7314285714285,2110.9357142857143
2021-07-18,1899.5,1993.79,1877.1,1891.64,534837.63654,-0.004193895729117328,0.03052612879441411,27.534267993954202,1936.1871428571428,2106.619523809524
2021-07-19,1891.65,1919.0,1805.0,1818.73,547419.93771,-0.039305722370065674,0.028409208147056747,29.15241143361655,1905.78,2093.9680952380954
2021-07-20,1818.73,1841.34,1706.0,1786.03,786257.272,-0.018143175687965012,0.02524008904248236,16.999864670349226,1883.7628571428572,2075.90619047619
2021-07-21,1786.03,2035.23,1747.55,1995.5,1115949.82033,0.11089936588098752,0.05217626846161074,34.205063116778305,1883.8942857142858,2062.564285714286
2021-07-22,1995.5,2046.0,1947.62,2024.56,768854.3659,0.01445774749165598,0.049440027848059266,44.57104319738756,1898.9014285714286,2058.6666666666665
2021-07-23,2024.27,2130.9,1993.22,2124.25,708160.91322,0.04806640590320617,0.049431794091921555,48.75631686027434,1934.3285714285714,2057.2438095238094
2021-07-24,2124.26,2199.5,2105.58,2184.75,633075.18592,0.028082606624002943,0.04950399887928525,53.94599433089661,1975.0657142857142,2055.232380952381
2021-07-25,2184.9,2197.41,2105.93,2189.79,535630.27,0.0023042432941544413,0.04903381847515249,52.70001094451134,2017.6585714285716,2048.9038095238097
2021-07-26,2189.82,2433.65,2171.57,2228.08,1393738.163,0.01733457924346726,0.041542302065521654,61.653145459721046,2076.137142857143,2050.40619047619
2021-07-27,2227.81,2319.26,2150.5,2299.49,906359.23478,0.03154713115377506,0.03602274394943149,71.82845340784837,2149.4885714285715,2049.310476190476
2021-07-28,2299.47,2345.0,2243.15,2300.9,718202.57727,0.0006129915264366464,0.016893677652261786,69.88884271763973,2193.117142857143,2048.5642857142857
2021-07-29,2300.9,2400.0,2266.12,2382.92,499364.83496,0.03502627568090282,0.017477962502452676,79.81931199567585,2244.3114285714287,2061.2590476190476
2021-07-30,2382.93,2471.7,2315.92,2461.81,762577.28797,0.03257022532996052,0.014552066924585,86.0263083416393,2292.534285714286,2076.250476190476
2021-07-31,2461.77,2553.86,2420.68,2531.05,507601.05026,0.02773738465118003,0.01452489284656784,86.77350974865476,2342.0057142857145,2096.267619047619
2021-08-01,2531.1,2697.61,2511.24,2555.69,853495.94078,0.009688009499400239,0.013141512376591618,87.93400893438594,2394.2771428571427,2116.0409523809526
2021-08-02,2555.5,2666.0,2507.0,2606.93,726701.84952,0.01985103789973777,0.01302415635982829,96.16916588566073,2448.3985714285714,2143.438571428572
2021-08-03,2606.92,2632.44,2442.32,2509.04,792960.84375,-0.03827307394071198,0.025572003601671996,89.34576998008251,2478.3342857142857,2170.5285714285715
2021-08-04,2508.51,2772.71,2457.68,2724.78,954590.7536,0.0824874810472735,0.03589241980389253,89.41798369835472,2538.8885714285716,2205.3
2021-08-05,2724.55,2843.98,2529.91,2826.99,1307720.20654,0.03682485047539158,0.035989516865747674,90.1934462688212,2602.327142857143,2248.5133333333333
2021-08-06,2827.01,2946.75,2720.06,2891.58,825399.48637,0.02259052414762768,0.03580970716349959,89.83605195668201,2663.722857142857,2296.861904761905
2021-08-07,2891.54,3171.0,2865.5,3160.31,1205277.10095,0.08886705851891687,0.043737553507588046,91.64290470742911,2753.617142857143,2356.8961904761904
2021-08-08,3160.48,3189.99,2949.03,3011.85,966349.70579,-0.04811561615229547,0.053054638300344466,81.26273996775078,2818.782857142857,2410.2395238095237
2021-08-09,3011.84,3186.0,2893.23,3160.52,1129584.61614,0.048182063122100834,0.05380855036954036,82.71397897750397,2897.867142857143,2474.134285714286
2021-08-10,3160.51,3233.0,3051.22,3141.66,880675.74443,-0.005985248375036194,0.048335308406952736,80.67813403856943,2988.2414285714285,2538.6880952380952
2021-08-11,3141.14,3274.0,3120.27,3160.5,732546.60433,0.005978920282418204,0.043451707325100945,80.92041841124588,3050.4871428571428,2594.1642857142856
2021-08-12,3160.4,3239.0,2979.29,3045.96,737628.45808,-0.03691412051983386,0.04775533720460294,73.30479283535085,3081.7685714285712,2642.802380952381
2021-08-13,3046.11,3327.83,3033.8,3322.32,579333.40323,0.08684721165506971,0.055910706570308714,76.55878667415634,3143.3028571428576,2699.8533333333335
2021-08-14,3322.33,3330.98,3200.0,3263.16,486102.53787,-0.01796728302571902,0.047940214987975516,72.73732398303031,3157.9957142857143,2751.2061904761904
2021-08-15,3263.16,3320.0,3111.13,3307.09,565579.67765,0.013372597588089221,0.04193358109164346,73.06011465609309,3200.1728571428575,2804.410952380952
2021-08-16,3307.35,3335.0,3135.22,3146.53,635667.05422,-0.049768390285118105,0.04463255892308051,65.51876862194715,3198.174285714286,2848.1466666666665
2021-08-17,3147.18,3290.0,2991.89,3011.72,804996.06971,-0.043788914213628044,0.04757793832158119,64.15633131695446,3179.611428571429,2882.062380952381
2021-08-18,3011.73,3125.81,2950.0,3014.55,625103.25568,0.0009392211792826106,0.047403666584414916,59.27234328501486,3158.761428571429,2916.0457142857144
2021-08-19,3014.18,3188.0,2958.33,3184.12,634769.92174,0.054725390405797096,0.05025449635690853,60.955512881079315,3178.4985714285717,2954.198095238095
2021-08-20,3184.11,3300.0,3177.16,3284.82,558127.4554,0.031135900200595323,0.03839009870162268,61.80177909028703,3173.141428571428,2993.3890476190477
2021-08-21,3284.81,3309.16,3207.0,3223.43,421156.09084,-0.01886584590860062,0.038455310246341766,52.16359996709353,3167.465714285714,3026.3595238095236
2021-08-22,3223.36,3272.0,3126.42,3238.0,406479.07654,0.004509845249292537,0.0380178394982313,58.535315031061515,3157.595714285714,3058.850476190476
2021-08-23,3238.0,3377.89,3230.02,3321.28,602103.44614,0.025394395539343882,0.03287971728868786,56.38240431951722,3182.56,3092.867142857143
2021-08-24,3321.28,3357.85,3147.31,3170.62,540480.07853,-0.04642309843336153,0.033575233838220496,51.04082806210466,3205.2599999999998,3124.370952380953
2021-08-25,3170.63,3248.0,3080.0,3226.87,483697.69444,0.017585474802417882,0.03363535354200417,52.32288728204337,3235.5914285714284,3148.2799999999997
2021-08-26,3226.88,3250.0,3053.3,3093.2,442298.47372,-0.042306473411100186,0.0319501600457549,51.631508420020154,3222.6028571428574,3160.9566666666665
2021-08-27,3093.06,3280.0,3060.18,3273.45,451027.80711,0.056638320858238035,0.03759766551226334,48.19218277191242,3220.9785714285713,3179.140952380952
2021-08-28,3273.89,3287.0,3210.31,3244.48,262360.34921,-0.008889383828903476,0.03696906963435697,49.29319530209469,3223.9857142857145,3183.149047619048
2021-08-29,3244.75,3285.0,3152.34,3223.47,335806.7827,-0.006496671711105125,0.0370254500885207,46.78018051319964,3221.91,3193.2261904761904
2021-08-30,3223.47,3347.95,3143.0,3229.64,625347.27541,0.001912256843651099,0.03529669018968838,53.632017340686794,3208.818571428571,3196.5176190476186
2021-08-31,3229.14,3476.0,3188.77,3429.2,863071.13092,0.0599563219078398,0.03685230571473229,67.26722255310699,3245.758571428571,3210.21
2021-09-01,3429.19,3842.0,3382.22,3826.82,845759.95868,0.10970717328448963,0.05259769272835848,75.32534748420807,3331.465714285714,3241.9395238095235
2021-09-02,3826.82,3836.8,3717.04,3785.82,525165.7996,-0.010771663031670611,0.0469873056881878,70.3952274422073,3430.411428571428,3277.1709523809523
2021-09-03,3785.82,4027.88,3705.05,3938.11,655903.75739,0.03943840471242703,0.04572567681504637,71.39563369118811,3525.362857142857,3306.494285714286
2021-09-04,3938.11,3970.0,3832.5,3885.52,364478.1193,-0.013444089791113096,0.04633995005396302,71.80955141676932,3616.9399999999996,3336.1304761904757
2021-09-05,3885.61,3980.0,3830.0,3950.29,365759.8597,0.016532170943003768,0.044447281312401096,72.71202545772243,3720.7714285714287,3366.7590476190476
2021-09-06,3950.28,3970.0,3864.3,3926.77,397768.5783,-0.005971788941050193,0.04534039772825619,70.07153606969295,3820.361428571429,3403.913333333334
2021-09-07,3926.67,3947.15,3005.0,3434.57,1203536.00209,-0.1339254691106614,0.07318069002441374,57.1342851119268,3821.128571428572,3424.0490476190475
2021-09-08,3434.84,3560.0,3215.16,3499.0,780611.7657,0.018585477497661956,0.05671097461144825,57.32299991927021,3774.297142857143,3447.118095238095
2021-09-09,3499.01,3567.06,3390.4,3424.93,628553.8831,-0.021396179836424688,0.05678995348062503,59.222663960632765,3722.741428571429,3458.5852380952383
2021-09-10,3424.94,3514.11,3150.0,3208.86,633026.2659,-0.06516529967132847,0.05398222993063943,48.23935407546327,3618.5628571428574,3454.9680952380954
2021-09-11,3208.85,3348.37,3200.0,3267.21,413524.1761,0.01802067583050709,0.05675687928017501,50.60982480615995,3530.2328571428575,3457.052857142857
2021-09-12,3267.1,3474.16,3231.1,3404.21,408858.9595,0.04107649122685121,0.060375771417121735,54.56497140894306,3452.2214285714285,3464.9676190476193
2021-09-13,3404.3,3430.3,3108.49,3285.35,647855.7199,-0.03553970977302178,0.06016236326421176,51.33129095314793,3360.5899999999997,3463.2566666666667
2021-09-14,3285.09,3437.05,3269.95,3434.37,373634.9026,0.044360311577683144,0.04141791759037263,50.126604596946805,3360.5614285714287,3475.8161904761905
2021-09-15,3434.37,3616.16,3357.78,3613.55,428507.5278,0.05085716590548916,0.04543392896182569,44.151698796171885,3376.925714285714,3494.2295238095235
2021-09-16,3613.55,3676.28,3481.14,3567.98,467985.4919,-0.012691059324419891,0.04471720719754191,44.04131471836842,3397.3614285714284,3516.8380952380953
2021-09-17,3567.97,3594.17,3350.07,3399.81,398888.3705,-0.048280061613189144,0.04050531636116371,35.40242976461654,3424.64,3522.8552380952383
2021-09-18,3399.89,3541.96,3368.88,3435.64,315162.7627,0.010483677933386986,0.04030220801477356,37.688282686750156,3448.7014285714286,3531.958095238095
2021-09-19,3435.64,3456.53,3277.74,3328.62,312948.0013,-0.031645421956531194,0.03947297398611053,33.37149398969662,3437.902857142857,3536.9652380952375
2021-09-20,3328.57,3347.82,2913.39,2977.28,917939.57849,-0.1115476716565549,0.05659143471918029,28.39229715398865,3393.8928571428573,3524.9480952380945
2021-09-21,2977.32,3105.83,2652.0,2765.9,971519.88941,-0.07364405272892738,0.053793010195306974,32.55300606901878,3298.3971428571426,3493.362380952381
2021-09-22,2766.72,3088.88,2737.54,3076.92,677457.64825,0.10656301735282846,0.06968181656503436,40.24263944370469,3221.7357142857145,3457.6528571428576
2021-09-23,3076.92,3174.5,3033.85,3152.5,459293.8858,0.02426669220503795,0.07195317527105129,43.70654087294804,3162.381428571429,3427.494761904762
2021-09-24,3152.41,3158.52,2733.0,2928.53,932090.8856,-0.07369519820941212,0.07435534216729328,43.547592632659544,3095.055714285714,3379.4195238095235
2021-09-25,2928.22,2967.52,2801.57,2921.73,491974.0226,-0.002324684052454036,0.07359607128645769,41.85472995275234,3021.64,3333.5247619047623
2021-09-26,2921.84,3115.51,2738.17,3059.37,703594.478,0.04603310581959574,0.07783521421236252,41.872271823058576,2983.175714285714,3291.1000000000004
2021-09-27,3059.36,3164.94,2922.71,2925.59,510130.7319,-0.0447128426697441,0.06693136684577856,41.57983429293639,2975.7914285714282,3243.424761904762
2021-09-28,2924.76,2970.82,2789.0,2804.91,511325.4643,-0.042124716846513546,0.0622437290213042,35.06945103322643,2981.3642857142854,3213.4409523809527
2021-09-29,2805.15,2950.0,2782.0,2850.45,411305.0893,0.01610542365492962,0.04347878526528342,30.674358766562648,2949.0114285714285,3182.5576190476195
2021-09-30,2850.45,3048.42,2837.19,3000.61,506896.7612,0.05133872477868343,0.048089966649665306,36.35414712517618,2927.312857142857,3162.3519047619047
2021-10-01,3000.62,3330.0,2969.07,3309.91,648714.6151,0.09810539735495885,0.05208476135615638,47.975261706996264,2981.7957142857144,3167.1638095238095
2021-10-02,3309.91,3469.0,3257.0,3387.76,422551.1811,0.023247937341022602,0.05135515830229404,48.94167263467813,3048.371428571428,3172.904285714286
2021-10-03,3387.77,3488.0,3342.51,3417.73,360586.8905,0.008807651981751716,0.05026382117682202,52.03912110242058,3099.565714285715,3173.548095238096
2021-10-04,3417.73,3437.19,3270.0,3386.31,485204.642,-0.00923575503416948,0.04461351295138683,60.96542258014358,3165.382857142857,3178.3557142857144
2021-10-05,3386.31,3545.0,3363.78,3515.27,393900.8818,0.03737550299278515,0.03497589546265159,71.01819181340349,3266.862857142857,3182.208095238095
2021-10-06,3515.48,3632.11,3342.0,3574.89,618265.5402,0.016818070473447688,0.03492206841358699,66.2600325220242,3370.3542857142857,3180.3671428571424
2021-10-07,3574.88,3653.98,3470.8,3587.47,486102.3591,0.003512812239617455,0.03526485524796836,64.81233015725991,3454.191428571429,3181.295238095238
2021-10-08,3587.47,3695.0,3532.0,3563.13,403597.1437,-0.006807846616126461,0.016660633168860576,75.01103543952578,3490.3657142857146,3189.072380952381
2021-10-09,3563.13,3635.0,3538.07,3574.82,361906.7514,0.0032754531627249253,0.015808250773670388,75.6409350388291,3517.088571428572,3195.7
2021-10-10,3574.83,3604.0,3405.0,3414.22,580223.6302,-0.04596576239303148,0.0256488810377302,63.68502649461237,3516.587142857142,3199.7761904761905
2021-10-11,3414.22,3623.8,3371.0,3542.12,493521.882,0.03677635511606598,0.028651512438700965,73.88521706789811,3538.8457142857146,3226.673333333333
2021-10-12,3542.12,3547.11,3403.21,3491.46,409377.1918,-0.014405431106841837,0.02587963209282671,78.12369427899623,3535.444285714286,3261.2238095238095
2021-10-13,3491.43,3613.0,3412.7,3607.42,393463.1222,0.03267284855359334,0.02827860246019881,79.31696888482661,3540.0914285714284,3286.485714285714
2021-10-14,3607.41,3824.0,3586.04,3790.82,481894.1473,0.04958951913336564,0.033720196306056084,79.83613366056258,3569.141428571428,3316.881904761905
2021-10-15,3790.82,3907.77,3734.1,3868.99,504321.732,0.020411136536652923,0.03331156139829079,75.57267271662764,3612.835714285714,3361.665714285714
2021-10-16,3868.38,3971.0,3803.56,3829.96,373727.8549,-0.010139131794052639,0.03425387726413758,70.97126055202504,3649.2842857142855,3404.914761904762
2021-10-17,3829.96,3919.19,3640.0,3846.85,368898.9831,0.004400272314298231,0.024467762428948617,70.6065961084113,3711.088571428572,3442.413809523809
2021-10-18,3847.0,3893.14,3676.0,3744.96,401819.9734,-0.026843695583821218,0.027539463641247368,66.13084582932294,3740.065714285714,3481.4314285714286
2021-10-19,3744.96,3886.89,3732.0,3877.03,341268.3723,0.03465846059629758,0.02714073182877792,66.22533189809833,3795.1471428571426,3532.4847619047614
2021-10-20,3876.98,4169.0,3828.05,4161.15,537383.09732,0.0707220817771679,0.03417660114056677,71.88680654073025,3874.2514285714287,3594.899047619047
2021-10-21,4161.37,4375.0,4013.13,4052.99,798566.55805,-0.026336598042769006,0.03539527557980058,66.22156556645854,3911.7042857142856,3645.0123809523807
2021-10-22,4053.0,4167.41,3888.0,3972.2,463222.5428,-0.020134782952406817,0.03661871816357695,63.71493901416856,3926.4485714285715,3676.55
2021-10-23,3972.19,4172.0,3937.51,4167.12,326576.9601,0.04790505233930084,0.03941186251187342,67.68524269061723,3974.6142857142854,3713.662380952381
2021-10-24,4167.13,4186.57,3961.5,4082.33,350115.8386,-0.020557245877644018,0.04130304530787709,70.89476153244723,4008.2542857142857,3745.31
2021-10-25,4082.33,4236.0,4067.71,4220.37,347438.6534,0.03325489808536082,0.03891184351879772,71.07819676920114,4076.1699999999996,3785.027142857143
2021-10-26,4220.36,4297.0,4090.21,4131.52,414498.1599,-0.021277423925354973,0.040413147791278685,69.43014304101808,4112.5257142857145,3814.372380952381
2021-10-27,4131.52,4307.0,3909.0,3922.0,704604.25,-0.052043650230062355,0.03555087742146792,59.036331464289006,4078.3614285714284,3830.9014285714284
2021-10-28,3921.99,4295.0,3890.17,4286.02,626378.5055,0.0887568356219197,0.04970140514854887,62.887375992838045,4111.651428571428,3864.165714285714
2021-10-29,4286.01,4460.47,4265.97,4418.89,559231.07691,0.03052996993308751,0.04860058876622655,63.91475535942025,4175.464285714285,3904.91619047619
2021-10-30,4418.89,4434.06,4232.2,4322.68,340223.069,-0.02201295305292249,0.04794491718217601,62.117217702666814,4197.687142857143,3940.528571428572
2021-10-31,4322.68,4399.14,4164.35,4287.21,412856.2893,-0.008239408555731414,0.047058324697321206,60.731483828202684,4226.955714285715,3982.099523809524
2021-11-01,4287.48,4386.58,4146.3,4319.43,417620.7073,0.007487277385632659,0.045648561115549484,64.49181403092757,4241.107142857143,4019.1142857142863
2021-11-02,4319.43,4599.6,4284.43,4589.89,468184.79301,0.06073260953753246,0.048706667651459805,66.80924713738658,4306.588571428571,4071.420476190476
2021-11-03,4589.68,4665.87,4455.0,4603.35,448658.35125,0.00292824066767199,0.03968606581694563,61.952772762166326,4403.924285714286,4118.845714285715
2021-11-04,4603.35,4606.65,4420.08,4532.32,368218.25695,-0.0155503496356356,0.028963844622267018,63.22180233359997,4439.11,4154.155238095238
2021-11-05,4532.31,4570.05,4438.8,4474.24,305651.7244,-0.012897444774280788,0.02796296118315476,64.02393376314289,4447.017142857143,4182.976666666667
2021-11-06,4474.24,4530.0,4326.17,4518.0,322154.0973,0.009732913144382904,0.025964222405029075,60.70552484165049,4474.92,4215.740476190476
2021-11-07,4518.0,4637.98,4502.37,4612.59,243596.5952,0.020720103325595696,0.025563013657705858,66.08232539518858,4521.402857142858,4252.204285714286
2021-11-08,4612.59,4822.97,4612.0,4807.98,391102.31806,0.04148751611907041,0.02801838077990357,67.22257067992237,4591.1957142857145,4302.824285714286
2021-11-09,4807.98,4838.28,4713.89,4732.33,311267.57998,-0.015859355851561986,0.02152551621814244,67.74677591819129,4611.544285714285,4343.552857142857
2021-11-10,4732.33,4868.0,4461.93,4628.78,553596.99163,-0.02212434718279934,0.023770058187066057,72.27116892283644,4615.177142857143,4365.820952380953
2021-11-11,4628.68,4779.0,4576.47,4719.0,303688.9765,0.01930357828813424,0.023425434888577026,66.48869729466242,4641.845714285714,4397.535714285715
2021-11-12,4719.0,4809.71,4507.85,4665.46,461580.0415,-0.01141047666102849,0.023233943922135694,59.9936771965662,4669.162857142857,4430.548095238096
2021-11-13,4665.47,4707.6,4584.08,4644.28,220720.6611,-0.004550081214127238,0.023475201975391113,63.87881926462969,4687.202857142857,4453.27
2021-11-14,4644.27,4696.05,4514.12,4626.5,245309.0674,-0.003835712162146753,0.02235757766655894,64.86927102050117,4689.1900000000005,4479.182857142858
2021-11-15,4626.5,4772.01,4540.0,4563.78,375421.6601,-0.013649415199348564,0.013400238358830606,60.429738520244804,4654.3042857142855,4495.535714285715
2021-11-16,4563.77,4563.77,4103.0,4209.76,735857.063,-0.08074558856416793,0.031032005966773864,34.8550164545766,4579.651428571428,4499.261428571429
2021-11-17,4209.59,4299.91,4063.48,4287.8,472852.1842,0.018368141946262656,0.03352940284690281,38.043272327687454,4530.94,4516.680476190477
2021-11-18,4288.07,4344.81,3956.44,3996.9,576945.1837,-0.07025472023755505,0.03697887045016,32.609684166764126,4427.782857142857,4502.912857142857
2021-11-19,3996.9,4308.97,3973.01,4294.76,420045.0897,0.07187661429380714,0.05196432656139475,44.956160071942456,4374.825714285714,4497.001904761905
2021-11-20,4294.75,4435.88,4199.86,4412.17,365584.578,0.026970956981331097,0.054024919840473765,47.14412931429959,4341.667142857143,4501.263333333333
2021-11-21,4412.17,4451.0,4242.41,4258.31,340206.3203,-0.0354942639726857,0.05500053221077033,40.73593707507897,4289.068571428571,4499.887142857143
2021-11-22,4259.7,4320.0,4022.74,4085.97,518501.3338,-0.04131321373002092,0.056133827455115005,30.889802918896606,4220.81,4488.7699999999995
2021-11-23,4086.28,4385.59,4059.62,4339.44,502811.7902,0.060186153304300265,0.05419762088041325,40.49562386000222,4239.335714285714,4476.84380952381
2021-11-24,4339.45,4373.94,4167.65,4269.36,448727.0306,-0.016281374425884006,0.05428448670934329,41.1621799726569,4236.701428571429,4460.939523809524
2021-11-25,4270.1,4550.0,4248.27,4524.85,445868.2434,0.05812049432818608,0.04817825370371635,45.58487099136305,4312.122857142856,4460.58380952381
2021-11-26,4524.48,4551.0,3913.0,4041.2,720245.1612,-0.1130427498597328,0.06219477259261763,38.126521606816794,4275.9,4439.9628571428575
2021-11-27,4041.2,4183.66,4028.34,4095.29,275326.5202,0.013295855296929508,0.061092829856085204,39.687268710716054,4230.631428571428,4419.83380952381
2021-11-28,4095.29,4298.51,3964.0,4294.78,346471.3551,0.04756279890436802,0.06348162876448576,44.16688354165055,4235.841428571429,4404.7
2021-11-29,4294.77,4458.92,4276.89,4444.53,406881.2284,0.03427379481970036,0.061437017551035734,47.96532955689399,4287.064285714286,4387.392857142857
2021-11-30,4444.54,4753.0,4346.36,4630.26,743024.4662,0.04093889543660272,0.05931597155744607,57.6117965650071,4328.61,4382.532380952381
2021-12-01,4630.25,4778.75,4523.99,4582.95,508198.3105,-0.010270126445922146,0.05892668724095281,55.402847592652925,4373.408571428571,4380.35
2021-12-02,4582.95,4634.83,4433.0,4511.21,451861.9545,-0.015777485369650516,0.05540976380542514,60.2359618989997,4371.46,4370.455238095238
2021-12-03,4511.35,4654.88,4032.5,4215.73,677974.8659,-0.06774264277089759,0.04077943028084819,48.425628214782314,4396.392857142857,4349.039523809523
2021-12-04,4215.01,4238.59,3503.68,4117.25,1111773.1451,-0.023637302670389607,0.04205356209942534,44.08019398143688,4399.53,4323.942857142856
2021-12-05,4117.25,4248.19,4031.39,4196.44,536325.4413,0.01905108203737565,0.037945510504437244,48.71973148918382,4385.481428571428,4303.463809523809
2021-12-06,4196.44,4376.15,3921.0,4347.59,726742.9638,0.035385121775086834,0.03813083400611437,55.46156736670703,4371.632857142858,4293.169047619047
2021-12-07,4347.57,4425.0,4255.92,4306.4,420749.751,-0.009519380320032963,0.032804334633720046,49.24318083946455,4325.367142857142,4297.770952380953
2021-12-08,4306.4,4450.49,4222.95,4436.91,429403.9351,0.02985589995078007,0.03615691847921148,53.734536944165825,4304.504285714285,4304.871428571429
2021-12-09,4436.91,4488.0,4076.16,4105.64,462173.711,-0.07759655003333575,0.04564042772379774,40.96152270561399,4246.565714285714,4310.0495238095245
2021-12-10,4105.64,4231.08,3887.37,3897.94,563236.5671,-0.05191342972413053,0.042806706172419176,46.494018834308996,4201.167142857143,4291.153333333334
2021-12-11,3898.31,4097.08,3828.22,4089.37,427853.4343,0.047942715502466884,0.04761859152650547,49.864246337861516,4197.184285714286,4275.781904761905
2021-12-12,4089.68,4173.63,3986.25,4130.0,260535.5157,0.00988648301255014,0.047099523365832265,45.92443459506521,4187.692857142857,4269.671904761904
2021-12-13,4130.0,4142.75,3671.45,3781.93,533467.2307,-0.08804294563350627,0.05333930224433688,35.07576986143397,4106.884285714285,4255.193809523809
2021-12-14,3781.92,3882.74,3685.0,3858.99,395145.7462,0.020171029867780976,0.05544250089980569,31.73393456832811,4042.968571428572,4232.315238095238
2021-12-15,3858.99,4092.22,3643.73,4019.08,542068.0573,0.04064752951085382,0.05704627641833539,37.32300954590624,3983.2785714285715,4220.397142857143
2021-12-16,4019.54,4113.43,3942.11,3958.11,368780.031,-0.015286382109833728,0.04990701876028766,37.50463126123929,3962.202857142857,4193.409523809524
2021-12-17,3959.11,3994.1,3700.0,3875.42,463370.9225,-0.021112594579608644,0.04633486443329234,41.494078773063805,3958.9857142857145,4185.515238095238
2021-12-18,3875.43,3996.93,3767.01,3959.93,339593.2543,0.021572304313848916,0.04263289045207193,46.04019210052052,3940.494285714286,4179.069523809523
2021-12-19,3959.93,4032.43,3884.0,3924.14,306006.323,-0.009079129396085642,0.04215920526923749,42.99301102384899,3911.085714285714,4161.42
2021-12-20,3924.14,3983.37,3753.0,3944.73,366916.4771,0.005233291944611535,0.02258293543032707,38.886620689655174,3934.342857142857,4137.62
2021-12-21,3944.72,4063.0,3913.21,4014.15,340826.3553,0.017445107992705444,0.022320239217621406,42.061573397510784,3956.508571428571,4108.2814285714285
2021-12-22,4014.41,4074.87,3933.4,3979.51,303191.8076,-0.008666922744595622,0.0164319776623061,36.8929312380363,3950.8557142857144,4079.5461904761905
2021-12-23,3979.51,4150.0,3893.23,4111.41,380207.8166,0.032607339228882204,0.01939643716387794,50.186672188108616,3972.7557142857145,4060.508095238095
2021-12-24,4111.41,4134.84,4017.17,4046.36,230833.1661,-0.01594832381346089,0.018285056462565202,55.289983176983846,3997.175714285714,4052.442857142857
2021-12-25,4046.35,4137.91,4018.62,4094.83,208126.8805,0.011907490847253626,0.017264273127668636,50.216687303552725,4016.4471428571424,4051.3752380952383
2021-12-26,4094.36,4105.0,4000.0,4063.56,189309.255,-0.007665765703513949,0.017082404763986033,47.34350510187762,4036.3642857142854,4045.0476190476193
2021-12-27,4063.57,4127.46,4031.0,4037.23,222225.3761,-0.0065006234506166825,0.017621472141875802,63.74383599991389,4049.578571428571,4030.268571428572
2021-12-28,4037.22,4037.23,3759.36,3792.75,358064.7163,-0.06246746360159126,0.029091442729922097,46.97865353037767,4017.9500000000003,4005.8090476190478
2021-12-29,3792.75,3827.78,3604.2,3630.19,302753.6375,-0.043806361141283154,0.032082585738498065,32.30178306497855,3968.047142857143,3967.393809523809
2021-12-30,3630.18,3769.1,3585.0,3709.27,249263.7305,0.021550103255039157,0.029634461348506363,38.85904117194074,3910.598571428571,3948.5190476190473
2021-12-31,3709.27,3815.0,3622.29,3676.23,268014.2942,-0.008947321214971451,0.02970354268460509,40.66702276198775,3857.722857142857,3937.961428571428
2022-01-01,3676.22,3776.45,3673.46,3765.54,154143.8968,0.02400350671726048,0.03172489835235019,40.93271015831257,3810.6814285714286,3922.5409523809526
2022-01-02,3765.54,3857.44,3717.3,3828.27,154791.4263,0.016521726756629256,0.03353802386522312,45.637791549500854,3777.0685714285714,3908.1728571428575
2022-01-03,3828.11,3853.09,3680.0,3765.89,236245.8586,-0.016428782919867397,0.033648095028698616,42.160678905195226,3738.305714285714,3907.409047619048
2022-01-04,3765.89,3900.73,3713.11,3785.11,288258.5549,0.005090727455432364,0.024521535258540852,39.49801001412248,3737.214285714286,3903.8909523809525
2022-01-05,3785.1,3848.0,3415.0,3540.63,397942.0363,-0.06677027114101414,0.031776673008322424,33.12389448588786,3724.4199999999996,3881.1076190476188
2022-01-06,3539.82,3550.43,3300.0,3406.81,496745.7413,-0.03852830782695031,0.03197431498743122,22.946199566893455,3681.211428571429,3854.855238095238
2022-01-07,3406.81,3416.76,3064.42,3199.24,669631.7262,-0.06286308798825013,0.03714901041932803,20.68261417279234,3613.0699999999997,3822.65619047619
2022-01-08,3198.68,3250.0,3000.0,3080.95,400692.1061,-0.03767529061248328,0.031966142265499924,16.528892879780287,3515.2714285714287,3780.8
2022-01-09,3080.98,3211.72,3057.35,3151.97,275874.1643,0.02278966319823475,0.033494109174672916,20.675412240801393,3418.657142857143,3744.03
2022-01-10,3151.97,3185.0,2928.83,3082.68,529818.3866,-0.02222830567176738,0.03323758427218139,20.119328604431317,3321.055714285714,3702.98
2022-01-11,3082.87,3263.54,3051.8,3239.72,362446.7087,0.049687557804675944,0.043470259108894314,31.68568646801296,3243.1428571428573,3666.102380952381
2022-01-12,3239.73,3411.43,3206.2,3371.26,370465.8015,0.03979965540945987,0.0439293077657942,41.24532563344852,3218.9471428571424,3637.138095238095
2022-01-13,3371.6,3410.0,3233.43,3240.61,336234.8799,-0.03952497803790752,0.04404996674344609,34.68811667690379,3195.2042857142856,3595.671428571429
2022-01-14,3240.61,3342.79,3188.0,3307.42,285326.3505,0.02040684557339173,0.037207608192254105,38.21052968065724,3210.6585714285716,3560.4838095238097
2022-01-15,3307.42,3371.64,3261.0,3326.04,203100.3778,0.005613977894932952,0.032247753072320924,35.28584628982364,3245.6714285714284,3523.8747619047617
2022-01-16,3326.51,3393.6,3269.62,3346.88,210782.2277,0.006246161427139561,0.031837757118557825,33.418298807498104,3273.5157142857142,3489.747142857143
2022-01-17,3346.89,3357.57,3141.1,3209.67,284063.6548,-0.04186044046482609,0.035640687146745925,31.780005241090166,3291.6571428571433,3450.339523809523
2022-01-18,3209.68,3243.87,3082.0,3159.85,299134.2728,-0.015643570001207946,0.030389712813063473,29.921001926782267,3280.247142857143,3420.2014285714286
2022-01-19,3159.85,3174.87,3000.0,3084.02,332996.5703,-0.02429061735337126,0.024163803733431466,33.55565959592322,3239.2128571428575,3394.193333333333
2022-01-20,3084.02,3273.37,2987.15,3001.48,357596.7062,-0.027128440411799574,0.02225055813971036,34.84260360340147,3205.0514285714285,3360.4890476190476
2022-01-21,3001.48,3034.12,2403.0,2568.15,1022021.70024,-0.15591970501576202,0.05562014359380783,29.8093842580447,3099.441428571429,3307.7233333333334
2022-01-22,2567.47,2626.0,2300.0,2412.18,1081357.54893,-0.06265489239063485,0.05300218579083432,29.107596953471088,2968.8900000000003,3243.2776190476193
2022-01-23,2412.18,2556.78,2370.8,2539.01,580497.7613,0.05124333832710833,0.06229382436591022,31.49632921174654,2853.48,3181.884285714286
2022-01-24,2539.0,2539.75,2159.0,2439.29,1123134.70389,-0.040067227918663954,0.062286017893995765,30.928116199792527,2743.425714285714,3118.712857142857
2022-01-25,2439.56,2506.55,2348.96,2458.83,510152.954,0.007978613695370262,0.06438025247940772,24.79780538970472,2643.2799999999997,3055.556666666667
2022-01-26,2459.04,2722.0,2402.03,2462.99,806441.62289,0.0016904319908573088,0.06588792375070264,18.06072285089354,2554.5614285714287,3004.2404761904763
2022-01-27,2463.0,2521.0,2316.43,2424.25,599481.7159,-0.01585386083831807,0.06616756600543235,19.308851394026888,2472.1,2957.4519047619046
2022-01-28,2424.02,2558.98,2357.88,2544.99,485149.8065,0.04860452251916326,0.04247633563294961,22.453374184364364,2468.7914285714282,2926.2971428571427
2022-01-29,2544.99,2636.66,2520.01,2601.43,376666.8246,0.02193457311118982,0.033110097120108026,24.51625155622456,2495.827142857143,2903.462857142857
2022-01-30,2601.43,2640.0,2542.5,2601.68,290770.0859,9.609637320470698e-05,0.027933981222565157,23.406988694758468,2504.7799999999997,2877.2585714285715
2022-01-31,2601.67,2706.77,2476.07,2686.94,444584.851,0.03224560944220077,0.0218534660564915,30.627719264436664,2540.1585714285716,2858.4138095238095
2022-02-01,2686.94,2813.0,2673.52,2787.23,390034.27362,0.036645271460084596,0.023220963359201235,36.68871995656027,2587.0728571428567,2836.8666666666663
2022-02-02,2787.48,2810.88,2612.72,2680.67,447852.1228,-0.038981507830389076,0.03155008555564013,35.90050126890246,2618.1699999999996,2803.9814285714288
2022-02-03,2680.25,2726.64,2576.05,2695.46,405043.3931,0.005502112974112725,0.02935263742696502,38.77089724207777,2656.9142857142856,2778.021904761905
2022-02-04,2695.21,2995.0,2671.4,2994.99,664002.9328,0.10537201641158946,0.04421530832137616,67.36788138213895,2721.2,2763.1442857142856
2022-02-05,2994.99,3060.47,2958.01,3012.65,356803.3071,0.005879197444611901,0.044709142863355526,77.53161364865981,2779.945714285714,2748.2209523809524
2022-02-06,3012.64,3074.56,2950.21,3054.99,249394.5966,0.013956229187492217,0.04393100291713434,75.64461939126458,2844.7042857142856,2734.3214285714284
2022-02-07,3055.0,3186.0,2991.8,3139.77,455070.2529,0.02737322953394406,0.04379748853817034,85.33922589498327,2909.3942857142856,2730.9928571428572
2022-02-08,3139.77,3232.87,3025.21,3116.69,514773.5837,-0.007378007594245728,0.04454025790502106,83.07092155798196,2956.46,2728.9376190476187
2022-02-09,3116.69,3269.7,3055.0,3243.94,370267.8913,0.0400170991623015,0.03779675556199693,84.9352694348266,3036.9271428571424,2736.552857142857
2022-02-10,3243.6,3283.66,3056.74,3072.49,578212.8383,-0.05430033262362314,0.04871288225422671,75.92089058076485,3090.7885714285717,2739.9342857142856
2022-02-11,3072.36,3138.62,2879.0,2927.54,462025.8751,-0.04832582784232587,0.03615758950729811,65.00631555824043,3081.152857142857,2757.0480952380954
2022-02-12,2927.54,2985.98,2858.3,2918.88,336250.3131,-0.002962498874057581,0.03593913458103119,62.93760443411991,3067.7571428571428,2781.1766666666667
2022-02-13,2918.58,2954.4,2836.7,2871.13,242751.3547,-0.016494300553863334,0.0351649734367585,60.57205634244911,3041.4914285714285,2796.991904761905
2022-02-14,2871.14,2964.97,2829.01,2929.75,381778.238,0.0202114146526657,0.03402038942358765,59.73022577361727,3011.4885714285715,2820.347142857143
2022-02-15,2929.75,3196.19,2912.06,3183.52,448971.754,0.08307040769222607,0.04900851936032508,64.1411942705843,3021.035714285714,2854.8561904761905
2022-02-16,3183.53,3186.77,3044.03,3122.3,319997.6244,-0.019417593123566165,0.04662316950825828,66.28609359442417,3003.6585714285716,2886.251904761905
2022-02-17,3122.31,3160.0,2851.55,2891.87,488693.2624,-0.07666655802966413,0.051081404854585184,56.249164805375784,2977.855714285714,2908.5195238095234
2022-02-18,2891.88,2943.97,2750.0,2779.48,502977.4069,-0.0396394918488373,0.05005221383205741,42.216202549933186,2956.7042857142856,2919.6857142857143
2022-02-19,2779.3,2830.96,2694.45,2763.63,293838.0025,-0.005718826867157603,0.05002218938202537,40.994112286082135,2934.5257142857145,2927.4095238095238
2022-02-20,2763.63,2764.64,2576.0,2621.99,386384.904,-0.05261146152787277,0.05285022214329116,35.3897856718674,2898.934285714286,2928.376666666667
2022-02-21,2621.99,2759.51,2558.0,2568.02,761838.9858,-0.020798397492321857,0.050792232393646504,30.298477633129565,2847.258571428571,2922.7138095238092
2022-02-22,2568.03,2665.74,2500.0,2636.29,692639.4942,0.02623745180416111,0.033330458757706585,33.94621111868575,2769.082857142857,2915.5261904761905
2022-02-23,2636.28,2753.55,2575.83,2579.71,504470.1412,-0.021695636248493144,0.033255750322700166,26.702676160078553,2691.5699999999997,2910.718571428571
2022-02-24,2579.7,2740.0,2300.0,2596.2,1395732.7753,0.006371847961708061,0.026902413183223645,31.25713251324187,2649.3314285714287,2905.9919047619046
2022-02-25,2596.26,2834.97,2571.72,2768.49,679394.1762,0.06425320773330942,0.03776943557247438,43.87293613677162,2647.7614285714285,2895.2061904761904
2022-02-26,2768.05,2878.0,2727.5,2779.47,418485.2529,0.00395821683492336,0.03772647191607154,44.63910786387232,2650.0242857142853,2884.102380952381
2022-02-27,2779.47,2836.33,2557.98,2616.79,650198.7785,-0.0603118862715815,0.03960930257737807,41.01386396076824,2649.281428571429,2863.235714285714
2022-02-28,2616.79,2951.6,2568.62,2920.95,733794.4488,0.10996053006015137,0.055832689805620735,49.73505467508068,2699.7,2852.8157142857144
2022-03-01,2920.83,3037.94,2854.09,2976.33,673901.6976,0.018782092086540015,0.05572919575073027,42.91575772910355,2748.2771428571427,2846.1319047619045
2022-03-02,2976.33,3043.91,2914.21,2947.3,614623.7461,-0.009801500906561036,0.054508927548005834,43.88171787377459,2800.79,2832.0061904761906
2022-03-03,2947.31,2970.97,2785.0,2833.99,446192.2353,-0.03920388433278596,0.05882402128188637,47.79592085421394,2834.7599999999998,2820.6490476190475
2022-03-04,2834.0,2836.17,2573.0,2622.1,556178.7588,-0.07771008924118722,0.06237991633680896,44.4291054285957,2813.847142857143,2806.1042857142857
2022-03-05,2622.11,2685.12,2589.38,2665.15,268730.3036,0.016284817772527285,0.06293737225270662,46.57989053427055,2797.5157142857142,2794.021904761905
2022-03-06,2665.16,2676.29,2535.0,2551.29,336487.9099,-0.043661227604156416,0.060821675558393115,47.49635253622675,2788.158571428571,2778.7914285714282
2022-03-07,2551.3,2649.0,2445.0,2491.12,620171.6787,-0.023866705063867934,0.03451126076546969,47.28870210275431,2726.754285714286,2757.904285714286
2022-03-08,2491.12,2624.0,2480.15,2575.97,561659.7421,0.03349375366749058,0.03775663278794898,47.89784766365562,2669.56,2728.9733333333334
2022-03-09,2575.98,2775.85,2567.7,2726.98,562771.7403,0.05696860755825763,0.04799621694489163,54.815420331556744,2638.085714285714,2710.1485714285714
2022-03-10,2726.98,2733.25,2550.27,2606.7,559029.9377,-0.0451097162386842,0.04862043420618795,50.321505995321324,2605.6157142857146,2696.569047619048
2022-03-11,2606.69,2676.78,2522.57,2556.86,494583.6568,-0.0193051103831143,0.03963428037151329,42.99465736284254,2596.2957142857144,2685.9680952380954
2022-03-12,2556.86,2616.79,2553.39,2568.8,219236.5711,0.0046589206451485956,0.03889894337303281,43.03086440173345,2582.531428571429,2676.690476190476
2022-03-13,2568.8,2603.32,2493.0,2515.65,316942.1601,-0.020907644329557794,0.03599770843726265,46.39280415430268,2577.4399999999996,2671.6266666666666
2022-03-14,2515.66,2609.6,2498.67,2589.41,386630.1912,0.028898831069852558,0.03618212149638973,35.85000682873533,2591.4814285714283,2672.645238095238
2022-03-15,2589.42,2669.0,2507.0,2617.73,461202.3014,0.010877479473803332,0.034225596711640216,34.33322265522605,2597.4471428571424,2671.7614285714285
2022-03-16,2617.74,2788.0,2603.38,2773.81,666224.7217,0.05791429638892648,0.03447830091858181,43.177796478203085,2604.137142857143,2681.0042857142857
2022-03-17,2773.8,2836.0,2746.42,2811.92,379312.541,0.013645697645398072,0.027400818381117832,49.0775802258612,2633.4542857142856,2691.276666666667
2022-03-18,2811.91,2984.0,2765.59,2938.92,556535.7966,0.044174642881809834,0.026246905480969814,64.25293768332403,2688.034285714286,2699.392380952381
2022-03-19,2938.84,2987.7,2890.86,2950.84,325971.5398,0.004047708658660071,0.026306985635344966,63.22283831193476,2742.611428571429,2707.552857142857
2022-03-20,2950.85,2964.17,2817.21,2861.38,377608.8214,-0.030785849641907954,0.02898380283502571,64.68382123137826,2792.0014285714283,2719.2000000000003
2022-03-21,2861.39,2960.57,2829.81,2890.03,450223.9073,0.009962856753148086,0.02872267780660301,69.47099192674523,2834.947142857143,2717.727619047619
2022-03-22,2890.03,3052.85,2886.43,2969.64,564868.9839,0.027173850653313385,0.02892721085417627,69.31402274489025,2885.2200000000003,2717.4090476190477
2022-03-23,2969.64,3045.2,2920.65,3036.0,453962.7298,0.022100126186770305,0.023318403913064417,66.53432925263247,2922.675714285714,2721.632857142857
2022-03-24,3035.99,3129.11,2999.11,3110.76,577171.5239,0.02432620979389752,0.02372107255569589,78.3511069114471,2965.367142857143,2734.8123809523813
2022-03-25,3110.75,3193.28,3076.0,3102.14,489099.5572,-0.0027748734185679743,0.020299283561112803,82.16080402010046,2988.684285714286,2757.671428571429
2022-03-26,3102.13,3153.2,3084.9,3145.0,207134.847,0.013721694243691004,0.020336760396036126,82.78856440488923,3016.4214285714284,2780.5214285714287
2022-03-27,3145.01,3299.37,3126.02,3295.65,335467.4145,0.046789526935948046,0.015550372623128129,89.95246680871985,3078.46,2815.9671428571432
2022-03-28,3295.65,3431.15,3275.01,3332.92,527237.1133,0.01124537954894856,0.015416833569257967,89.56229314546593,3141.73,2856.052857142857
2022-03-29,3332.91,3481.87,3329.68,3400.51,465899.8226,0.02007662373594018,0.01512533211053339,89.98099985698815,3203.282857142857,2895.3166666666666
2022-03-30,3400.51,3446.9,3331.84,3385.79,356082.5231,-0.00433815866831539,0.01744814705357465,86.53262971895217,3253.252857142857,2926.6885714285713
2022-03-31,3385.8,3444.83,3261.35,3281.51,455091.2395,-0.031283579391062265,0.02416723495742701,75.98008298755184,3277.6457142857143,2958.8223809523806
2022-04-01,3281.51,3481.29,3210.68,3455.21,532169.2392,0.051579554534772795,0.02859243034843123,77.16029249302959,3328.0842857142857,3001.6009523809525
2022-04-02,3455.2,3532.2,3433.14,3443.77,499893.29,-0.003316435323907816,0.02947070846515269,75.94450351063716,3370.7657142857142,3043.266190476191
2022-04-03,3443.77,3580.34,3412.11,3521.91,381581.7683,0.02243665456009444,0.02605126942110019,85.18510626964253,3403.088571428572,3091.1833333333334
2022-04-04,3521.9,3547.0,3405.97,3519.5,449984.1586,-0.0006845220187730097,0.026305948171521903,84.49490908692361,3429.742857142857,3135.4733333333334
2022-04-05,3519.5,3555.0,3400.0,3406.99,397782.7437,-0.032489730525075915,0.029517983239591324,73.13262316065627,3430.6685714285713,3173.057142857143
2022-04-06,3407.0,3407.5,3162.39,3168.51,736273.1047,-0.07256775769697918,0.04051172829795305,55.92923046633794,3399.628571428572,3191.8523809523813
2022-04-07,3168.52,3268.98,3143.15,3227.19,458179.3272,0.01835034370763697,0.04040197114333064,55.28578562673082,3391.8685714285716,3211.6271428571426
2022-04-08,3227.2,3314.02,3173.52,3192.39,502422.5048,-0.010841936976364482,0.03265139871858156,54.00211080858159,3354.3228571428567,3223.697142857143
2022-04-09,3192.39,3268.4,3181.28,3258.57,212444.2566,0.020518596261411837,0.03479535780750638,54.93417908502412,3327.865714285714,3238.350952380953
2022-04-10,3258.57,3307.22,3193.0,3203.04,232303.2326,-0.01718808999540962,0.03216157054858764,45.61393538120542,3282.3128571428574,3254.620476190476
2022-04-11,3203.04,3213.63,2950.0,2979.74,693394.2912,-0.0722643104524599,0.03819906463975776,35.77905553408064,3205.2042857142856,3258.8923809523812
2022-04-12,2979.75,3085.0,2950.0,3027.66,579522.9505,0.015953995545066883,0.0406673550972051,34.745395183660776,3151.0142857142855,3261.655238095238
2022-04-13,3027.65,3128.97,2996.86,3118.28,419101.494,0.029491523824412797,0.035309717637418005,39.69522107258146,3143.8385714285714,3265.573333333333
2022-04-14,3118.28,3145.0,2976.3,3021.98,408382.5572,-0.03136932206332718,0.035467832479373504,39.94077565290191,3114.522857142857,3261.345714285714
2022-04-15,3021.98,3060.92,2993.13,3040.56,249626.2981,0.006129463284808756,0.035928757899686345,31.73170968111448,3092.8328571428574,3258.413333333333
2022-04-16,3040.57,3086.1,3010.03,3059.3,176352.4165,0.006144422645443129,0.03447790685198538,33.169612761449514,3064.3657142857146,3254.332380952381
2022-04-17,3059.3,3083.0,2981.7,2988.06,243772.074,-0.023561784234964658,0.0348122759882962,26.488386227307586,3033.6542857142854,3239.685238095238
2022-04-18,2988.07,3069.6,2883.22,3055.56,510251.6536,0.02233853449045376,0.022904193216775066,30.67528615938288,3044.4857142857145,3226.477619047619
2022-04-19,3055.56,3131.0,3030.34,3101.77,359375.0038,0.015010034412271363,0.02282189392129802,36.54327737020319,3055.0728571428576,3212.2519047619044
2022-04-20,3101.74,3166.5,3036.45,3076.04,415000.0685,-0.008329860832956325,0.01992335904481945,44.98171122182063,3049.0385714285717,3197.5019047619053
2022-04-21,3076.03,3180.0,2942.31,2983.58,562699.697,-0.030519133695049935,0.019715620933101728,37.247018668006845,3043.552857142857,3183.314761904762
2022-04-22,2983.57,3034.32,2930.35,2962.39,452433.082,-0.007127546794771479,0.019459018472283988,37.78544875199153,3032.3857142857137,3159.8471428571434
2022-04-23,2962.39,2978.03,2913.89,2933.03,187576.7324,-0.0099603565921431,0.019045905440163026,32.008002829729875,3014.347142857143,3135.5261904761905
2022-04-24,2933.04,2967.06,2912.09,2921.0,218957.0222,-0.0041099949724494895,0.017408886893728628,33.624793887456775,3004.7671428571434,3106.9114285714286
2022-04-25,2920.99,3025.65,2797.01,3006.62,619198.3616,0.02889050081606422,0.019106828651230246,51.85763648928819,2997.7757142857145,3082.4885714285715
2022-04-26,3006.63,3039.54,2767.0,2809.67,531184.3504,-0.06774948549478285,0.029424702797099585,37.50816590833555,2956.0471428571427,3054.044761904762
2022-04-27,2809.68,2919.87,2794.46,2888.96,488951.2416,0.027829537040039223,0.03350375935306815,36.686019507663715,2929.3214285714284,3040.732857142857
2022-04-28,2888.95,2980.0,2853.83,2936.93,537392.9978,0.01646824232146928,0.03317068024193434,44.768536174296,2922.657142857143,3026.910952380952
2022-04-29,2936.92,2946.46,2776.63,2817.13,525978.147,-0.041646181874155655,0.036422803325563746,37.778555722084256,2901.905714285714,3009.0414285714287
2022-04-30,2817.13,2841.63,2709.26,2726.66,367757.2469,-0.032641219258456255,0.0376976196733275,33.12876590046862,2872.4242857142854,2983.712380952381
2022-05-01,2726.67,2849.9,2716.13,2824.81,442544.8792,0.035363688743625235,0.04155439607348415,41.94010249523565,2858.682857142857,2965.7014285714286
2022-05-02,2824.81,2894.22,2778.78,2856.54,521706.8567,0.01116999653563879,0.03965753635118958,39.81432197838191,2837.2428571428572,2959.8347619047618
2022-05-03,2856.54,2861.47,2755.19,2781.7,371331.1796,-0.026548850637668365,0.03138853605927458,34.085462265933415,2833.247142857143,2948.122380952381
2022-05-04,2781.7,2965.85,2771.74,2940.64,548738.0668,0.05556499313764938,0.03695451022373028,44.05514576747453,2840.6299999999997,2939.6633333333334
2022-05-05,2940.65,2954.65,2683.0,2747.97,734845.3194,-0.06776478746508298,0.04458660946208193,40.49200571423959,2813.6357142857137,2926.6152380952385
2022-05-06,2747.96,2758.18,2632.95,2692.85,711449.3234,-0.0202623449546493,0.042710139067179,39.41269816330699,2795.8814285714284,2910.057619047619
2022-05-07,2692.86,2704.36,2584.75,2635.34,371271.4532,-0.021587906387850193,0.0417743123601678,38.55997663497528,2782.835714285714,2889.8690476190477
2022-05-08,2635.35,2642.0,2484.0,2519.71,757615.3415,-0.044868390391330004,0.0398594420790785,35.716065466401844,2739.25,2867.5666666666666
2022-05-09,2519.71,2530.78,2225.0,2228.55,1574924.9793,-0.12279266576677982,0.05407937537168856,25.839786862746323,2649.537142857143,2828.185238095238
2022-05-10,2229.0,2457.34,2200.0,2342.05,1550626.1387,0.049675464452423136,0.06309643542580264,34.686071339682215,2586.73,2792.0080952380954
2022-05-11,2342.04,2451.37,2005.0,2084.99,2022864.83806,-0.1162625551455644,0.060073306370216906,26.416942888152292,2464.4942857142855,2744.8152380952383
2022-05-12,2084.99,2195.0,1800.0,1960.22,2305192.90836,-0.06170734723479563,0.05980304391667257,22.585118028461565,2351.9585714285713,2696.0838095238096
2022-05-13,1960.22,2147.54,1940.23,2009.69,1134042.3387,0.024923769479372297,0.06549624951576916,26.40471765379715,2254.364285714286,2650.717142857143
2022-05-14,2009.69,2070.06,1951.21,2056.48,563788.3078,0.023015302058914555,0.06981772748738055,29.90271930140223,2171.67,2608.976666666667
2022-05-15,2056.47,2167.0,2000.68,2145.29,514398.2587,0.042278957997049504,0.07540103647554545,29.507840772014475,2118.1814285714286,2572.0380952380956
2022-05-16,2145.29,2145.29,1979.12,2023.66,822070.8531,-0.058366988252162674,0.06430238846037255,26.17483837748155,2088.9114285714286,2525.230476190476
2022-05-17,2023.66,2122.42,2008.0,2090.72,568249.0448,0.03260075113412737,0.06176810486469204,30.145622141001766,2053.007142857143,2490.994761904762
2022-05-18,2090.72,2110.72,1908.0,1915.11,631577.2341,-0.08773344202251154,0.05459090414530597,20.812390780912907,2028.7385714285717,2444.6209523809525
2022-05-19,1915.11,2040.39,1903.18,2019.55,741476.9794,0.05309965208226872,0.05446349957246339,28.17219638490674,2037.2142857142858,2400.936190476191
2022-05-20,2019.55,2064.0,1923.0,1959.08,576981.5371,-0.03039973902804933,0.05497676746715783,28.082154954567443,2029.9842857142855,2360.076666666667
2022-05-21,1959.08,1990.86,1937.36,1975.07,238869.7632,0.008128865472563522,0.054053837900031786,29.775972653593797,2018.3542857142857,2324.286666666667
2022-05-22,1975.06,2056.41,1966.33,2043.19,355735.1927,0.03390847123771363,0.052893870355241505,34.966685174902835,2003.7685714285712,2287.0666666666666
2022-05-23,2043.19,2088.5,1957.12,1973.32,636085.0224,-0.034794908552463054,0.049731916334161734,40.64124846911461,1996.5771428571427,2245.0085714285715
2022-05-24,1973.33,1993.83,1913.02,1979.41,534096.972,0.0030814170554417973,0.04734505415196911,35.56576286837873,1980.6757142857143,2206.8042857142855
2022-05-25,1979.4,2022.34,1934.61,1942.63,524786.3091,-0.018756095416388646,0.032920285238531626,43.12868037455355,1984.607142857143,2159.2799999999997
2022-05-26,1942.64,1966.01,1735.0,1792.23,1168740.57514,-0.08058207055617697,0.03689703349902923,42.08736446449935,1952.1328571428571,2113.7685714285712
2022-05-27,1792.24,1822.26,1703.0,1727.27,1296693.28537,-0.03691852711164214,0.037369103447278826,36.88882286308518,1919.017142857143,2067.7885714285712
2022-05-28,1727.26,1808.98,1722.26,1792.22,558271.1818,0.03691294745507008,0.04201686327958729,37.93531656896583,1892.8957142857143,2027.64
2022-05-29,1792.21,1827.4,1759.96,1813.64,432430.611,0.011880800673498414,0.038520850359864515,33.86586754103466,1860.1028571428571,1994.017619047619
2022-05-30,1813.64,2013.0,1803.18,1998.78,814922.8359,0.09720111888622697,0.05648898594209989,48.86007513974159,1863.74,1983.0761904761905
2022-05-31,1998.78,2016.45,1925.0,1941.9,751103.4226,-0.028870119196813194,0.057650107074439794,43.11732277638007,1858.3814285714286,1964.0214285714285
2022-06-01,1941.9,1972.58,1763.75,1817.95,1037841.2706,-0.06595738261063266,0.06240125410049596,45.28102111786763,1840.57,1951.3052380952379
2022-06-02,1817.96,1853.05,1782.42,1834.08,788784.4017,0.008833500757757908,0.05400699280219813,40.146629123944116,1846.5485714285714,1945.2985714285712
2022-06-03,1834.09,1843.91,1737.0,1775.12,741282.5346,-0.03267496710853838,0.0535017894323181,40.21114469371249,1853.3842857142856,1934.1285714285716
2022-06-04,1775.13,1816.0,1748.43,1804.58,388279.4579,0.01645985145239517,0.05193414747650429,41.05612153896193,1855.1499999999999,1922.1333333333334
2022-06-05,1804.58,1830.17,1773.05,1806.23,371974.5061,0.0009139224245239042,0.05171551878288541,36.637192096002885,1854.0914285714287,1905.9876190476189
2022-06-06,1806.22,1920.0,1804.35,1859.84,804250.3567,0.029248662366728604,0.03345459998987485,43.48100829522737,1834.2428571428572,1898.186666666667
2022-06-07,1859.84,1874.98,1725.13,1813.33,1397598.2288,-0.02532552855691377,0.03315199772854579,40.88274044795783,1815.8757142857144,1884.977619047619
2022-06-08,1813.33,1838.77,1765.28,1791.88,941510.1373,-0.011899585937941203,0.0224577685467566,41.582632584006156,1812.1514285714286,1879.109523809524
2022-06-09,1791.88,1833.0,1777.33,1788.81,535310.9618,-0.0017147537219068558,0.021952946583024827,49.77143315422247,1805.6842857142856,1868.1219047619047
2022-06-10,1788.8,1804.32,1655.93,1662.91,955035.79239,-0.07298151461854453,0.033242378956051775,46.02264300192812,1789.6542857142856,1854.0185714285715
2022-06-11,1662.91,1682.21,1496.74,1532.89,1220325.2542,-0.08141423709847077,0.040400469687103625,35.1667333981582,1750.8414285714287,1832.962380952381
2022-06-12,1532.89,1547.0,1423.0,1434.84,1563225.37018,-0.0661014978485426,0.041625037587796065,30.079513662466596,1697.7857142857142,1803.9933333333333
2022-06-13,1434.84,1455.0,1165.45,1209.82,3626351.66536,-0.17058175652519614,0.05743320971531691,10.180081965558315,1604.9257142857143,1767.6361904761904
2022-06-14,1209.35,1268.45,1075.8,1208.9,2716493.80131,-0.0007607329863464822,0.060666474386158846,10.789558146999028,1518.5785714285716,1730.945238095238
2022-06-15,1208.9,1250.0,1014.4,1237.52,3114823.13621,0.023398521720463156,0.06633186560206887,15.424663735897155,1439.3842857142859,1697.3685714285714
2022-06-16,1237.53,1257.85,1051.55,1068.5,1447386.8304,-0.14685358116920716,0.07024183388380248,11.42240944913631,1336.4828571428573,1662.9052380952378
2022-06-17,1068.5,1118.0,1051.11,1086.94,1220677.9491,0.01711061304646468,0.07818189396550007,13.846218505053912,1254.2014285714286,1632.4133333333334
2022-06-18,1086.93,1097.58,881.56,995.13,2308983.5187,-0.08824830591513726,0.07852496178609994,10.089834235620103,1177.3785714285714,1594.4566666666665
2022-06-19,995.12,1158.62,936.15,1128.53,2018599.4499,0.1257977979747236,0.10557762010099189,20.427808420023723,1133.6200000000001,1561.832380952381
2022-06-20,1128.53,1170.0,1053.0,1128.24,1721772.9132,-0.0002570044812685736,0.08691324562425576,16.51777541829898,1121.9657142857143,1520.3780952380953
2022-06-21,1128.24,1194.0,1109.23,1125.85,1306095.3757,-0.00212059047831573,0.08689073908353584,17.21289584128195,1110.1014285714286,1481.5185714285715
2022-06-22,1125.86,1127.33,1043.65,1050.19,1306959.8593,-0.06956720574305485,0.0880028297115639,16.366621017404157,1083.34,1444.9585714285715
2022-06-23,1050.19,1155.0,1045.3,1144.72,1278257.0899,0.0861889654358654,0.07691993940618251,23.02963812841793,1094.2285714285713,1412.1319047619047
2022-06-24,1144.71,1245.43,1132.0,1225.02,1337137.483,0.06779710477768376,0.08004046681842497,30.935940860449108,1113.9542857142858,1385.9366666666665
2022-06-25,1225.02,1256.77,1180.0,1242.36,861986.6177,0.01405562618985872,0.06564792110080768,35.9754390368704,1149.2728571428572,1359.1642857142858
2022-06-26,1242.31,1280.0,1194.6,1197.79,884184.273,-0.03653460440968186,0.054611770236239726,37.93405340472966,1159.1671428571428,1330.1909523809525
2022-06-27,1197.79,1238.93,1172.49,1192.51,868734.2061,-0.004417862684769171,0.054745562290598106,48.86502222746765,1168.3485714285714,1298.4133333333334
2022-06-28,1192.51,1237.99,1136.32,1144.05,1104065.2211,-0.041485731193213714,0.05788028610792607,45.99745713545073,1170.9485714285713,1266.542857142857
2022-06-29,1144.05,1156.8,1087.42,1100.21,1295517.796,-0.039073527621807665,0.05246483890087749,41.681509214496025,1178.0942857142857,1233.6061904761905
2022-06-30,1100.21,1106.62,998.0,1071.01,1420670.3656,-0.02689894218423035,0.03976349065212495,50.18307537453867,1167.5642857142857,1199.425238095238
2022-07-01,1071.02,1117.0,1033.44,1059.73,1562255.1439,-0.010587969793218431,0.02095276098567852,47.99439817203508,1143.9514285714286,1170.702380952381
2022-07-02,1059.73,1078.88,1028.29,1067.01,714812.0804,0.006846185649962798,0.019050084010196408,56.05233909265434,1118.9014285714286,1148.517619047619
2022-07-03,1067.01,1088.34,1040.78,1074.26,644746.3337,0.006771708102821149,0.02042551916984401,44.19783180447752,1101.2542857142857,1131.347142857143
2022-07-04,1074.26,1160.9,1045.37,1151.0,1150108.9861,0.06899907728999789,0.03820502866185147,52.091450415349556,1095.3242857142857,1128.5461904761905
2022-07-05,1151.01,1174.9,1076.34,1132.5,1398961.4495,-0.01620355136469359,0.035270015426297444,50.59350623850919,1093.6742857142858,1124.9080952380953
2022-07-06,1132.51,1205.0,1111.44,1186.57,1211768.0757,0.046639213828519155,0.03490770865417569,62.65966136937472,1106.0114285714285,1122.4819047619046
2022-07-07,1186.57,1254.29,1163.18,1237.49,1001316.079,0.04201834241640652,0.03211133031672944,59.37013918348383,1129.7942857142857,1130.5290476190476
2022-07-08,1237.49,1276.46,1193.15,1214.04,1189518.3631,-0.019131493596315344,0.03362288593568888,48.747090236888944,1151.8385714285716,1136.5814285714284
2022-07-09,1214.03,1235.4,1204.67,1217.02,576337.1809,0.0024516067004322632,0.03393635406239428,47.01052333537823,1173.2685714285715,1147.147619047619
2022-07-10,1217.02,1219.95,1153.0,1168.36,1018038.6506,-0.04080419162975006,0.04081244777870469,46.56119277418148,1186.7114285714285,1149.0442857142857
2022-07-11,1168.37,1171.29,1091.71,1096.4,1201652.3048,-0.06356897064785066,0.040710202166480934,40.28387148951658,1178.9114285714284,1147.5280952380951
2022-07-12,1096.37,1098.26,1033.46,1038.58,1261349.6321,-0.05417768989552516,0.044503366298393875,39.53566822105367,1165.4942857142858,1143.372380952381
2022-07-13,1038.58,1119.18,1006.32,1115.0,2035605.8299,0.0710000093611134,0.050442828078235004,51.3783013065439,1155.27,1146.4585714285713
2022-07-14,1115.01,1214.65,1072.11,1193.42,1605101.9262,0.06796872989362288,0.05550697350006717,60.4489970123773,1148.9742857142858,1148.777619047619
2022-07-15,1193.42,1287.82,1181.05,1231.25,1466037.2584,0.03120677869845652,0.05664735243884826,64.00620610811693,1151.4328571428573,1149.0742857142857
2022-07-16,1231.25,1422.91,1191.23,1355.85,1493809.9226,0.09639865042623087,0.0669595964196641,69.79386529974506,1171.2657142857145,1154.4785714285713
2022-07-17,1355.84,1387.0,1319.04,1338.65,1246202.8795,-0.012766920485781647,0.06379903642647804,67.87457576699975,1195.5928571428572,1161.1861904761904
2022-07-18,1338.65,1597.47,1336.07,1581.04,2029918.76521,0.16642121490543102,0.07254845315737968,73.75334172908244,1264.8271428571427,1179.687619047619
2022-07-19,1581.03,1631.0,1493.11,1542.32,1846048.6816,-0.024795082040965585,0.06590763850064175,72.14190006915629,1336.7899999999997,1198.652857142857
2022-07-20,1542.33,1620.4,1484.23,1521.58,1351177.4247,-0.013538507645356856,0.07039823412714397,68.77627198439654,1394.8728571428571,1218.7180952380952
2022-07-21,1521.63,1605.98,1463.56,1575.45,1247327.4963,0.03479167709103766,0.06966103288582619,68.87918128393628,1449.4485714285713,1242.7390476190476
2022-07-22,1575.45,1650.05,1516.11,1535.27,1170723.0873,-0.025834684417970613,0.07401669797377551,67.61535002577348,1492.8799999999999,1265.3838095238095
2022-07-23,1535.27,1596.51,1488.0,1548.67,851284.7339,0.008690236730156871,0.06841629020940265,67.9812624022728,1520.4257142857143,1288.32
2022-07-24,1548.66,1664.34,1545.67,1597.7,1009935.8997,0.031168596984445608,0.06701779769759326,73.26844284506494,1557.432857142857,1313.2457142857143
2022-07-25,1597.7,1609.55,1435.58,1440.79,1418390.9809,-0.10337352078442748,0.04686217570073185,67.09080622909491,1537.3971428571429,1327.0452380952381
2022-07-26,1440.79,1454.11,1356.17,1449.12,1199643.7408,0.005764901377539924,0.04703274772418599,71.42603649116947,1524.082857142857,1342.122380952381
2022-07-27,1449.12,1644.44,1420.83,1635.74,1513426.0413,0.12113882570088544,0.06778780670218437,74.3737362390474,1540.3914285714288,1363.5114285714287
2022-07-28,1635.74,1784.79,1593.27,1724.52,1578145.07555,0.05285344954663206,0.06920284272459531,74.61987761913592,1561.6871428571428,1386.7033333333331
2022-07-29,1724.52,1765.99,1655.02,1721.68,1205266.5703,-0.001648192584826196,0.06752920394686257,73.49680436178267,1588.3171428571427,1410.8766666666666
2022-07-30,1721.68,1744.85,1673.01,1697.0,735132.5286,-0.014438572055103257,0.06852609940891423,68.07532134493319,1609.5071428571428,1433.732857142857
2022-07-31,1697.0,1754.69,1666.0,1678.12,696326.8079,-0.011187867057264347,0.06853131929205952,67.95434591747144,1620.9957142857143,1458.007142857143
2022-08-01,1678.12,1704.68,1606.12,1630.28,801566.5648,-0.028922339987396926,0.0524295997524449,53.279081537518984,1648.0657142857142,1483.4299999999998
2022-08-02,1630.28,1678.0,1559.28,1630.91,1081964.5104,0.000386362038297038,0.05267168470893196,56.21483591261769,1674.0357142857142,1511.6361904761904
2022-08-03,1630.91,1685.03,1589.71,1618.16,777724.7413,-0.00784843998302193,0.025856698984713627,56.85217243238642,1671.5242857142857,1535.5961904761905
2022-08-04,1618.16,1662.79,1580.39,1607.96,735552.181,-0.006323406437222392,0.00978896156295373,52.45889240171237,1654.8728571428571,1555.3361904761903
2022-08-05,1607.97,1742.07,1605.64,1736.81,1005846.4712,0.07708380245522739,0.03464787509329223,63.440659428601904,1657.0342857142857,1579.410476190476
2022-08-06,1736.81,1749.93,1685.26,1690.6,523314.6444,-0.0269666017680178,0.03589445991595112,59.06843013225991,1656.1200000000001,1595.3509523809525
2022-08-07,1690.6,1729.79,1668.0,1700.19,439904.764,0.005656514010153265,0.03562525474730126,56.89601808615145,1659.2728571428572,1612.5671428571427
2022-08-08,1700.2,1818.0,1693.87,1777.05,781620.5443,0.04421467656389727,0.035814833330542,75.35667963683527,1680.24,1621.9009523809523
2022-08-09,1777.05,1790.83,1667.93,1702.76,818171.1019,-0.04270422211195693,0.041464348998368504,67.395956215193,1690.5042857142857,1629.5409523809524
2022-08-10,1702.76,1885.0,1656.78,1853.57,1317767.5127,0.08486304530864872,0.05014308305290783,65.71168909854157,1724.1342857142856,1645.35
2022-08-11,1853.58,1942.0,1850.32,1880.19,1105261.9009,0.014259326281607759,0.048972856898226655,62.33420489660091,1763.0242857142857,1659.8614285714289
2022-08-12,1880.19,1964.71,1853.06,1958.28,717628.1015,0.04069370138366628,0.04385794798238494,66.74925668979186,1794.6628571428573,1680.0047619047618
2022-08-13,1958.28,2020.0,1946.5,1983.55,695876.0293,0.012821631671543106,0.03955544989531838,70.26835858478688,1836.5128571428572,1700.7133333333336
2022-08-14,1983.55,2030.0,1906.0,1935.31,569583.4852,-0.024620648251884012,0.04323083956479407,67.46621392190153,1870.1014285714284,1716.7899999999997
2022-08-15,1935.32,2012.47,1872.31,1899.06,949162.3305,-0.018908493460727118,0.0435562101671211,68.54524880633676,1887.5314285714287,1738.612380952381
2022-08-16,1899.05,1915.0,1853.0,1876.67,622729.1499,-0.011860097226792179,0.03868412258620414,66.46258138849441,1912.3757142857144,1758.9719047619049
2022-08-17,1876.67,1959.43,1818.74,1834.25,951824.8975,-0.022863251068879646,0.024614067778976147,63.921710110940744,1909.6157142857144,1768.424761904762
2022-08-18,1834.24,1882.37,1821.25,1846.39,606254.024,0.006596702760469762,0.02395820941753915,65.32267393288177,1904.787142857143,1774.2280952380952
2022-08-19,1846.39,1848.0,1602.37,1609.01,1419826.9515,-0.13761329834110575,0.05043038466671441,42.79236599891717,1854.8914285714286,1768.862857142857
2022-08-20,1609.0,1657.08,1523.67,1576.04,914615.9226,-0.020703711207068178,0.047401340175499275,43.441121238492194,1796.6757142857143,1763.102857142857
2022-08-21,1576.03,1646.52,1562.34,1618.13,780662.6062,0.026355789690766056,0.05251671076696054,45.470402508224595,1751.3642857142859,1760.2461904761908
2022-08-22,1618.13,1629.72,1529.92,1624.66,941192.8954,0.004027401605630431,0.05370374115887593,40.88020203712792,1712.1642857142858,1759.9785714285715
2022-08-23,1624.65,1676.07,1563.76,1665.41,940246.932,0.024772776244363897,0.05659694064431446,47.67130120331692,1681.9842857142855,1761.6214285714286
2022-08-24,1665.4,1694.13,1604.92,1656.56,744667.6078,-0.00532817631539061,0.056685319357400996,35.074773860210016,1656.6,1763.4499999999998
2022-08-25,1656.56,1722.0,1653.68,1695.11,603090.713,0.02300447243224016,0.05802908463844801,36.22752708655792,1634.9885714285715,1767.6
2022-08-26,1695.11,1706.45,1486.85,1508.18,1149912.8292,-0.11684400962412589,0.05060467844992661,21.175521286951195,1620.5842857142857,1756.7128571428573
2022-08-27,1508.18,1518.42,1447.52,1491.06,756136.6768,-0.011416349436118464,0.05037541172630874,18.128162980028748,1608.4442857142858,1747.2109523809524
2022-08-28,1491.06,1511.0,1424.0,1426.76,544846.4486,-0.044081137075116225,0.04941383828750539,17.759012007557047,1581.1057142857142,1734.1904761904761
2022-08-29,1426.76,1559.99,1422.08,1551.8,826252.0831,0.08400940813119989,0.06278816026506022,30.212203405283447,1570.6971428571428,1723.4642857142858
2022-08-30,1551.79,1606.13,1473.61,1524.59,1003075.0172,-0.017690026024654703,0.06129045263665062,30.047150564446667,1550.58,1714.98
2022-08-31,1524.59,1619.78,1524.59,1554.1,949227.6775,0.019171078486372013,0.06246454384364205,33.887757801626464,1535.9428571428573,1700.719523809524
2022-09-01,1554.11,1599.0,1512.77,1586.16,728710.482,0.020419400908740976,0.06225023480371524,35.368664889968414,1520.3785714285714,1686.7180952380954
2022-09-02,1586.17,1650.0,1546.41,1575.35,919009.6598,-0.0068385310360521735,0.04083300353003033,47.46046595847416,1529.9742857142858,1668.4833333333333
2022-09-03,1575.35,1582.71,1534.28,1557.46,321397.2189,-0.011421180645425143,0.040833351442610494,48.565561114199255,1539.4599999999998,1648.1933333333332
2022-09-04,1557.45,1583.66,1540.66,1579.28,296591.1166,0.013912757808582676,0.03428361775066901,46.90374101407462,1561.2485714285715,1631.2395238095237
2022-09-05,1579.29,1631.99,1556.56,1617.8,503492.937,0.02409815462643991,0.01732568796323057,49.4797985925746,1570.6771428571428,1617.8461904761907
2022-09-06,1617.8,1687.4,1555.0,1559.01,1010722.8578,-0.03701619717846296,0.02249063476723578,42.14644227930321,1575.5942857142857,1602.719523809524
2022-09-07,1559.01,1657.5,1490.66,1630.0,850991.4243,0.044529010395418796,0.027069856783775742,48.204289152716555,1586.4371428571428,1592.9933333333333
2022-09-08,1630.0,1663.56,1595.06,1635.37,645124.0085,0.0032890636228218167,0.026400721351426196,45.77127810181777,1593.467142857143,1582.9447619047621
2022-09-09,1635.37,1746.13,1630.51,1718.23,837458.2126,0.04942561276059681,0.030645072679963917,67.43761310996362,1613.8785714285714,1588.1457142857141
2022-09-10,1718.24,1789.0,1706.03,1774.12,411046.2466,0.03200983414051685,0.02938860722126606,72.07749664617975,1644.83,1597.578095238095
2022-09-11,1774.12,1789.0,1720.1,1766.11,409287.7263,-0.004525137444914798,0.030677440450202827,79.0156813790037,1671.52,1604.624761904762
2022-09-12,1766.12,1783.0,1693.0,1716.37,630774.6032,-0.028567792358462483,0.03456453651125374,66.15109820009027,1685.6014285714284,1608.9919047619048
2022-09-13,1716.37,1760.51,1560.54,1574.4,1134549.7256,-0.0863373482233775,0.04785066971818869,53.9897153292857,1687.8,1604.6580952380953
2022-09-14,1574.4,1647.01,1552.38,1638.39,764562.5393,0.039839805012948044,0.04717435131424147,56.398111460278436,1688.9985714285715,1603.7928571428572
2022-09-15,1638.4,1655.2,1458.0,1472.75,1335499.8047,-0.1065826509091404,0.06209963151124796,42.842898433654334,1665.7671428571427,1593.2042857142858
2022-09-16,1472.76,1483.35,1405.52,1433.9,693597.2425,-0.02673339668080316,0.05523028645176709,41.37846964026673,1625.1485714285714,1589.6671428571426
2022-09-17,1433.9,1476.13,1409.12,1468.83,421391.3743,0.024068160773249497,0.05390961658710571,44.707835246068036,1581.5357142857142,1588.6085714285714
2022-09-18,1468.82,1469.63,1325.55,1334.51,804113.468,-0.09590198223450286,0.058439778217442735,37.11560529335592,1519.8785714285714,1584.2157142857143
2022-09-19,1334.51,1393.35,1280.0,1375.98,974855.198,0.030602021244195365,0.06435407507327655,37.31029995172225,1471.2514285714283,1575.8433333333332
2022-09-20,1375.98,1384.78,1312.71,1322.93,658027.1465,-0.039317230841676196,0.05999186268714938,37.536427756894874,1435.3271428571427,1566.2404761904759
2022-09-21,1322.94,1408.9,1220.0,1245.78,1192266.7379,-0.060087133912322815,0.05357610230617576,29.846628341236197,1379.24,1551.5585714285714
2022-09-22,1245.79,1350.08,1237.32,1326.46,904282.2725,0.06275189983117246,0.05621118402844932,34.98322881726703,1358.3414285714284,1539.1919047619047
2022-09-23,1326.47,1360.0,1262.15,1327.25,974052.3644,0.000595392882671749,0.05620505149453609,29.34557518383906,1343.1057142857142,1527.377619047619
2022-09-24,1327.24,1349.33,1306.52,1317.13,517557.3497,-0.007654005404383535,0.05414346979297488,24.631679452876057,1321.4342857142858,1515.9333333333332
2022-09-25,1317.13,1337.0,1269.27,1294.63,515533.8409,-0.01723018703557612,0.04134189744801447,24.241695804195814,1315.7371428571428,1502.3785714285714
2022-09-26,1294.62,1340.42,1277.85,1336.17,799166.4333,0.031582372486728946,0.04148139781819627,29.04079382579934,1310.05,1488.967619047619
2022-09-27,1336.17,1400.0,1303.75,1328.02,860584.8944,-0.006118201346611302,0.03859372618568883,34.06709951110996,1310.777142857143,1477.9680952380952
2022-09-28,1328.01,1355.7,1253.2,1337.2,919314.9131,0.006888764382004825,0.027867353770091693,29.036568899035302,1323.837142857143,1464.0252380952381
2022-09-29,1337.2,1352.02,1288.52,1335.7,770591.6895,-0.0011223765628838153,0.015451683170413615,37.63599949479458,1325.1571428571428,1449.7552380952382
2022-09-30,1335.69,1373.19,1313.35,1328.72,740753.611,-0.005239426192316352,0.015632941336773835,39.93223064553181,1325.3671428571429,1431.207142857143
2022-10-01,1328.71,1333.69,1302.68,1311.79,252081.9056,-0.012823456073443866,0.01617615368551205,34.43175509556667,1324.6042857142857,1409.1914285714286
2022-10-02,1311.79,1317.93,1270.0,1276.72,371740.0407,-0.027098327626368574,0.01817545105049009,42.86736935647108,1322.0457142857142,1385.8871428571429
2022-10-03,1276.72,1329.9,1263.04,1323.09,483775.2435,0.03567562092116324,0.019456293606786187,43.55015731323625,1320.1771428571428,1367.159523809524
2022-10-04,1323.1,1369.55,1318.66,1361.49,476207.6702,0.028609778234496886,0.022277381214789678,54.87656819101578,1324.9585714285713,1357.0209523809524
2022-10-05,1361.5,1364.77,1316.29,1352.2,483508.7782,-0.0068467925900135215,0.022538275798864565,66.24732824427483,1327.1014285714284,1343.392857142857
2022-10-06,1352.2,1383.99,1345.01,1352.06,573975.324,-0.0001035403401485927,0.0225210966847985,55.18302559118884,1329.4385714285713,1337.6457142857143
2022-10-07,1352.07,1361.75,1317.26,1331.1,491999.8776,-0.01562368726345552,0.023382903640728737,50.720622917680515,1329.7785714285712,1332.750476190476
2022-10-08,1331.1,1337.35,1303.51,1315.48,203391.6612,-0.011804050032933833,0.023290863646952112,49.69739206983822,1330.3057142857142,1325.4480952380954
2022-10-09,1315.48,1329.0,1307.26,1323.13,186201.9185,0.005798523794401447,0.019887546373368925,55.527969586469084,1336.9357142857145,1324.9061904761904
2022-10-10,1323.13,1338.0,1288.0,1290.03,393663.0114,-0.02533466791518214,0.01747778913989361,40.74757359428891,1332.212857142857,1320.8133333333335
2022-10-11,1290.03,1298.0,1267.01,1280.11,429430.3941,-0.007719462178011686,0.010187492284511298,40.460356019274414,1320.587142857143,1318.7742857142857
2022-10-12,1280.11,1306.87,1275.25,1294.44,369712.5759,0.011132157454090616,0.012716009241761684,41.65691094981661,1312.3357142857144,1321.0914285714287
2022-10-13,1294.44,1301.58,1190.0,1287.08,945618.3163,-0.0057020824489079506,0.012439033481874227,40.725621852586606,1303.0528571428572,1319.2161904761904
2022-10-14,1287.08,1343.12,1283.39,1296.27,669742.8093,0.0071148228207480535,0.01278684314058642,43.86183936745735,1298.0771428571427,1317.7409523809524
2022-10-15,1296.26,1301.69,1263.64,1274.92,287100.9529,-0.016607478021246645,0.013402783765346427,43.1404651162791,1292.282857142857,1315.7309523809524
2022-10-16,1274.93,1315.35,1274.67,1305.95,293321.3632,0.024047313738358313,0.017020454326163528,55.521136337879184,1289.8285714285714,1316.27
2022-10-17,1305.96,1338.57,1295.64,1331.4,459848.4941,0.01930027490231382,0.015004950179424282,51.70433569875717,1295.7385714285715,1316.0428571428572
2022-10-18,1331.39,1341.73,1286.72,1310.71,572728.9189,-0.0156620450592596,0.01632595398008432,38.769462137296564,1300.1100000000001,1315.2185714285715
2022-10-19,1310.71,1313.5,1280.31,1285.09,368637.5105,-0.019740220320127733,0.01796842101087797,36.157749267769496,1298.7742857142857,1312.7371428571428
2022-10-20,1285.09,1310.87,1270.36,1282.57,428531.6103,-0.0019628773350881907,0.017861838074166518,35.80620123371057,1298.1299999999999,1310.2071428571428
2022-10-21,1282.57,1306.97,1252.65,1299.75,468076.7986,0.013306060811697405,0.01844557528716823,43.49612049292565,1298.6271428571429,1308.827619047619
2022-10-22,1299.76,1320.2,1294.32,1313.61,221776.7007,0.010607134072841059,0.017085504679837188,49.60919540229883,1304.1542857142856,1308.9142857142858
2022-10-23,1313.62,1371.55,1299.44,1364.2,432269.46,0.03778910388395278,0.020235596421360233,57.27701194230835,1312.4757142857143,1313.08
2022-10-24,1364.19,1370.6,1324.17,1343.61,611830.797,-0.015208154818900862,0.020719516607557765,59.93399584692966,1314.22,1314.057142857143
2022-10-25,1343.61,1525.16,1334.94,1459.74,1127932.9012,0.08289831625036694,0.03549134354725407,73.8939583388757,1335.51,1318.735714285714
2022-10-26,1459.74,1594.99,1457.44,1566.1,1236044.7023,0.07033011482030309,0.03693279986561101,79.02846640451355,1375.6542857142856,1328.9214285714286
2022-10-27,1566.11,1578.58,1503.2,1514.05,869454.4851,-0.03380027292123538,0.04277244837450022,72.13866292112911,1408.722857142857,1336.635238095238
2022-10-28,1514.04,1574.9,1479.82,1554.41,858954.4425,0.026307872841872658,0.04252730227489381,73.73570193828385,1445.1028571428574,1347.2690476190478
2022-10-29,1554.4,1663.06,1547.66,1619.55,914161.0846,0.04105228046823375,0.04229933041851427,79.32671851864455,1488.8085714285714,1361.7485714285713
2022-10-30,1619.55,1640.06,1576.56,1590.44,476036.4243,-0.01813762536979552,0.045707501021278185,74.28839750704344,1521.1285714285714,1374.477619047619
2022-10-31,1590.45,1635.8,1545.43,1572.69,810334.2414,-0.011223178506764802,0.04518988242280044,70.87464313521929,1553.8542857142857,1387.937619047619
2022-11-01,1572.69,1612.92,1563.69,1578.48,527539.2965,0.003674829676506621,0.03665360239427758,73.77852766184175,1570.817142857143,1402.1457142857143
2022-11-02,1578.47,1621.68,1502.32,1518.34,981395.3648,-0.03884472586553249,0.029889171014462236,69.51654199508008,1563.9942857142855,1412.807619047619
2022-11-03,1518.33,1559.01,1515.17,1531.01,560202.8813,0.008310015519320951,0.027098812182240587,70.44033436450997,1566.4171428571428,1424.4233333333334
2022-11-04,1531.01,1680.0,1528.4,1644.78,935531.4781,0.07167898833885042,0.03744633306240714,74.49418579886697,1579.3271428571427,1441.0190476190478
2022-11-05,1644.78,1666.97,1621.42,1626.98,351385.5362,-0.010881101073359998,0.03488000718917845,72.12283798093894,1580.3885714285714,1457.7838095238094
2022-11-06,1626.98,1639.02,1564.39,1568.29,414863.9525,-0.036739681791493305,0.0371829119340723,64.24513156976337,1577.2242857142858,1470.2761904761905
2022-11-07,1568.25,1608.04,1545.03,1568.1,642409.4494,-0.0001211584020051137,0.036960221102511494,66.12831381564767,1576.5685714285714,1481.547619047619
2022-11-08,1568.09,1579.98,1233.0,1334.77,2339916.5089,-0.16110570303953478,0.07085353097697383,42.31568591280822,1541.752857142857,1482.6933333333334
2022-11-09,1334.78,1337.16,1073.53,1102.73,2494797.9357,-0.19097006900385916,0.09529502524835877,25.321943269814554,1482.3799999999999,1474.009523809524
2022-11-10,1102.73,1350.0,1085.93,1299.28,1975955.6767,0.16402134152275558,0.12388564752340196,40.087507961562956,1449.2757142857142,1474.805238095238
2022-11-11,1299.28,1310.0,1201.26,1289.28,1308087.1498,-0.007726341863364996,0.11717766224510776,37.41037256522027,1398.49,1474.3066666666668
2022-11-12,1289.35,1292.16,1238.7,1257.25,547772.9172,-0.02515712695090829,0.11681587984435264,32.23775812366402,1345.6714285714286,1471.6228571428571
2022-11-13,1257.25,1274.23,1200.66,1221.49,547410.5304,-0.028855371043540967,0.11685488119165317,32.028913503034545,1296.1285714285714,1464.827142857143
2022-11-14,1221.5,1291.2,1171.13,1243.28,934742.0059,0.017681623598823245,0.1179469652738731,34.01775750812672,1249.7257142857143,1460.0495238095239
2022-11-15,1243.29,1291.0,1234.01,1253.23,632825.568,0.007971169901038475,0.10384791028564332,34.28303582646346,1238.0771428571427,1450.2157142857145
2022-11-16,1253.22,1268.67,1187.06,1216.17,673339.7215,-0.030017642122180853,0.06872136161745805,35.065191819143365,1254.282857142857,1433.5523809523809
2022-11-17,1216.16,1228.22,1181.05,1200.43,530537.3488,-0.013026750462845106,0.018608359275155646,33.71045629250024,1240.1614285714288,1418.6180952380953
2022-11-18,1200.42,1234.0,1199.18,1212.58,360218.5337,0.01007049509316885,0.020316090673614354,26.332851447846835,1229.2042857142858,1402.3404761904762
2022-11-19,1212.58,1235.0,1197.67,1217.67,209789.5888,0.004188875582935169,0.01937505293407558,27.269900152159664,1223.55,1383.2033333333334
2022-11-20,1217.67,1227.07,1132.65,1142.21,531108.7607,-0.06397421437289094,0.028911563810299912,26.77126720020935,1212.2242857142858,1361.8590476190475
2022-11-21,1142.21,1146.99,1079.76,1107.34,922647.9454,-0.031004239269978077,0.027054915852261115,25.79584375196991,1192.804285714286,1339.6995238095237
2022-11-22,1107.34,1146.13,1075.0,1139.6,748884.5791,0.02871658066714913,0.031031604022397095,37.001665001664996,1176.5714285714287,1318.8004761904763
2022-11-23,1139.59,1190.0,1127.75,1184.52,636927.1594,0.038660305594043654,0.03550246551039586,57.255646434717804,1172.05,1302.9042857142856
2022-11-24,1184.52,1217.71,1180.6,1203.73,486080.6123,0.016087440010925196,0.035939566971004686,37.632348753527154,1172.5214285714285,1287.3195238095238
2022-11-25,1203.72,1207.77,1171.2,1199.3,391430.1658,-0.0036870159910469204,0.035697447133716725,38.18291657911327,1170.6242857142859,1266.1061904761905
2022-11-26,1199.29,1235.66,1196.2,1205.6,379840.8116,0.005239315074610342,0.03572790124969396,42.72514718724471,1168.9,1246.040476190476
2022-11-27,1205.61,1223.33,1188.65,1193.88,286386.7986,-0.009768860923016917,0.023791327572330698,45.82867502643905,1176.2814285714285,1228.2114285714285
2022-11-28,1193.88,1199.25,1151.02,1167.77,478795.6093,-0.02211256020017287,0.0216031314378769,38.73892683508815,1184.9142857142856,1209.1480952380953
2022-11-29,1167.77,1228.37,1158.27,1216.49,512143.5861,0.04087371569654329,0.023946166241858267,45.088760560367874,1195.8985714285714,1203.5157142857142
2022-11-30,1216.49,1309.77,1212.5,1294.46,815679.2717,0.06212395686716445,0.029689834756541935,59.433666706832135,1211.6042857142857,1212.6457142857143
2022-12-01,1294.46,1299.9,1262.77,1276.41,430018.7391,-0.014042169844776358,0.03125609848675577,59.10463499976034,1221.9871428571428,1211.5566666666668
2022-12-02,1276.4,1297.18,1265.24,1295.59,371559.585,0.014914739927744848,0.03084774059036434,59.782224421975535,1235.7428571428572,1211.857142857143
2022-12-03,1295.58,1309.0,1236.26,1240.51,347148.2588,-0.0434436044707897,0.03720442890777342,52.407860335666676,1240.73,1211.06
2022-12-04,1240.5,1287.19,1240.1,1279.41,324129.5466,0.030876448784335594,0.03784935421814679,65.67211916293522,1252.9485714285713,1213.8180952380953
2022-12-05,1279.4,1305.11,1246.61,1259.41,391628.5166,-0.015755676837173074,0.037020889172022856,67.9815537424619,1266.0400000000002,1214.5861904761905
2022-12-06,1259.41,1274.76,1241.56,1271.32,301631.839,0.009412373448134082,0.034590219042421134,66.36273291925467,1273.8728571428571,1215.447619047619
2022-12-07,1271.31,1278.69,1218.01,1231.18,398559.5166,-0.032082671682039744,0.02666957873647198,55.865935834255275,1264.8328571428572,1216.162380952381
2022-12-08,1231.18,1292.58,1222.01,1280.18,406653.5447,0.03902763394865509,0.031493906580071715,58.94131131435524,1265.3714285714286,1219.96
2022-12-09,1280.18,1296.64,1250.0,1263.1,406008.0032,-0.01343167624696493,0.031140152927990578,57.24736459469284,1260.73,1222.3657142857144
2022-12-10,1263.11,1283.61,1259.6,1266.35,182278.6396,0.0025697300112286145,0.025719443595215778,56.94905172611014,1264.4214285714286,1224.6838095238095
2022-12-11,1266.35,1284.75,1255.85,1263.01,180494.902,-0.002640985815637715,0.0225813302519848,58.06218365871293,1262.0785714285716,1230.4361904761904
2022-12-12,1263.0,1278.9,1240.03,1275.4,363750.5481,0.009762093905650984,0.022013609806662476,62.96715741789356,1264.362857142857,1238.4390476190476
2022-12-13,1275.41,1349.0,1255.1,1320.69,659393.8825,0.03489447239766374,0.025337743193727585,62.65853540016523,1271.4157142857143,1247.0623809523809
2022-12-14,1320.69,1352.72,1301.0,1307.44,554465.5717,-0.010083300494032527,0.020879709270204164,51.87107190220838,1282.31,1252.9157142857143
2022-12-15,1307.45,1311.14,1259.27,1266.54,390051.2447,-0.03178225373876851,0.020825878742750947,48.665169998106606,1280.3614285714284,1255.9066666666665
2022-12-16,1266.53,1280.06,1155.32,1166.83,751422.2779,-0.08199810303572418,0.03711268723279731,35.700959488272915,1266.6085714285714,1254.3604761904762
2022-12-17,1166.82,1190.03,1161.92,1187.16,328881.6281,0.017273230112821638,0.03842315691294346,43.57986955161377,1255.2957142857142,1253.482380952381
2022-12-18,1187.16,1199.54,1170.32,1183.06,252260.144,-0.0034595979186281527,0.0384010174451345,37.34534660747589,1243.8742857142859,1252.967142857143
2022-12-19,1183.06,1195.0,1150.51,1167.82,296832.7228,-0.01296553928147506,0.037465993036448375,37.81821083712392,1228.5057142857142,1252.969523809524
2022-12-20,1167.82,1230.47,1163.12,1216.94,465184.1943,0.041200748287920794,0.03884837176994584,43.41869584160336,1213.6842857142858,1252.9909523809524
2022-12-21,1216.95,1223.39,1203.02,1213.78,245723.8377,-0.002600054124051634,0.039002541049093564,47.687154402381964,1200.3042857142857,1249.1490476190475
2022-12-22,1213.78,1237.99,1182.54,1217.71,336761.6598,0.0032325885956782634,0.03807013195763015,40.566009242200025,1193.3285714285714,1246.3538095238096
2022-12-23,1217.72,1231.99,1210.0,1219.99,278604.2882,0.0018706162898215746,0.0178563480609542,43.18505169306652,1200.922857142857,1242.7538095238094
2022-12-24,1219.98,1227.99,1214.69,1220.41,123701.5301,0.000344205871288915,0.01726942978300379,42.67211127416581,1205.672857142857,1241.7966666666666
2022-12-25,1220.42,1225.0,1193.18,1218.51,231652.0612,-0.0015580670004475847,0.017148051549889055,42.86904685597079,1210.7371428571428,1238.8966666666668
2022-12-26,1218.52,1231.09,1211.67,1228.11,162723.0857,0.007847601399340806,0.015385919492052785,42.35358794424861,1219.3500000000001,1237.4061904761904
2022-12-27,1228.12,1233.73,1200.58,1211.55,262437.6398,-0.013575870686164657,0.006662448805451532,30.545454545454575,1218.58,1234.5600000000002
2022-12-28,1211.55,1215.78,1181.06,1190.15,367828.8914,-0.017821181974358467,0.009352017662946844,29.68300710202672,1215.2042857142858,1232.6061904761905
2022-12-29,1190.15,1206.57,1186.77,1200.49,249130.4869,0.008650457182000732,0.010127371872859373,37.204076097485405,1212.7442857142858,1228.8114285714287
2022-12-30,1200.48,1202.15,1181.08,1199.99,266014.2115,-0.00041658335602117456,0.010016668428448753,60.43554884189326,1209.8871428571426,1225.8061904761905
2022-12-31,1199.98,1208.46,1191.66,1196.13,139379.2811,-0.003221878152229308,0.009946571086877784,53.149357488940396,1206.4185714285716,1222.462380952381
2023-01-01,1196.13,1204.67,1190.57,1200.34,117762.0685,0.0035135047223095435,0.010238548231465795,56.06230704462532,1203.8228571428572,1219.4780952380952
2023-01-02,1200.33,1224.29,1193.0,1214.0,252794.14,0.011315842641327302,0.0108673816651175,66.38285795373922,1201.8071428571427,1216.5542857142857
2023-01-03,1213.99,1219.89,1204.93,1214.55,205519.4944,0.00045294518078942554,0.009510550244797427,48.70628992096995,1202.2357142857143,1211.5
2023-01-04,1214.56,1272.6,1212.71,1256.9,457799.6648,0.03427473413055879,0.012749791720023967,66.38795986622083,1211.7714285714285,1209.0933333333332
2023-01-05,1256.91,1259.95,1242.81,1251.24,272805.33,-0.004513312341289764,0.01354846874527605,62.57783779728413,1219.0214285714287,1208.364761904762
2023-01-06,1251.25,1276.7,1236.0,1269.14,342344.2023,0.01420444612878775,0.013536689221479737,66.50325700087305,1228.8999999999999,1213.2366666666667
2023-01-07,1269.13,1271.09,1261.3,1264.07,129474.2884,-0.004002831798053262,0.013647392240532815,64.2159416514717,1238.6057142857142,1216.8990476190477
2023-01-08,1264.06,1296.0,1257.77,1290.16,213636.7848,0.020429567752023686,0.014228151821153327,70.15471167369904,1251.4371428571428,1221.9990476190476
2023-01-09,1290.15,1344.91,1285.44,1320.39,581727.6968,0.02316090581551178,0.015048595579620069,73.25839298316366,1266.6357142857144,1229.2642857142857
2023-01-10,1320.4,1347.69,1316.8,1335.62,459660.2307,0.011468456012886432,0.014191280334573468,81.48185739659984,1283.9314285714286,1234.9157142857143
2023-01-11,1335.63,1398.0,1321.04,1389.39,472465.9556,0.039469198380846296,0.015527046339867422,93.42254380611972,1302.8585714285714,1243.2780952380951
2023-01-12,1389.4,1438.0,1361.92,1415.92,877712.4492,0.018914694600993435,0.01313202274711205,93.85611335043356,1326.3842857142859,1252.7166666666667
2023-01-13,1415.91,1464.0,1401.03,1451.2,499377.8649,0.02461130387837389,0.013263580641937871,94.79653339990722,1352.392857142857,1263.7266666666667
2023-01-14,1451.21,1599.98,1449.14,1549.9,940691.7774,0.06579961234213291,0.018255537342678638,97.14042054206747,1393.2257142857143,1279.4166666666667
2023-01-15,1549.91,1566.66,1516.03,1552.52,387832.7138,0.0016890044693156662,0.020922175857137917,97.12825179316984,1430.7057142857143,1295.3219047619048
2023-01-16,1552.52,1604.5,1521.31,1576.94,574622.8953,0.015606843142374753,0.02131098741183817,97.20863683662846,1467.3557142857142,1311.9328571428573
2023-01-17,1576.94,1609.0,1541.15,1565.57,506771.7219,-0.007236285399048734,0.024306103181862233,94.40817772379933,1500.2057142857143,1328.7909523809524
2023-01-18,1565.56,1610.0,1501.39,1511.43,752534.8857,-0.0351937523795323,0.031139101695592288,81.2682735067934,1517.64,1344.0900000000001
2023-01-19,1511.44,1564.43,1509.15,1551.09,308679.4645,0.025901687036221963,0.03150647999098168,83.99582775900771,1536.9500000000003,1360.7852380952381
2023-01-20,1551.09,1669.9,1542.02,1658.52,440570.9974,0.06696772883159907,0.03758365933107664,86.69657330267272,1566.5671428571427,1382.6200000000001
2023-01-21,1658.53,1679.26,1616.21,1626.66,494248.6009,-0.019396805593906385,0.03350472622626041,82.52920172967544,1577.532857142857,1403.1214285714286
2023-01-22,1626.65,1663.89,1604.0,1627.44,431729.6909,0.0004793952336671706,0.03353921591247857,81.69805646404272,1588.2357142857143,1423.459523809524
2023-01-23,1627.43,1648.09,1585.29,1626.29,407267.1156,-0.0007068810552112466,0.033386251915353035,80.41118224837953,1595.2857142857142,1443.092380952381
2023-01-24,1626.28,1641.46,1535.0,1555.97,462275.3243,-0.04420220164166934,0.038121668878553776,69.74356217407669,1593.9142857142856,1459.3504761904762
2023-01-25,1555.97,1641.0,1518.0,1611.94,646474.9166,0.035339277183372556,0.036839938202782675,69.8623779519126,1608.2728571428572,1476.257142857143
2023-01-26,1611.95,1632.84,1577.43,1601.09,532777.8466,-0.006753775247761214,0.0364375193789836,67.00211183546045,1615.4157142857143,1492.9166666666667
2023-01-27,1601.08,1621.0,1552.54,1597.62,512093.3875,-0.0021696254810138083,0.023909723075481504,64.27819167609313,1606.7157142857143,1508.5585714285714
2023-01-28,1597.61,1606.83,1555.99,1572.1,313675.6574,-0.01610271660394524,0.02361768440457752,52.52525252525251,1598.9214285714284,1523.2266666666667
2023-01-29,1572.1,1660.0,1566.33,1644.72,551767.9134,0.04515785174820973,0.030375736752149822,59.047020959258965,1601.3899999999999,1540.1104761904762
2023-01-30,1644.73,1647.53,1535.0,1566.2,595055.3281,-0.0489178536288406,0.03592123891185713,49.04729801653479,1592.8057142857142,1551.8157142857144
2023-01-31,1566.21,1605.18,1561.63,1585.33,348856.6751,0.012140284216281837,0.03185419005600818,51.729025935389025,1597.0,1563.706666666667
2023-02-01,1585.32,1647.77,1555.18,1641.68,474617.1709,0.03492752019938955,0.031784112034386,61.35313703955511,1601.2485714285715,1575.7204761904763
2023-02-02,1641.67,1714.68,1626.85,1643.12,629188.8874,0.0008767657648843299,0.0315392853594606,58.594348256476344,1607.252857142857,1586.5395238095239
2023-02-03,1643.12,1676.0,1625.93,1663.52,464815.032,0.012338965732266772,0.03156584745437386,50.5575627815692,1616.6671428571428,1596.65
2023-02-04,1663.52,1695.29,1645.43,1666.38,308227.1295,0.0017177697247712745,0.030196294413702078,54.735562020124945,1630.1357142857144,1602.196666666667
2023-02-05,1666.39,1673.81,1609.3,1629.02,413579.6748,-0.02267500195691283,0.027133181606979934,50.173260812351955,1627.892857142857,1605.8395238095236
2023-02-06,1629.01,1658.56,1605.01,1614.29,384119.4197,-0.009083375488667503,0.018208464230117526,48.72215359713763,1634.7628571428572,1607.618095238095
